Date,NVDA,AMD,TSLA,AMZN,META,NFLX,COST,UNH,BA,KO
2015-01-02,0.48242297768592834,2.6700000762939453,14.620667457580566,15.425999641418457,77.76707458496094,4.984857082366943,113.81517028808594,83.35273742675781,113.65721893310547,29.39026641845703
2015-01-05,0.47427472472190857,2.6600000858306885,14.005999565124512,15.10949993133545,76.51805114746094,4.731142997741699,112.52117919921875,81.97978210449219,112.87005615234375,29.39026641845703
2015-01-06,0.4598955810070038,2.630000114440918,14.085332870483398,14.76449966430664,75.48710632324219,4.650143146514893,114.00808715820312,81.8143539428711,111.5406265258789,29.61343765258789
2015-01-07,0.4586973786354065,2.5799999237060547,14.063332557678223,14.920999526977539,75.48710632324219,4.674285888671875,115.99321746826172,82.64969635009766,113.27237701416016,29.98309326171875
2015-01-08,0.4759523570537567,2.609999895095825,14.041333198547363,15.02299976348877,77.49943542480469,4.7779998779296875,116.98987579345703,86.59484100341797,115.27526092529297,30.345760345458984
2015-01-09,0.4778696298599243,2.630000114440918,13.77733325958252,14.846500396728516,77.06327056884766,4.704143047332764,115.18951416015625,85.78431701660156,115.04786682128906,30.010974884033203
2015-01-12,0.4718782901763916,2.630000114440918,13.480667114257812,14.570500373840332,76.0521469116211,4.554714202880859,114.5465316772461,84.81664276123047,114.46186828613281,29.73898696899414
2015-01-13,0.47115930914878845,2.6600000858306885,13.616666793823242,14.737000465393066,75.78450012207031,4.625570774078369,113.39722442626953,85.24671173095703,114.7242431640625,29.73200225830078
2015-01-14,0.4730764925479889,2.630000114440918,12.845999717712402,14.66349983215332,75.61598205566406,4.631999969482422,111.96658325195312,85.46176147460938,114.03329467773438,29.68318748474121
2015-01-15,0.4697214365005493,2.5199999809265137,12.791333198547363,14.34749984741211,73.40538787841797,4.625143051147461,111.96658325195312,86.39633178710938,113.8233871459961,29.55763816833496
2015-01-16,0.4783489406108856,2.390000104904175,12.871333122253418,14.536999702453613,74.52554321289062,4.819142818450928,112.2961196899414,87.47979736328125,114.3831558227539,29.662260055541992
2015-01-20,0.47978684306144714,2.240000009536743,12.795332908630371,14.472000122070312,75.5763168334961,4.9828572273254395,112.02286529541016,87.35577392578125,114.76798248291016,30.101642608642578
2015-01-21,0.4864971339702606,2.450000047683716,13.104666709899902,14.862500190734863,76.07197570800781,5.846857070922852,111.83000183105469,90.41594696044922,115.80879974365234,30.241153717041016
2015-01-22,0.49488505721092224,2.4700000286102295,13.441332817077637,15.515999794006348,76.97404479980469,6.120571136474609,113.54194641113281,94.16259002685547,118.63381958007812,30.534069061279297
2015-01-23,0.49632319808006287,2.450000047683716,13.419333457946777,15.619500160217285,77.15248107910156,6.249429225921631,114.16881561279297,92.63252258300781,117.74170684814453,30.20627212524414
2015-01-26,0.49416589736938477,2.609999895095825,13.770000457763672,15.482999801635742,76.82535552978516,6.379428863525391,114.8600082397461,92.30994415283203,117.26068115234375,29.990074157714844
2015-01-27,0.4704403579235077,2.700000047683716,13.732000350952148,15.337499618530273,75.12032318115234,6.488142967224121,113.31690216064453,90.98661041259766,115.8700180053711,29.564611434936523
2015-01-28,0.4627714455127716,2.630000114440918,13.291333198547363,15.195500373840332,75.5763168334961,6.320857048034668,112.21576690673828,89.70464324951172,122.1323013305664,29.23682403564453
2015-01-29,0.4740351140499115,2.609999895095825,13.680000305175781,15.58899974822998,77.32100677490234,6.340000152587891,113.0355453491211,90.47382354736328,129.2517547607422,29.36236572265625
2015-01-30,0.46013522148132324,2.569999933242798,13.573332786560059,17.726499557495117,75.24919891357422,6.311429023742676,114.92428588867188,87.87680053710938,127.14388275146484,28.7137508392334
2015-02-02,0.47020065784454346,2.6700000762939453,14.062666893005371,18.223499298095703,74.33719635009766,6.301000118255615,117.34351348876953,88.73696899414062,127.92227935791016,29.00666618347168
2015-02-03,0.48194369673728943,2.759999990463257,14.557332992553711,18.177499771118164,74.7436294555664,6.527429103851318,123.5723648071289,89.16703033447266,128.86691284179688,29.03457260131836
2015-02-04,0.48314204812049866,2.8499999046325684,14.569999694824219,18.237499237060547,74.97163391113281,6.41014289855957,125.31642150878906,89.2580337524414,128.76194763183594,29.069438934326172
2015-02-05,0.491050660610199,3.309999942779541,14.732666969299316,18.694499969482422,74.95182037353516,6.413000106811523,123.7968521118164,90.0024185180664,129.96896362304688,29.146163940429688
2015-02-06,0.4888935983181,3.0299999713897705,14.490667343139648,18.714000701904297,73.82172393798828,6.3480000495910645,123.4730453491211,88.9933853149414,129.44415283203125,28.909029006958008
2015-02-09,0.4884144067764282,3.0399999618530273,14.498666763305664,18.527999877929688,73.7919921875,6.329570770263672,122.50987243652344,88.07530212402344,129.07684326171875,28.75558853149414
2015-02-10,0.5020744800567627,3.0399999618530273,14.419333457946777,18.649999618530273,74.53546142578125,6.485000133514404,123.07449340820312,90.12647247314453,129.47915649414062,29.57159996032715
2015-02-11,0.49871933460235596,3.069999933242798,14.186667442321777,18.756999969482422,75.84397888183594,6.498428821563721,122.7374267578125,90.85426330566406,130.17437744140625,29.55067253112793
2015-02-12,0.5344277620315552,3.119999885559082,13.525333404541016,18.85849952697754,75.56640625,6.52471399307251,122.98707580566406,90.84600830078125,130.323974609375,29.41118812561035
2015-02-13,0.534667432308197,3.1500000953674316,13.584667205810547,19.09149932861328,75.08065795898438,6.658570766448975,122.43772888183594,90.51519012451172,131.76724243164062,29.285642623901367
2015-02-17,0.5363451242446899,3.109999895095825,13.623332977294922,18.771499633789062,74.94189453125,6.713714122772217,122.7956771850586,90.77983093261719,131.9344024658203,29.160112380981445
2015-02-18,0.5301142334938049,3.0799999237060547,13.630666732788086,18.668500900268555,76.042236328125,6.786571025848389,122.54595947265625,90.7881088256836,133.0344696044922,29.104307174682617
2015-02-19,0.5315521359443665,3.059999942779541,14.11400032043457,18.950000762939453,78.7286376953125,6.78000020980835,122.07987976074219,91.00313568115234,135.30491638183594,29.36934471130371
2015-02-20,0.5353865623474121,3.059999942779541,14.473999977111816,19.183000564575195,79.2044677734375,6.8314290046691895,122.80399322509766,93.14530181884766,139.31788635253906,29.271703720092773
2015-02-23,0.531072735786438,3.059999942779541,13.822667121887207,19.006999969482422,78.15367126464844,6.740571022033691,123.51145935058594,96.27165985107422,136.17617797851562,29.188011169433594
2015-02-24,0.5367262363433838,3.109999895095825,13.607333183288574,18.929500579833984,77.76707458496094,6.783999919891357,123.3615951538086,95.4693603515625,135.85934448242188,29.38328742980957
2015-02-25,0.5326364636421204,3.0999999046325684,13.583999633789062,19.26849937438965,78.86741638183594,6.833285808563232,122.75402069091797,94.32799530029297,134.65371704101562,29.32749366760254
2015-02-26,0.534079909324646,3.0799999237060547,13.812666893005371,19.239999771118164,79.71002960205078,6.900428771972656,122.06315612792969,94.00543212890625,133.5272674560547,29.61343765258789
2015-02-27,0.5307117700576782,3.109999895095825,13.555999755859375,19.007999420166016,78.28256225585938,6.78442907333374,122.32123565673828,93.9806137084961,132.75289916992188,30.199304580688477
2015-03-02,0.543703019618988,3.2100000381469727,13.155332565307617,19.283000946044922,79.05577087402344,6.860713958740234,123.13691711425781,94.61746978759766,135.3489532470703,30.12955093383789
2015-03-03,0.5335988998413086,3.140000104904175,13.303999900817871,19.230499267578125,78.90705108642578,6.781570911407471,122.6624755859375,93.34374237060547,136.9066162109375,29.955188751220703
2015-03-04,0.5396133065223694,3.049999952316284,13.496000289916992,19.13599967956543,80.19574737548828,6.710999965667725,122.49600982666016,94.13776397705078,135.83302307128906,29.641340255737305
2015-03-05,0.5499581694602966,2.9800000190734863,13.375332832336426,19.39150047302246,80.50305938720703,6.680714130401611,125.82539367675781,94.94003295898438,135.93858337402344,29.57159996032715
2015-03-06,0.5425002574920654,2.9200000762939453,12.925333023071289,19.004499435424805,79.3134994506836,6.487429141998291,124.46863555908203,93.36031341552734,134.7505340576172,28.957853317260742
2015-03-09,0.5439435243606567,2.930000066757202,12.725333213806152,18.92799949645996,78.74845886230469,6.366143226623535,125.41748046875,95.031005859375,136.18499755859375,28.867176055908203
2015-03-10,0.5533260703086853,2.9200000762939453,12.687999725341797,18.475500106811523,76.87492370605469,6.215143203735352,123.31999969482422,93.01293182373047,134.13450622558594,28.37896728515625
2015-03-11,0.5504391193389893,2.8399999141693115,12.916000366210938,18.318500518798828,76.89474487304688,6.288428783416748,122.68741607666016,93.53988647460938,133.0344696044922,27.96747589111328
2015-03-12,0.5453871488571167,2.759999990463257,12.73799991607666,18.711999893188477,78.24290466308594,6.404571056365967,124.38545227050781,95.33235168457031,133.80010986328125,28.530057907104492
2015-03-13,0.5461086630821228,2.75,12.578666687011719,18.52899932861328,77.37057495117188,6.262856960296631,124.2522201538086,95.63939666748047,133.38645935058594,28.065937042236328
2015-03-16,0.5526044368743896,2.759999990463257,13.046667098999023,18.667499542236328,77.39038848876953,6.028142929077148,124.84324645996094,98.35296630859375,135.2345733642578,28.33316421508789
2015-03-17,0.5593405365943909,2.7699999809265137,12.982000350952148,18.59600067138672,78.66915130615234,5.978857040405273,124.87652587890625,97.58955383300781,135.97377014160156,28.48786735534668
2015-03-18,0.5501985549926758,2.75,13.380666732788086,18.756999969482422,80.20567321777344,6.0445709228515625,125.62557983398438,99.54795837402344,137.04742431640625,28.551158905029297
2015-03-19,0.5586186647415161,2.740000009536743,13.043333053588867,18.66200065612793,82.02965545654297,6.074429035186768,125.94190979003906,100.21184539794922,135.62176513671875,28.143291473388672
2015-03-20,0.5646331310272217,2.799999952316284,13.20533275604248,18.92449951171875,83.07051086425781,6.118570804595947,127.0073471069336,98.86750793457031,135.96495056152344,28.586328506469727
2015-03-23,0.5463494062423706,2.8399999141693115,13.308667182922363,18.75550079345703,83.69501495361328,6.0714287757873535,127.29032135009766,98.78450775146484,134.4777374267578,28.56522560119629
2015-03-24,0.538891613483429,2.7899999618530273,13.447999954223633,18.704500198364258,84.56736755371094,6.261143207550049,127.46511840820312,98.02107238769531,133.45689392089844,28.45975112915039
2015-03-25,0.5061730742454529,2.630000114440918,12.953332901000977,18.54800033569336,82.19816589355469,6.025000095367432,125.75884246826172,96.70990753173828,130.4471893310547,28.4456787109375
2015-03-26,0.504489004611969,2.6500000953674316,12.694000244140625,18.36750030517578,82.28739166259766,5.975142955780029,124.90145874023438,96.46925354003906,130.3943328857422,28.375349044799805
2015-03-27,0.5143526196479797,2.7200000286102295,12.333333015441895,18.527999877929688,82.57487487792969,5.925285816192627,125.24273681640625,97.92979431152344,130.99282836914062,28.185483932495117
2015-03-30,0.5165179371833801,2.700000047683716,12.704667091369629,18.72949981689453,82.47574615478516,6.03671407699585,126.82418823242188,100.41100311279297,134.38088989257812,28.48786735534668
2015-03-31,0.5035266876220703,2.680000066757202,12.584667205810547,18.604999542236328,81.50426483154297,5.952713966369629,126.10004425048828,98.162109375,132.0752410888672,28.5159969329834
2015-04-01,0.5054513216018677,2.690000057220459,12.505999565124512,18.51300048828125,80.95903778076172,5.901713848114014,125.05134582519531,97.4650650024414,130.80799865722656,28.607419967651367
2015-04-02,0.5066540241241455,2.690000057220459,12.733332633972168,18.612499237060547,80.85001373291016,5.91542911529541,126.20829010009766,97.3903579711914,131.37118530273438,28.607419967651367
2015-04-06,0.5213295221328735,2.700000047683716,13.539999961853027,18.851999282836914,81.72234344482422,6.0329999923706055,126.93242645263672,97.67252349853516,132.82325744628906,28.952003479003906
2015-04-07,0.5259003639221191,2.700000047683716,13.550000190734863,18.720500946044922,81.60338592529297,6.049428939819336,126.33313751220703,97.382080078125,134.04649353027344,28.839481353759766
2015-04-08,0.5297495722770691,2.7100000381469727,13.844667434692383,19.059999465942383,81.5637435913086,6.304999828338623,126.51624298095703,98.07913970947266,134.9617156982422,28.755096435546875
2015-04-09,0.5420190691947937,2.7200000286102295,14.005999565124512,19.177000045776367,81.45469665527344,6.278571128845215,123.86106872558594,98.3779067993164,135.01455688476562,28.867616653442383
2015-04-10,0.5475522875785828,2.759999990463257,14.0600004196167,19.13249969482422,81.32583618164062,6.493856906890869,124.5519027709961,98.7513198852539,135.85934448242188,28.748065948486328
2015-04-13,0.5425002574920654,2.7799999713897705,13.985333442687988,19.118000030517578,82.28739166259766,6.7811431884765625,124.03580474853516,99.058349609375,134.85614013671875,28.621479034423828
2015-04-14,0.5379290580749512,2.6700000762939453,13.830666542053223,19.25550079345703,82.7929458618164,6.838714122772217,124.45201873779297,99.51477813720703,134.8297882080078,28.48786735534668
2015-04-15,0.5444245338439941,2.700000047683716,13.85533332824707,19.172500610351562,81.99000549316406,6.792285919189453,124.07745361328125,97.35716247558594,134.14334106445312,28.410505294799805
2015-04-16,0.541056752204895,2.869999885559082,13.779999732971191,19.302000045776367,81.5934829711914,8.02928638458252,122.446044921875,100.90892028808594,133.73849487304688,28.551158905029297
2015-04-17,0.534079909324646,2.5799999237060547,13.78600025177002,18.777999877929688,80.07679748535156,8.164999961853027,120.3318862915039,98.51066589355469,131.65280151367188,28.340187072753906
2015-04-20,0.5314337611198425,2.490000009536743,13.684666633605957,19.475500106811523,82.36668395996094,8.105570793151855,121.78018951416016,98.40279388427734,134.35452270507812,28.593360900878906
2015-04-21,0.5307117700576782,2.3499999046325684,13.96066665649414,19.55900001525879,82.89207458496094,8.006285667419434,122.63748931884766,98.98365783691406,134.935302734375,28.67774200439453
2015-04-22,0.5367262363433838,2.2799999713897705,14.629332542419434,19.489999771118164,83.89328002929688,7.966856956481934,122.33787536621094,97.76380157470703,133.0520477294922,29.050458908081055
2015-04-23,0.5345610976219177,2.3299999237060547,14.573332786560059,19.499500274658203,81.6926040649414,7.986570835113525,122.60420227050781,98.1372299194336,131.89039611816406,28.797285079956055
2015-04-24,0.5299901962280273,2.299999952316284,14.562000274658203,22.2549991607666,80.82027435302734,7.977142810821533,123.2867660522461,98.49407196044922,130.5968017578125,28.755096435546875
2015-04-27,0.534079909324646,2.3399999141693115,15.436667442321777,21.92799949645996,81.19696044921875,8.086856842041016,122.32123565673828,96.4609375,130.06878662109375,28.712900161743164
2015-04-28,0.5367262363433838,2.309999942779541,15.36533260345459,21.465499877929688,79.9776840209961,8.043713569641113,122.02983856201172,97.58122253417969,129.81353759765625,28.670705795288086
2015-04-29,0.5326364636421204,2.2799999713897705,15.49666690826416,21.4685001373291,79.76949310302734,8.040714263916016,120.56932830810547,94.27845764160156,128.61671447753906,28.473804473876953
2015-04-30,0.534079909324646,2.259999990463257,15.069999694824219,21.089000701904297,78.08430480957031,7.949999809265137,119.3924789428711,92.44450378417969,126.1438217163086,28.523029327392578
2015-05-01,0.5473117232322693,2.309999942779541,15.0686674118042,21.14349937438965,78.30237579345703,7.957571029663086,121.34551239013672,93.93824005126953,127.31427764892578,28.7691593170166
2015-05-04,0.5439435243606567,2.309999942779541,15.36733341217041,21.152000427246094,78.12393951416016,7.927143096923828,121.64596557617188,95.06678009033203,126.74226379394531,28.8043270111084
2015-05-05,0.5299901962280273,2.2799999713897705,15.529999732971191,21.059499740600586,76.88483428955078,8.079285621643066,120.60270690917969,94.07929992675781,125.7654037475586,28.656641006469727
2015-05-06,0.5316741466522217,2.2899999618530273,15.362000465393066,20.954999923706055,77.42013549804688,8.00771427154541,120.82801818847656,94.17889404296875,124.91515350341797,28.593360900878906
2015-05-07,0.541056752204895,2.319999933242798,15.786666870117188,21.3439998626709,77.74725341796875,8.074856758117676,120.65275573730469,95.2328109741211,125.31373596191406,28.621479034423828
2015-05-08,0.501120924949646,2.309999942779541,15.77400016784668,21.684499740600586,77.8265609741211,8.208571434020996,121.75448608398438,95.99622344970703,128.82980346679688,28.818395614624023
2015-05-11,0.4963093400001526,2.319999933242798,15.965999603271484,21.642499923706055,77.3309097290039,8.427857398986816,120.4107894897461,95.24107360839844,129.21067810058594,28.790260314941406
2015-05-12,0.501120924949646,2.3499999046325684,16.31599998474121,21.551000595092773,76.78568267822266,8.337714195251465,120.24378204345703,95.13318634033203,128.80322265625,28.61444854736328
2015-05-13,0.5040076971054077,2.369999885559082,16.211999893188477,21.3435001373291,77.75717163085938,8.287285804748535,119.55109405517578,96.14561462402344,128.9715118408203,28.867616653442383
2015-05-14,0.5121873617172241,2.3299999237060547,16.273332595825195,21.61400032043457,80.66167449951172,8.383570671081543,119.01692962646484,98.36128997802734,131.0439910888672,29.18406867980957
2015-05-15,0.5124280452728271,2.319999933242798,16.589332580566406,21.299999237060547,79.71993255615234,8.760713577270508,120.87808227539062,99.02517700195312,130.0874786376953,29.198139190673828
2015-05-18,0.5117062330245972,2.3499999046325684,16.583332061767578,21.261999130249023,80.1759262084961,8.826713562011719,121.07005310058594,99.41520690917969,129.93692016601562,29.05748748779297
2015-05-19,0.5085160136222839,2.2799999713897705,16.47599983215332,21.085500717163086,79.9281005859375,8.806857109069824,120.80299377441406,100.03760528564453,130.23802185058594,29.050458908081055
2015-05-20,0.5085160136222839,2.319999933242798,16.290000915527344,21.19300079345703,79.84882354736328,8.878999710083008,119.75971984863281,100.61015319824219,129.6800537109375,29.078588485717773
2015-05-21,0.5048906803131104,2.2799999713897705,16.374666213989258,21.581499099731445,79.7794189453125,8.900285720825195,120.13528442382812,99.96288299560547,130.5037384033203,28.99419403076172
2015-05-22,0.5041655898094177,2.2799999713897705,16.51533317565918,21.381500244140625,79.83889770507812,8.883856773376465,119.91824340820312,99.24092864990234,128.254150390625,28.980125427246094
2015-05-26,0.501023530960083,2.2200000286102295,16.497333526611328,21.273500442504883,78.6394271850586,8.799285888671875,119.55939483642578,98.12064361572266,126.47393035888672,28.82541847229004
2015-05-27,0.5278512835502625,2.2799999713897705,16.495332717895508,21.570999145507812,79.84882354736328,8.985713958740234,121.3705825805664,99.12472534179688,126.65106201171875,28.91683578491211
2015-05-28,0.5351017713546753,2.2699999809265137,16.76333236694336,21.328500747680664,79.45228576660156,8.950714111328125,120.40241241455078,99.26579284667969,126.05768585205078,28.930910110473633
2015-05-29,0.5348602533340454,2.2799999713897705,16.719999313354492,21.46150016784668,78.5006332397461,8.915143013000488,119.00856018066406,99.75542449951172,124.45460510253906,28.8043270111084
2015-06-01,0.5409024953842163,2.25,16.6299991607666,21.54599952697754,79.591064453125,8.900285720825195,118.84163665771484,99.46499633789062,125.10115814208984,28.790260314941406
2015-06-02,0.5302681922912598,2.299999952316284,16.55666732788086,21.54949951171875,79.7397689819336,8.913000106811523,118.01533508300781,97.71401977539062,126.87248992919922,28.82541847229004
2015-06-03,0.5244677662849426,2.2799999713897705,16.599332809448242,21.829500198364258,81.72234344482422,8.880857467651367,118.62468719482422,98.2119140625,127.36846923828125,28.741029739379883
2015-06-04,0.5338936448097229,2.3299999237060547,16.39466667175293,21.538999557495117,81.33574676513672,8.934857368469238,117.38938903808594,96.8011703491211,125.0479965209961,28.54412269592285
2015-06-05,0.5380022525787354,2.3299999237060547,16.609333038330078,21.34749984741211,81.42496490478516,9.045999526977539,115.82864379882812,96.70160675048828,124.64060974121094,28.199541091918945
2015-06-08,0.5256761908531189,2.309999942779541,17.086000442504883,21.174999237060547,79.96775817871094,8.960429191589355,115.21939849853516,97.01693725585938,124.56087493896484,28.24173927307129
2015-06-09,0.5283345580101013,2.2899999618530273,17.066667556762695,21.27400016784668,79.96775817871094,9.244999885559082,115.21101379394531,97.08332061767578,124.08264923095703,28.269865036010742
2015-06-10,0.5189087986946106,2.319999933242798,16.713333129882812,21.53849983215332,81.44479370117188,9.587142944335938,116.37117767333984,98.3779067993164,125.42881774902344,28.361286163330078
2015-06-11,0.5244677662849426,2.319999933242798,16.76066780090332,21.648500442504883,81.11766052246094,9.509428977966309,116.27935791015625,99.43627166748047,126.61565399169922,28.43218421936035
2015-06-12,0.510208010673523,2.309999942779541,16.71266746520996,21.496000289916992,80.82027435302734,9.44185733795166,115.82864379882812,98.04454803466797,126.47393035888672,28.332923889160156
2015-06-15,0.5092410445213318,2.319999933242798,16.691999435424805,21.183500289916992,80.00740814208984,9.343143463134766,114.53499603271484,99.15290069580078,126.02222442626953,28.07059669494629
2015-06-16,0.5155250430107117,2.3499999046325684,16.874666213989258,21.363000869750977,80.35436248779297,9.5272855758667,115.16094207763672,101.29462432861328,126.06652069091797,28.41800880432129
2015-06-17,0.5215673446655273,2.4700000286102295,17.360666275024414,21.390499114990234,81.07801055908203,9.427143096923828,115.91213989257812,99.78624725341797,127.03191375732422,28.552722930908203
2015-06-18,0.5302681922912598,2.5199999809265137,17.459333419799805,21.969499588012695,82.18826293945312,9.474286079406738,117.26419830322266,100.74462890625,128.7589569091797,28.822166442871094
2015-06-19,0.528576135635376,2.5799999237060547,17.500667572021484,21.746000289916992,81.791748046875,9.3871431350708,117.09732818603516,100.27792358398438,128.5375518798828,28.64488983154297
2015-06-22,0.5264010429382324,2.619999885559082,17.319332122802734,21.81450080871582,84.0023193359375,9.64142894744873,117.00547790527344,100.21128845214844,129.04238891601562,28.70162010192871
2015-06-23,0.5128663778305054,2.609999895095825,17.844667434692383,22.29949951171875,87.114990234375,9.73128604888916,116.5547866821289,102.28632354736328,127.91754913330078,28.63071632385254
2015-06-24,0.5077909827232361,2.619999885559082,17.67799949645996,22.04199981689453,88.08645629882812,9.694429397583008,115.4614486694336,99.31123352050781,126.65106201171875,28.49600601196289
2015-06-25,0.5116581320762634,2.5799999237060547,17.91933250427246,22.0049991607666,87.2141342163086,9.489143371582031,114.71859741210938,101.94464111328125,126.1639633178711,28.375465393066406
2015-06-26,0.5012651681900024,2.4700000286102295,17.805999755859375,21.905000686645508,87.24385833740234,9.308856964111328,115.22771453857422,102.71134185791016,126.19052124023438,28.361291885375977
2015-06-29,0.486280620098114,2.3399999141693115,17.468000411987305,21.493000030517578,85.05310821533203,9.223142623901367,113.24967956542969,100.99463653564453,122.86925506591797,27.935871124267578
2015-06-30,0.4860388934612274,2.4000000953674316,17.884000778198242,21.704500198364258,85.02336120605469,9.384857177734375,112.72389221191406,101.66966247558594,122.86038970947266,27.815324783325195
2015-07-01,0.49304789304733276,2.4200000762939453,17.94333267211914,21.86949920654297,86.1534423828125,9.363571166992188,113.91738891601562,102.8197021484375,124.64060974121094,28.00676727294922
2015-07-02,0.49353131651878357,2.5299999713897705,18.667999267578125,21.885499954223633,86.5301284790039,9.40442943572998,113.83393096923828,101.51130676269531,124.18004608154297,27.999683380126953
2015-07-06,0.4874889552593231,2.4700000286102295,18.648000717163086,21.802000045776367,86.7878646850586,9.45714282989502,113.40827941894531,101.80298614501953,124.45460510253906,27.950044631958008
2015-07-07,0.4783046245574951,2.0899999141693115,17.858667373657227,21.836000442504883,86.46073913574219,9.409143447875977,117.26419830322266,100.58628845214844,126.78389739990234,28.53854751586914
2015-07-08,0.4749210774898529,2.009999990463257,16.997333526611328,21.485000610351562,84.90441131591797,9.350713729858398,116.76345825195312,98.98624420166016,125.69454193115234,28.26201820373535
2015-07-09,0.469120591878891,1.9800000190734863,17.19466781616211,21.719499588012695,85.13240814208984,9.572713851928711,116.38784790039062,99.4529037475586,126.47393035888672,28.304569244384766
2015-07-10,0.47733810544013977,1.9600000381469727,17.27666664123535,22.175500869750977,87.18438720703125,9.722857475280762,119.11705780029297,101.79463958740234,127.96184539794922,28.6378116607666
2015-07-13,0.4804799556732178,1.9600000381469727,17.477333068847656,22.778499603271484,89.315673828125,10.10871410369873,120.23543548583984,102.04464721679688,129.85719299316406,28.829242706298828
2015-07-14,0.48072150349617004,2.049999952316284,17.709999084472656,23.278499603271484,88.89932250976562,10.037142753601074,120.126953125,104.16970825195312,130.85800170898438,29.19085121154785
2015-07-15,0.47733810544013977,1.9600000381469727,17.542667388916016,23.059499740600586,88.9786376953125,9.812999725341797,119.87660217285156,104.88639831542969,130.09632873535156,29.16248893737793
2015-07-16,0.48797228932380676,1.8700000047683716,17.778667449951172,23.77400016784668,90.05913543701172,11.581000328063965,120.46086120605469,104.11139678955078,131.5133819580078,29.410655975341797
2015-07-17,0.4850720167160034,1.7899999618530273,18.310667037963867,24.15049934387207,94.1432876586914,11.47700023651123,120.75293731689453,103.21136474609375,130.0520477294922,29.24757957458496
2015-07-20,0.4761296808719635,1.7999999523162842,18.817333221435547,24.405000686645508,97.05767822265625,11.055000305175781,121.05333709716797,102.21133422851562,129.94577026367188,29.339752197265625
2015-07-21,0.4783046245574951,1.7999999523162842,17.784666061401367,24.399999618530273,97.53350067138672,11.25100040435791,120.96993255615234,100.7196273803711,128.4224090576172,29.205032348632812
2015-07-22,0.469120591878891,1.7899999618530273,17.857999801635742,24.41349983215332,96.19525909423828,11.149999618530273,122.17179870605469,100.51129913330078,129.7243194580078,28.999418258666992
2015-07-23,0.4749210774898529,1.7599999904632568,17.81333351135254,24.108999252319336,94.60918426513672,11.010000228881836,121.52084350585938,99.44459533691406,129.405517578125,28.956872940063477
2015-07-24,0.4693622589111328,1.6699999570846558,17.694000244140625,26.47100067138672,96.10604858398438,10.934000015258789,121.01175689697266,98.28621673583984,127.58989715576172,28.673267364501953
2015-07-27,0.46670374274253845,1.6200000047683716,16.867332458496094,26.570499420166016,93.3502426147461,10.642999649047852,120.39401245117188,98.23621368408203,124.90629577636719,28.74416160583496
2015-07-28,0.4768546223640442,1.7699999809265137,17.654666900634766,26.30150032043457,94.46048736572266,10.6899995803833,120.64441680908203,101.26964569091797,125.59709930419922,28.751251220703125
2015-07-29,0.48265525698661804,1.9600000381469727,17.58799934387207,26.450000762939453,96.14569091796875,10.708000183105469,121.33718872070312,101.26964569091797,127.66072082519531,28.77961540222168
2015-07-30,0.4838636517524719,1.9299999475479126,17.785999298095703,26.83799934387207,94.38118743896484,11.156000137329102,121.27037048339844,100.46961212158203,126.6598892211914,28.758338928222656
2015-07-31,0.482171893119812,1.9299999475479126,17.74333381652832,26.8075008392334,93.19161987304688,11.430999755859375,121.27037048339844,101.16961669921875,127.68732452392578,29.127050399780273
2015-08-03,0.4903891980648041,2.200000047683716,17.332666397094727,26.75149917602539,93.32050323486328,11.255999565124512,121.45407104492188,100.74462890625,127.26219177246094,29.45319366455078
2015-08-04,0.4923226833343506,2.130000114440918,17.75200080871582,26.594999313354492,93.2411880493164,12.114999771118164,120.8864517211914,100.70295715332031,127.12930297851562,29.67298698425293
2015-08-05,0.49739837646484375,2.1600000858306885,18.0086669921875,26.850500106811523,95.60047912597656,12.371000289916992,122.59748077392578,103.26970672607422,129.1971893310547,29.864439010620117
2015-08-06,0.4942564070224762,2.109999895095825,16.408666610717773,26.472999572753906,94.29196166992188,12.645000457763672,122.22185516357422,101.7030029296875,128.19003295898438,29.722627639770508
2015-08-07,0.5554039478302002,2.0899999141693115,16.167333602905273,26.131000518798828,93.4791030883789,12.35200023651123,121.23698425292969,101.51963806152344,126.94214630126953,29.61627960205078
2015-08-10,0.5747392773628235,1.9299999475479126,16.076000213623047,26.200000762939453,93.33041381835938,12.303000450134277,122.06324768066406,102.06965637207031,130.0082550048828,29.55246353149414
2015-08-11,0.5718392133712769,1.899999976158142,15.824666976928711,26.37299919128418,92.8050308227539,12.27400016784668,121.76282501220703,101.8863296508789,128.39501953125,29.410655975341797
2015-08-12,0.5732887983322144,1.899999976158142,15.878000259399414,26.295499801635742,93.37007141113281,12.050999641418457,122.59972381591797,101.00296020507812,126.95106506347656,29.254671096801758
2015-08-13,0.5684553384780884,1.7899999618530273,16.167333602905273,26.482999801635742,92.61668395996094,12.373000144958496,121.57868957519531,100.43627166748047,129.0724639892578,29.141220092773438
2015-08-14,0.5689385533332825,1.840000033378601,16.209999084472656,26.576000213623047,93.5980453491211,12.33899974822998,122.26497650146484,100.85297393798828,129.32199096679688,29.24757957458496
2015-08-17,0.5653131604194641,1.7999999523162842,16.999332427978516,26.76099967956543,93.11231994628906,12.53600025177002,122.26497650146484,103.18635559082031,128.7426300048828,29.318483352661133
2015-08-18,0.5601678490638733,1.7999999523162842,17.381332397460938,26.750999450683594,94.3415298461914,12.404999732971191,121.88001251220703,104.58642578125,128.88523864746094,29.28302001953125
2015-08-19,0.5579832792282104,1.7999999523162842,17.016666412353516,26.645999908447266,94.48031616210938,12.206000328063965,121.49501037597656,102.68634796142578,127.20953369140625,28.914335250854492
2015-08-20,0.5378386974334717,1.7000000476837158,16.14533233642578,25.788999557495117,89.77165985107422,11.24899959564209,120.27313232421875,99.82793426513672,122.1290283203125,28.751251220703125
2015-08-21,0.5210919380187988,1.7799999713897705,15.38466739654541,24.723499298095703,85.31082916259766,10.395999908447266,116.32286834716797,96.90282440185547,117.3960952758789,28.02803611755371
2015-08-24,0.5026465058326721,1.75,14.591333389282227,23.168500900268555,81.37539672851562,9.687999725341797,111.2846450805664,92.02770233154297,113.36730194091797,27.212650299072266
2015-08-25,0.4922099709510803,1.659999966621399,14.66866683959961,23.318500518798828,82.27748107910156,10.152000427246094,111.06706237792969,91.65267944335938,111.8520736694336,26.93613052368164
2015-08-26,0.529343843460083,1.7200000286102295,14.989333152770996,25.03849983215332,86.43099212646484,11.012999534606934,115.62823486328125,94.55277252197266,115.28366088867188,27.46082305908203
2015-08-27,0.5492458939552307,1.7799999713897705,16.19933319091797,25.918500900268555,88.94889068603516,11.765999794006348,117.34392547607422,98.14453125,117.53868865966797,27.843698501586914
2015-08-28,0.5516731142997742,1.850000023841858,16.565332412719727,25.90049934387207,90.21774291992188,11.762999534606934,117.12627410888672,97.73619842529297,118.75981903076172,27.971311569213867
2015-08-31,0.5456053614616394,1.809999942779541,16.604000091552734,25.644500732421875,88.65149688720703,11.503000259399414,117.21000671386719,96.41948699951172,116.47801971435547,27.8791446685791
2015-09-01,0.523276150226593,1.7100000381469727,15.908666610717773,24.82699966430664,86.47065734863281,10.579000473022461,115.74542236328125,93.86109161376953,113.59014892578125,27.474992752075195
2015-09-02,0.5390523076057434,1.7699999809265137,16.512666702270508,25.52750015258789,89.10749053955078,10.543999671936035,117.51966094970703,95.19447326660156,116.4334716796875,27.58135414123535
2015-09-03,0.5405086278915405,1.7899999618530273,16.3713321685791,25.236000061035156,87.38265228271484,10.105999946594238,117.56986999511719,94.99445343017578,116.78107452392578,27.765695571899414
2015-09-04,0.527887761592865,1.8200000524520874,16.1286678314209,24.950000762939453,87.49169158935547,9.878999710083008,115.89604187011719,93.6360855102539,115.65801239013672,27.311920166015625
2015-09-08,0.5504595637321472,1.8799999952316284,16.544666290283203,25.87700080871582,88.75062561035156,9.494999885559082,118.36497497558594,96.74449157714844,119.2767562866211,27.58135414123535
2015-09-09,0.5395378470420837,1.850000023841858,16.5939998626709,25.844499588012695,89.6527099609375,9.918000221252441,116.90036010742188,96.3176498413086,118.23393249511719,27.155929565429688
2015-09-10,0.5480324029922485,1.840000033378601,16.565332412719727,26.11199951171875,91.17930603027344,9.947999954223633,117.1765365600586,97.73212432861328,119.0361328125,27.241025924682617
2015-09-11,0.549731433391571,2.009999990463257,16.682666778564453,26.472000122070312,91.24869537353516,9.75100040435791,118.04695129394531,99.34747314453125,120.03440856933594,27.26961898803711
2015-09-14,0.5507022142410278,1.8200000524520874,16.87933349609375,26.069000244140625,91.50643157958984,9.569000244140625,118.13058471679688,98.59420776367188,119.82046508789062,27.2481689453125
2015-09-15,0.556769847869873,1.8600000143051147,16.904666900634766,26.118499755859375,92.09130096435547,9.916000366210938,119.20184326171875,100.46060943603516,121.48726654052734,27.53423500061035
2015-09-16,0.5606532692909241,1.8899999856948853,17.483333587646484,26.36949920654297,92.6364974975586,10.407999992370605,120.18938446044922,101.39801025390625,122.2894287109375,27.999095916748047
2015-09-17,0.565750241279602,1.8899999856948853,17.471332550048828,26.943500518798828,93.51876068115234,10.420999526977539,119.97185516357422,103.16401672363281,122.51228332519531,28.163585662841797
2015-09-18,0.5652648210525513,1.8700000047683716,17.374666213989258,27.01300048828125,93.57823944091797,10.26200008392334,118.68295288085938,102.50281524658203,121.30007934570312,27.877519607543945
2015-09-21,0.5710896253585815,1.809999942779541,17.613332748413086,27.41950035095215,94.71824645996094,10.029999732971191,119.85465240478516,103.733154296875,121.2376708984375,28.027706146240234
2015-09-22,0.5555563569068909,1.7300000190734863,17.395999908447266,26.920000076293945,92.15076446533203,9.847000122070312,119.38593292236328,102.88780975341797,119.42831420898438,27.74163055419922
2015-09-23,0.5582263469696045,1.7000000476837158,17.40399932861328,26.803499221801758,93.15196990966797,9.807000160217285,121.71260070800781,103.1807632446289,117.36043548583984,27.72018051147461
2015-09-24,0.568905234336853,1.7200000286102295,17.541332244873047,26.6875,93.58815002441406,10.37600040435791,121.24393463134766,101.3478012084961,115.64909362792969,27.999095916748047
2015-09-25,0.5730314254760742,1.7100000381469727,17.12733268737793,26.212499618530273,91.96241760253906,10.223999977111816,121.81306457519531,97.3973159790039,116.77214050292969,28.335235595703125
2015-09-28,0.5655072331428528,1.659999966621399,16.562000274658203,25.202999114990234,88.43341064453125,9.946999549865723,120.13921356201172,94.32567596435547,114.20515441894531,28.2708683013916
2015-09-29,0.575458288192749,1.6699999570846558,16.44333267211914,24.803499221801758,85.91552734375,9.835000038146973,120.2814712524414,95.59788513183594,114.75777435302734,28.36383819580078
2015-09-30,0.5982728004455566,1.7200000286102295,16.559999465942383,25.594499588012695,89.11741638183594,10.326000213623047,120.99285125732422,97.09603881835938,116.71868133544922,28.69281768798828
2015-10-01,0.5866228938102722,1.7400000095367432,15.991999626159668,26.035999298095703,90.15827941894531,10.597999572753906,120.9844741821289,97.59819793701172,116.41561889648438,28.463970184326172
2015-10-02,0.601913332939148,1.8300000429153442,16.504667282104492,26.62700080871582,91.26852416992188,10.611000061035156,122.07246398925781,99.45626831054688,118.15369415283203,28.885921478271484
2015-10-05,0.6169613599777222,1.7999999523162842,16.40999984741211,27.18400001525879,93.19161987304688,11.125,123.922119140625,100.14259338378906,119.4550552368164,29.329317092895508
2015-10-06,0.6249704360961914,1.8300000429153442,16.097333908081055,26.874000549316406,91.99215698242188,10.833000183105469,124.20661926269531,97.12955474853516,119.99874114990234,29.293560028076172
2015-10-07,0.631523609161377,1.8600000143051147,15.46399974822998,27.097000122070312,91.59565734863281,10.8100004196167,123.83000946044922,97.44754791259766,122.1290283203125,29.694068908691406
2015-10-08,0.6351643800735474,1.9299999475479126,15.114666938781738,26.658000946044922,91.66502380371094,11.493000030517578,126.9266128540039,97.15461730957031,123.92948913574219,30.023046493530273
2015-10-09,0.6327372193336487,1.9600000381469727,14.712667465209961,26.989999771118164,92.4283218383789,11.333000183105469,128.85987854003906,99.82453155517578,124.51774597167969,30.051658630371094
2015-10-12,0.6395330429077148,1.8700000047683716,14.371999740600586,27.50950050354004,93.43944549560547,11.345000267028809,128.5753173828125,102.53627014160156,125.3912582397461,30.03736114501953
2015-10-13,0.6407464146614075,1.9199999570846558,14.616666793823242,27.44499969482422,93.3006820678711,10.972999572753906,127.44544982910156,103.77497863769531,125.04364013671875,29.787036895751953
2015-10-14,0.664046585559845,1.9500000476837158,14.458666801452637,27.241500854492188,93.25111389160156,11.02299976348877,125.40338134765625,102.16801452636719,119.63330078125,29.808496475219727
2015-10-15,0.6657454371452332,1.9700000286102295,14.753999710083008,28.121999740600586,95.1246566772461,10.109000205993652,127.01864624023438,100.57777404785156,122.45880889892578,29.980133056640625
2015-10-16,0.6761817932128906,1.940000057220459,15.133999824523926,28.538000106811523,96.69091033935547,9.89900016784668,127.26136779785156,100.41879272460938,122.64599609375,30.051658630371094
2015-10-19,0.6749682426452637,2.009999990463257,15.206666946411133,28.657499313354492,97.61280822753906,10.168999671936035,128.23220825195312,101.04650115966797,123.37686157226562,30.03019142150879
2015-10-20,0.6739975810050964,2.0199999809265137,14.20199966430664,28.04400062561035,96.15560150146484,9.89900016784668,129.35362243652344,100.78703308105469,123.786865234375,30.244752883911133
2015-10-21,0.6652596592903137,2.0999999046325684,14.005999565124512,27.78849983215332,96.26464080810547,9.795999526977539,129.8976287841797,98.8536605834961,125.84581756591797,30.173227310180664
2015-10-22,0.6892879605293274,2.140000104904175,14.114666938781738,28.195499420166016,98.80235290527344,9.732000350952148,132.35821533203125,95.25473022460938,130.40940856933594,30.924161911010742
2015-10-23,0.693899393081665,2.2100000381469727,13.939332962036133,29.951499938964844,101.30043029785156,10.003999710083008,130.34124755859375,97.02069854736328,130.7570343017578,30.60232925415039
2015-10-26,0.6907441020011902,2.1500000953674316,14.350666999816895,30.430500030517578,102.86666107177734,10.303999900817871,131.16976928710938,97.53124237060547,130.7570343017578,30.459314346313477
2015-10-27,0.690258800983429,2.1500000953674316,14.023332595825195,30.550500869750977,102.79727935791016,10.307000160217285,132.0317840576172,99.90825653076172,132.32574462890625,30.473613739013672
2015-10-28,0.6958410143852234,2.180000066757202,14.197333335876465,30.854999542236328,103.29291534423828,10.579999923706055,132.0317840576172,100.25138092041016,131.80877685546875,30.559429168701172
2015-10-29,0.6718129515647888,2.130000114440918,14.108667373657227,31.327499389648438,103.96700286865234,10.51200008392334,132.46694946289062,100.19276428222656,131.18484497070312,30.60232925415039
2015-10-30,0.6885598301887512,2.119999885559082,13.795332908630371,31.295000076293945,101.08233642578125,10.838000297546387,132.3330535888672,98.57745361328125,131.97813415527344,30.287649154663086
2015-11-02,0.6965689659118652,2.190000057220459,14.252667427062988,31.417499542236328,102.41067504882812,10.763999938964844,133.19509887695312,99.3390884399414,132.27227783203125,30.20899772644043
2015-11-03,0.691714882850647,2.2799999713897705,13.890000343322754,31.265499114990234,101.6870346069336,10.973999977111816,132.90216064453125,98.47700500488281,131.99594116210938,30.151775360107422
2015-11-04,0.6803078055381775,2.200000047683716,15.442000389099121,32.04750061035156,103.03520202636719,11.404999732971191,131.52122497558594,95.94939422607422,132.90174865722656,30.015901565551758
2015-11-05,0.6725411415100098,2.200000047683716,15.451333045959473,32.782501220703125,107.813232421875,11.350000381469727,130.78477478027344,97.28018188476562,132.70443725585938,30.273365020751953
2015-11-06,0.7657407522201538,2.1500000953674316,15.490667343139648,32.96849822998047,106.16767883300781,11.406000137329102,131.85604858398438,96.09168243408203,132.6775665283203,30.008731842041016
2015-11-09,0.7623428702354431,2.109999895095825,15.022000312805176,32.77450180053711,105.56299591064453,10.986000061035156,129.85577392578125,95.63135528564453,130.91976928710938,29.70836639404297
2015-11-10,0.7477802634239197,2.0199999809265137,14.433333396911621,32.98400115966797,106.97063446044922,11.270000457763672,131.24026489257812,96.99559783935547,130.17538452148438,29.872873306274414
2015-11-11,0.7404991388320923,2.069999933242798,14.60533332824707,33.662498474121094,108.06105041503906,11.28600025177002,131.2234649658203,95.86569213867188,130.03189086914062,30.065956115722656
2015-11-12,0.737829327583313,2.0,14.196000099182129,33.279998779296875,107.07966613769531,10.892000198364258,130.896240234375,94.4261245727539,127.83462524414062,29.736995697021484
2015-11-13,0.7232670187950134,1.9900000095367432,13.812666893005371,32.11750030517578,103.04509735107422,10.364999771118164,128.94122314453125,93.24601745605469,127.87950897216797,29.593944549560547
2015-11-16,0.737829327583313,1.9900000095367432,14.287332534790039,32.390499114990234,103.13430786132812,11.135000228881836,131.27381896972656,95.26306915283203,129.52072143554688,30.008731842041016
2015-11-17,0.737829327583313,1.9800000190734863,14.266667366027832,32.165000915527344,104.21482849121094,11.710000038146973,133.3211669921875,95.74015045166016,131.0094451904297,29.801332473754883
2015-11-18,0.755979597568512,2.119999885559082,14.73799991607666,33.176998138427734,106.83185577392578,12.062999725341797,135.30142211914062,98.13388061523438,132.98248291015625,30.237598419189453
2015-11-19,0.7581722736358643,2.140000104904175,14.786666870117188,33.063499450683594,105.33499908447266,12.022000312805176,136.6271514892578,92.59317779541016,133.8434295654297,30.831193923950195
2015-11-20,0.7647502422332764,2.2200000286102295,14.667332649230957,33.42250061035156,106.3857650756836,12.383999824523926,136.85369873046875,94.55167388916016,133.98692321777344,30.34488296508789
2015-11-23,0.7532997131347656,2.2200000286102295,14.516667366027832,33.949501037597656,106.01897430419922,12.503000259399414,137.1473846435547,93.87371826171875,133.03623962402344,30.723915100097656
2015-11-24,0.7593905925750732,2.3399999141693115,14.550000190734863,33.557498931884766,104.81951904296875,12.331000328063965,136.09014892578125,94.73580169677734,133.31430053710938,31.00999641418457
2015-11-25,0.758415937423706,2.380000114440918,15.309332847595215,33.766998291015625,104.49239349365234,12.416000366210938,136.25799560546875,95.75689697265625,132.22015380859375,31.00999641418457
2015-11-27,0.7647502422332764,2.3299999237060547,15.440667152404785,33.66299819946289,104.53204345703125,12.543999671936035,137.25643920898438,95.69830322265625,131.78965759277344,31.096471786499023
2015-11-30,0.7727899551391602,2.359999895095825,15.350666999816895,33.2400016784668,103.33257293701172,12.333000183105469,135.44406127929688,94.33406066894531,130.44444274902344,30.714523315429688
2015-12-01,0.7978837490081787,2.3399999141693115,15.812666893005371,33.952999114990234,106.18751525878906,12.536999702453613,135.33499145507812,97.30528259277344,132.4981689453125,30.909099578857422
2015-12-02,0.791793167591095,2.2699999809265137,15.465999603271484,33.800498962402344,105.14664459228516,12.892999649047852,135.1671600341797,98.88554382324219,131.79864501953125,30.822616577148438
2015-12-03,0.7900878190994263,2.2300000190734863,15.513999938964844,33.3125,103.47135162353516,12.680999755859375,137.33197021484375,96.66645050048828,130.5430908203125,30.599214553833008
2015-12-04,0.8222466111183167,2.2799999713897705,15.358667373657227,33.63199996948242,105.25569152832031,13.093000411987305,139.9582977294922,98.96964263916016,133.17977905273438,31.19736671447754
2015-12-07,0.8066543340682983,2.359999895095825,15.408666610717773,33.49150085449219,104.6906509399414,12.53600025177002,140.22682189941406,97.43135070800781,133.13490295410156,31.132505416870117
2015-12-08,0.817617654800415,2.390000104904175,15.114666938781738,33.86650085449219,105.56299591064453,12.697999954223633,141.69522094726562,97.40613555908203,130.03189086914062,30.995561599731445
2015-12-09,0.7969093322753906,2.3499999046325684,14.968000411987305,33.239498138427734,103.689453125,12.420000076293945,134.01760864257812,96.70848083496094,129.35926818847656,30.743356704711914
2015-12-10,0.803487241268158,2.450000047683716,15.137999534606934,33.11600112915039,104.50228881835938,12.291000366210938,135.81324768066406,97.68354797363281,131.30535888671875,30.81540870666504
2015-12-11,0.7915494441986084,2.359999895095825,14.468000411987305,32.00749969482422,101.23103332519531,11.890999794006348,134.2693328857422,97.49022674560547,129.70004272460938,30.46228790283203
2015-12-14,0.7934985160827637,2.3399999141693115,14.571999549865723,32.89550018310547,103.7489242553711,12.067000389099121,135.7964630126953,97.38093566894531,128.24716186523438,30.592010498046875
2015-12-15,0.8032435774803162,2.359999895095825,14.739333152770996,32.93199920654297,103.63988494873047,11.859999656677246,135.33499145507812,98.8603515625,131.41302490234375,31.03881072998047
2015-12-16,0.80811607837677,2.5399999618530273,15.633999824523926,33.78850173950195,105.8603744506836,12.263999938964844,136.5684356689453,99.88584899902344,132.83001708984375,31.593717575073242
2015-12-17,0.795934796333313,2.559999942779541,15.559332847595215,33.532501220703125,105.29534149169922,12.25100040435791,134.8231201171875,100.21369171142578,130.5430908203125,31.341503143310547
2015-12-18,0.7830225825309753,2.450000047683716,15.36400032043457,33.207000732421875,103.13430786132812,11.802000045776367,132.32269287109375,97.355712890625,125.18000030517578,30.628040313720703
2015-12-21,0.8015380501747131,2.5299999713897705,15.503999710083008,33.22549819946289,103.85796356201172,11.663000106811523,133.7406768798828,98.6922378540039,126.36380767822266,30.829818725585938
2015-12-22,0.8022691011428833,2.7699999809265137,15.329999923706055,33.157501220703125,104.59151458740234,11.62399959564209,135.28463745117188,98.71746826171875,127.691162109375,31.19736671447754
2015-12-23,0.8054363131523132,2.8299999237060547,15.313332557678223,33.185001373291016,103.71916198730469,11.815999984741211,135.6873779296875,99.7681655883789,129.1978302001953,31.471200942993164
2015-12-24,0.80811607837677,2.9200000762939453,15.371333122253418,33.13949966430664,104.10578155517578,11.732999801635742,135.72097778320312,99.47396087646484,128.72250366210938,31.377517700195312
2015-12-28,0.8073851466178894,3.0,15.263333320617676,33.7599983215332,105.00786590576172,11.711000442504883,135.2259063720703,99.46556091308594,129.62832641601562,31.341503143310547
2015-12-29,0.8205413818359375,3.0,15.812666893005371,34.69850158691406,106.32628631591797,11.911999702453613,136.4844970703125,100.71803283691406,132.14840698242188,31.50003433227539
2015-12-30,0.8134757876396179,2.9800000190734863,15.87266731262207,34.45349884033203,105.29534149169922,11.670999526977539,136.52647399902344,99.96150207519531,131.30535888671875,31.399145126342773
2015-12-31,0.8029998540878296,2.869999885559082,16.000667572021484,33.794498443603516,103.7489242553711,11.437999725341797,135.51116943359375,98.88554382324219,129.67315673828125,30.959537506103516
2016-01-04,0.7886257767677307,2.7699999809265137,14.894000053405762,31.84950065612793,101.33015441894531,10.996000289916992,133.86659240722656,97.89369201660156,126.0051040649414,30.555967330932617
2016-01-05,0.8012944459915161,2.75,14.895333290100098,31.68950080871582,101.83572387695312,10.765999794006348,134.19383239746094,98.07860565185547,126.51632690429688,30.66407012939453
2016-01-06,0.7681611776351929,2.509999990463257,14.602666854858398,31.63249969482422,102.07363891601562,11.767999649047852,132.95201110839844,97.07833099365234,124.50738525390625,30.498306274414062
2016-01-07,0.7377076148986816,2.2799999713897705,14.376667022705078,30.39699935913086,97.06758117675781,11.456000328063965,129.9061279296875,94.2203598022461,119.28783416748047,29.993854522705078
2016-01-08,0.7218716740608215,2.140000104904175,14.066666603088379,30.352500915527344,96.48274230957031,11.138999938964844,127.63221740722656,92.59800720214844,116.57939910888672,29.914583206176758
2016-01-11,0.7230898141860962,2.3399999141693115,13.856666564941406,30.886999130249023,96.66117095947266,11.496999740600586,129.82225036621094,92.11048889160156,116.77669525146484,29.965049743652344
2016-01-12,0.7352713346481323,2.390000104904175,13.998000144958496,30.894500732421875,98.50496673583984,11.657999992370605,130.9465789794922,94.36327362060547,118.31025695800781,30.354190826416016
2016-01-13,0.7128573060035706,2.25,13.354000091552734,29.090499877929688,94.60918426513672,10.656000137329102,127.64057922363281,91.8163070678711,114.90231323242188,30.159595489501953
2016-01-14,0.6984832882881165,2.2100000381469727,13.745332717895508,29.649999618530273,97.51367950439453,10.706000328063965,128.53009033203125,93.10240173339844,115.87088775634766,30.181222915649414
2016-01-15,0.6604771018028259,2.0299999713897705,13.666000366210938,28.509000778198242,94.1432876586914,10.404000282287598,126.18902587890625,91.84993743896484,112.66919708251953,29.907379150390625
2016-01-19,0.6658370494842529,1.9500000476837158,13.64799976348877,28.724000930786133,94.43074798583984,10.788999557495117,126.25617218017578,94.63224029541016,113.05482482910156,30.210052490234375
2016-01-20,0.6694916486740112,1.7999999523162842,13.24666690826416,28.588499069213867,93.5286636352539,10.77400016784668,124.87165832519531,96.48993682861328,109.53925323486328,29.82090187072754
2016-01-21,0.6772875785827637,2.0899999141693115,13.33133316040039,28.750999450683594,93.34032440185547,10.234999656677246,126.18064880371094,95.40557861328125,110.66925811767578,29.828109741210938
2016-01-22,0.6931235790252686,2.0199999809265137,13.50333309173584,29.819000244140625,97.0874252319336,10.071999549865723,128.95791625976562,96.10326385498047,111.75442504882812,30.310943603515625
2016-01-25,0.6923925280570984,2.119999885559082,13.092000007629395,29.826499938964844,96.16551208496094,9.911999702453613,126.51630401611328,95.30470275878906,111.21632385253906,30.383012771606445
2016-01-26,0.6992141604423523,2.069999933242798,12.904000282287598,30.0625,96.49263763427734,9.782999992370605,124.60315704345703,95.79222869873047,114.80365753173828,30.32535743713379
2016-01-27,0.6909307241439819,2.130000114440918,12.538000106811523,29.167499542236328,93.62779998779297,9.114999771118164,123.95709228515625,94.42208862304688,104.55284881591797,30.33255958557129
2016-01-28,0.6833783984184265,2.0799999237060547,12.646666526794434,31.767499923706055,108.1601791381836,9.440999984741211,125.51771545410156,93.6235580444336,105.83533477783203,30.678478240966797
2016-01-29,0.7135883569717407,2.200000047683716,12.74666690826416,29.350000381469727,111.23319244384766,9.184000015258789,126.80152130126953,96.80091857910156,107.73662567138672,30.93070411682129
2016-02-01,0.7138319611549377,2.140000104904175,13.129332542419434,28.74049949645996,114.08811950683594,9.409000396728516,126.91058349609375,97.41455078125,109.01908874511719,30.98836898803711
2016-02-02,0.6836219429969788,1.9900000095367432,12.185333251953125,27.604999542236328,113.6123046875,9.14900016784668,124.60315704345703,95.7249755859375,105.3958740234375,30.58479881286621
2016-02-03,0.6870328783988953,2.069999933242798,11.565333366394043,26.553499221801758,111.70901489257812,9.074000358581543,123.0927734375,94.77513122558594,109.2970962524414,30.786582946777344
2016-02-04,0.687276303768158,2.0899999141693115,11.688667297363281,26.812999725341797,109.52818298339844,8.970999717712402,120.22317504882812,95.99395751953125,110.85758209228516,30.649654388427734
2016-02-05,0.6439106464385986,1.9800000190734863,10.84000015258789,25.10650062561035,103.16407775878906,8.279000282287598,120.81891632080078,93.90934753417969,109.9158935546875,30.58479881286621
2016-02-08,0.6144311428070068,1.9299999475479126,9.866000175476074,24.405000686645508,98.88166046142578,8.331999778747559,123.36132049560547,92.48036193847656,107.14469909667969,30.736148834228516
2016-02-09,0.621009349822998,1.899999976158142,9.883333206176758,24.103500366210938,98.67349243164062,8.61299991607666,124.1332778930664,93.43862915039062,106.6155776977539,31.204561233520508
2016-02-10,0.6195479035377502,1.840000033378601,9.57800006866455,24.52400016784668,100.12078857421875,8.845000267028809,124.5623779296875,94.76670837402344,105.32122039794922,30.66407012939453
2016-02-11,0.6163806319236755,1.8600000143051147,10.031332969665527,25.19099998474121,101.02286529541016,8.635000228881836,123.38446807861328,92.98471069335938,98.15257263183594,30.563180923461914
2016-02-12,0.6268565654754639,1.8300000429153442,10.06933307647705,25.354000091552734,101.12198638916016,8.739999771118164,125.0671615600586,93.9933853149414,98.32454681396484,31.06764030456543
2016-02-16,0.657553493976593,1.8300000429153442,10.344667434692383,26.05500030517578,100.7254638671875,8.904999732971191,125.45418548583984,96.79254150390625,101.91791534423828,31.247814178466797
2016-02-17,0.6738770604133606,1.899999976158142,11.245332717895508,26.704999923706055,104.28422546386719,9.47599983215332,126.96862030029297,99.44034576416016,105.30310821533203,31.341503143310547
2016-02-18,0.7318604588508606,1.909999966621399,11.118000030517578,26.25,102.56927490234375,9.048999786376953,125.0671615600586,98.7258529663086,106.41644287109375,31.4279727935791
2016-02-19,0.7416054606437683,1.909999966621399,11.10533332824707,26.7450008392334,103.65969848632812,8.92300033569336,125.10921478271484,98.91918182373047,104.23506927490234,31.54327964782715
2016-02-22,0.7679173350334167,2.009999990463257,11.849332809448242,27.975000381469727,106.2271728515625,9.192999839782715,126.25350952148438,101.93687438964844,106.25350952148438,31.665782928466797
2016-02-23,0.7698664665222168,1.9700000286102295,11.814000129699707,27.64699935913086,104.54194641113281,8.911999702453613,126.50587463378906,101.83599090576172,105.80999755859375,31.485633850097656
2016-02-24,0.7752261757850647,2.0199999809265137,11.933333396911621,27.70199966430664,105.94959259033203,9.16100025177002,129.4590301513672,101.03744506835938,104.624267578125,31.644166946411133
2016-02-25,0.7769317030906677,2.0299999713897705,12.495332717895508,27.75749969482422,107.12923431396484,9.45300006866455,130.1741943359375,101.87801361083984,105.73757934570312,31.824337005615234
2016-02-26,0.7718154788017273,2.069999933242798,12.689332962036133,27.761499404907227,106.98055267333984,9.479000091552734,125.93374633789062,101.9873046875,106.9504623413086,31.089256286621094
2016-02-29,0.766802966594696,2.140000104904175,12.795332908630371,27.625999450683594,105.98925018310547,9.340999603271484,126.22825622558594,100.1128158569336,106.96856689453125,31.082056045532227
2016-03-01,0.8007907867431641,2.180000066757202,12.423333168029785,28.95199966430664,108.864013671875,9.829999923706055,126.64053344726562,102.2730712890625,108.5797119140625,31.485633850097656
2016-03-02,0.8054366707801819,2.319999933242798,12.555999755859375,29.010499954223633,108.99286651611328,9.76099967956543,128.5503692626953,101.93687438964844,108.29911804199219,31.54327964782715
2016-03-03,0.7983455061912537,2.4600000381469727,13.049332618713379,28.874500274658203,108.6260986328125,9.793000221252441,127.54915618896484,102.39918518066406,108.26290893554688,31.680200576782227
2016-03-04,0.7959001660346985,2.369999885559082,13.402667045593262,28.756999969482422,107.44644927978516,10.157999992370605,126.96016693115234,102.3823471069336,109.58439636230469,31.788311004638672
2016-03-07,0.7907655239105225,2.4700000286102295,13.685999870300293,28.139999389648438,104.80960083007812,9.548999786376953,124.6633071899414,102.3487548828125,111.24078369140625,31.71623420715332
2016-03-08,0.7763387560844421,2.299999952316284,13.506667137145996,28.01300048828125,105.00786590576172,9.623000144958496,127.0022964477539,102.26469421386719,110.74297332763672,31.93963623046875
2016-03-09,0.775850236415863,2.259999990463257,13.914667129516602,27.973499298095703,106.57412719726562,9.800000190734863,128.76907348632812,102.21401977539062,111.20459747314453,32.292762756347656
2016-03-10,0.7746274471282959,2.259999990463257,13.678667068481445,27.946500778198242,106.3857650756836,9.736000061035156,128.61773681640625,103.04964447021484,111.2770004272461,32.59544372558594
2016-03-11,0.78783118724823,2.5199999809265137,13.833333015441895,28.480499267578125,108.45756530761719,9.765999794006348,128.48309326171875,105.59020233154297,112.80667877197266,32.82783508300781
2016-03-14,0.789787232875824,2.7200000286102295,14.34333324432373,28.668500900268555,108.93339538574219,9.812999725341797,128.4494171142578,105.69149780273438,114.35444641113281,32.89320755004883
2016-03-15,0.7858752608299255,2.490000009536743,14.555999755859375,28.85099983215332,109.70660400390625,9.78600025177002,129.71986389160156,105.37921142578125,114.37254333496094,32.85689163208008
2016-03-16,0.8093488216400146,2.630000114440918,14.795332908630371,28.713499069213867,111.20346069335938,9.9350004196167,129.61888122558594,105.42141723632812,115.46776580810547,32.718910217285156
2016-03-17,0.802502453327179,2.799999952316284,15.092000007629395,27.972000122070312,110.05355834960938,9.972000122070312,129.43377685546875,105.10912322998047,118.30082702636719,33.2418212890625
2016-03-18,0.8267093896865845,2.930000066757202,15.515999794006348,27.604000091552734,110.47981262207031,10.112000465393066,128.853271484375,106.95759582519531,121.25157928466797,33.11836624145508
2016-03-21,0.8291545510292053,2.799999952316284,15.887999534606934,27.698999404907227,110.87632751464844,10.105999946594238,129.51792907714844,106.9744873046875,122.9713134765625,33.169193267822266
2016-03-22,0.8276873826980591,2.7899999618530273,15.616000175476074,28.02400016784668,111.27284240722656,9.984000205993652,128.07919311523438,108.0548324584961,122.30152893066406,33.04572677612305
2016-03-23,0.8418694138526917,2.680000066757202,14.838666915893555,28.48150062561035,111.56031799316406,9.958999633789062,129.1561279296875,109.5488052368164,120.25592041015625,33.01667404174805
2016-03-24,0.8430917859077454,2.7899999618530273,15.183333396911621,29.147499084472656,112.06587982177734,9.836000442504883,127.40614318847656,108.53594970703125,119.58611297607422,33.10383605957031
2016-03-28,0.851650059223175,2.7799999713897705,15.350666999816895,28.993499755859375,112.7003173828125,10.121000289916992,128.4494171142578,108.81448364257812,118.83485412597656,33.263607025146484
2016-03-29,0.8653430342674255,2.859999895095825,15.342000007629395,29.69300079345703,115.12898254394531,10.413000106811523,130.6285400390625,109.58255767822266,118.46376037597656,33.75748062133789
2016-03-30,0.8743901252746582,2.859999895095825,15.12600040435791,29.934499740600586,113.7015151977539,10.218999862670898,132.59727478027344,109.45594787597656,116.3819351196289,33.83012008666992
2016-03-31,0.8712113499641418,2.8499999046325684,15.317999839782715,29.68199920654297,113.10675811767578,10.222999572753906,132.58045959472656,108.79756927490234,114.89753723144531,33.69212341308594
2016-04-01,0.8839261531829834,2.8299999237060547,15.839332580566406,29.924999237060547,115.04967498779297,10.569999694824219,133.1441650390625,109.65853118896484,114.91564178466797,34.011680603027344
2016-04-04,0.8753679394721985,2.8299999237060547,16.465999603271484,29.659500122070312,111.57025146484375,10.4350004196167,132.7066192626953,109.29558563232422,114.35444641113281,34.05524444580078
2016-04-05,0.8741457462310791,2.759999990463257,17.031333923339844,29.30699920654297,111.24310302734375,10.494000434875488,131.24266052246094,107.22766876220703,114.97898864746094,33.79381561279297
2016-04-06,0.8753679394721985,2.799999952316284,17.69466781616211,30.104000091552734,112.72013854980469,10.482999801635742,131.8990020751953,108.06328582763672,115.79360961914062,33.924530029296875
2016-04-07,0.8663210272789001,2.640000104904175,17.14666748046875,29.571500778198242,112.65074157714844,10.444999694824219,127.91094207763672,107.08419036865234,114.95184326171875,33.67033004760742
2016-04-08,0.8719448447227478,2.740000009536743,16.67133331298828,29.729999542236328,109.66693878173828,10.380999565124512,127.59124755859375,106.07977294921875,115.74835968017578,34.04073715209961
2016-04-11,0.8773242235183716,2.759999990463257,16.661333084106445,29.796499252319336,108.0412368774414,10.267999649047852,125.40369415283203,106.62838745117188,115.77549743652344,33.72843551635742
2016-04-12,0.8763461709022522,2.809999942779541,16.521333694458008,30.15850067138672,109.64712524414062,10.697999954223633,126.64053344726562,107.02510833740234,117.18750762939453,33.88096237182617
2016-04-13,0.8983529210090637,2.799999952316284,16.968666076660156,30.740999221801758,109.54800415039062,10.96500015258789,127.78478240966797,107.83538818359375,118.6990966796875,33.437923431396484
2016-04-14,0.9007977843284607,2.7200000286102295,16.790666580200195,31.037500381469727,109.87511444091797,11.041999816894531,127.38092803955078,108.02106475830078,118.4366226196289,33.285396575927734
2016-04-15,0.9078888893127441,2.700000047683716,16.96733283996582,31.29450035095215,108.6855697631836,11.151000022888184,128.87008666992188,107.47246551513672,118.69003295898438,33.481483459472656
2016-04-18,0.903976559638977,2.759999990463257,16.92533302307129,31.767499923706055,109.488525390625,10.84000015258789,128.97946166992188,107.87757873535156,119.45034790039062,33.56865310668945
2016-04-19,0.8878385424613953,2.619999885559082,16.4913330078125,31.395000457763672,111.31249237060547,9.434000015258789,129.2991943359375,110.14811706542969,120.0929946899414,33.84463882446289
2016-04-20,0.8912616968154907,2.700000047683716,16.6646671295166,31.649499893188477,111.44136810302734,9.677000045776367,128.50833129882812,113.04317474365234,118.18316650390625,32.22504425048828
2016-04-21,0.8902837038040161,2.619999885559082,16.55266761779785,31.549999237060547,112.4524917602539,9.498000144958496,127.39773559570312,112.22445678710938,118.33704376220703,31.709383010864258
2016-04-22,0.8868604898452759,3.990000009536743,16.916667938232422,31.024999618530273,109.59754180908203,9.59000015258789,126.13566589355469,113.21195220947266,118.61763763427734,32.3485107421875
2016-04-25,0.8912616968154907,3.450000047683716,16.788000106811523,31.309999465942383,109.14157104492188,9.355999946594238,127.47347259521484,112.91658020019531,118.3460922241211,32.471961975097656
2016-04-26,0.8919953107833862,3.6600000858306885,16.916000366210938,30.8439998626709,107.813232421875,9.243000030517578,128.3905487060547,113.3048324584961,120.59989166259766,32.34122848510742
2016-04-27,0.9122901558876038,3.7300000190734863,16.764667510986328,30.328500747680664,107.94210815429688,9.104000091552734,128.06983947753906,112.08938598632812,124.0755844116211,32.45018768310547
2016-04-28,0.8851487636566162,3.609999895095825,16.513999938964844,30.100000381469727,115.71385192871094,9.027999877929688,127.79141235351562,111.47322082519531,122.01187896728516,32.41386795043945
2016-04-29,0.8687663078308105,3.549999952316284,16.05066680908203,32.97949981689453,116.55646514892578,9.003000259399414,124.99828338623047,111.14405059814453,122.01187896728516,32.53733444213867
2016-05-02,0.8802585601806641,3.740000009536743,16.1200008392334,34.192501068115234,117.537841796875,9.310999870300293,127.36103820800781,111.4985580444336,121.29681396484375,32.668067932128906
2016-05-03,0.8697442412376404,3.5999999046325684,15.48799991607666,33.566001892089844,116.40775299072266,9.154000282287598,127.76610565185547,111.80242156982422,119.92103576660156,32.56638717651367
2016-05-04,0.8499385714530945,3.5999999046325684,14.837332725524902,33.54499816894531,117.03227996826172,9.079000473022461,127.85041809082031,111.43948364257812,118.47281646728516,32.668067932128906
2016-05-05,0.8550732731819153,3.6600000858306885,14.10200023651123,32.954498291015625,116.7844467163086,8.937000274658203,124.75361633300781,111.67578887939453,119.54991912841797,32.726165771484375
2016-05-06,0.8638758063316345,3.680000066757202,14.328666687011719,33.6974983215332,118.44982147216797,9.083999633789062,123.57218170166016,111.4478988647461,120.61796569824219,32.915000915527344
2016-05-09,0.8626534938812256,3.6500000953674316,13.928000450134277,33.98749923706055,118.2020034790039,9.053999900817871,125.38643646240234,111.97962951660156,119.56802368164062,32.85689163208008
2016-05-10,0.8792804479598999,3.640000104904175,13.912667274475098,35.153499603271484,119.45103454589844,9.288999557495117,126.20500183105469,112.73929595947266,121.939453125,33.227298736572266
2016-05-11,0.8817256689071655,3.6500000953674316,13.93066692352295,35.6614990234375,118.47956085205078,9.001999855041504,124.14604187011719,110.30846405029297,121.36458587646484,33.01667404174805
2016-05-12,0.8697442412376404,3.5899999141693115,13.8186674118042,35.89649963378906,119.23294067382812,8.77400016784668,123.8084945678711,109.50662231445312,122.66033935546875,33.285396575927734
2016-05-13,1.0020273923873901,3.6700000762939453,13.840666770935059,35.49599838256836,118.76702880859375,8.788000106811523,121.93511199951172,108.88201141357422,120.56156158447266,32.93678283691406
2016-05-16,1.031613826751709,3.7899999618530273,13.88599967956543,35.53300094604492,117.63695526123047,8.911999702453613,123.02371978759766,110.26624298095703,122.40483856201172,33.13288879394531
2016-05-17,1.0338149070739746,3.7899999618530273,13.644000053405762,34.76350021362305,116.32845306396484,8.86299991607666,121.17569732666016,109.35467529296875,120.96305084228516,32.50102996826172
2016-05-18,1.0602227449417114,3.8399999141693115,14.07800006866455,34.872501373291016,116.62583923339844,9.050000190734863,119.22639465332031,110.15653228759766,119.5304183959961,32.304935455322266
2016-05-19,1.064868688583374,3.7699999809265137,14.347332954406738,34.92599868774414,115.79315185546875,8.954999923706055,120.41622924804688,109.7260513305664,116.87500762939453,32.1887321472168
2016-05-20,1.0839405059814453,3.869999885559082,14.685333251953125,35.13999938964844,116.32845306396484,9.24899959564209,120.40778350830078,110.51947021484375,116.24536895751953,31.92000389099121
2016-05-23,1.0856519937515259,4.039999961853027,14.414667129516602,34.837501525878906,114.96046447753906,9.48900032043457,119.83392333984375,110.08058166503906,116.41873931884766,31.93453025817871
2016-05-24,1.112005352973938,4.199999809265137,14.52733325958252,35.209999084472656,116.67540740966797,9.788999557495117,120.30652618408203,111.9121322631836,116.34574890136719,32.22504425048828
2016-05-25,1.1073479652404785,4.179999828338623,14.638667106628418,35.41749954223633,116.86375427246094,10.020000457763672,121.96886444091797,112.6126708984375,117.58676147460938,32.23230743408203
2016-05-26,1.1191153526306152,4.349999904632568,15.008000373840332,35.74549865722656,118.43000030517578,10.281000137329102,126.33149719238281,112.24128723144531,117.99739837646484,32.45743942260742
2016-05-27,1.1252442598342896,4.599999904632568,14.869333267211914,35.61199951171875,118.34078216552734,10.329999923706055,125.7999267578125,113.10224151611328,117.91527557373047,32.52280807495117
2016-05-31,1.1453462839126587,4.570000171661377,14.881999969482422,36.13949966430664,117.77574920654297,10.256999969482422,125.53832244873047,112.82369995117188,115.11385345458984,32.39207077026367
2016-06-01,1.1475529670715332,4.429999828338623,14.637332916259766,35.97200012207031,117.74600982666016,10.151000022888184,128.70277404785156,113.54957580566406,115.35111236572266,32.4647102355957
2016-06-02,1.1556425094604492,4.239999771118164,14.597332954406738,36.4119987487793,117.89471435546875,10.125,127.85041809082031,114.8240737915039,115.75260162353516,32.47924041748047
2016-06-03,1.1394628286361694,4.159999847412109,14.599332809448242,36.277000427246094,117.4386978149414,9.958999633789062,128.0192413330078,115.49932861328125,116.2362289428711,32.71163558959961
2016-06-06,1.1335790157318115,4.46999979019165,14.711999893188477,36.33649826049805,117.75592041015625,10.074000358581543,128.4664764404297,116.60501861572266,120.36082458496094,32.95131301879883
2016-06-07,1.135785460472107,4.510000228881836,15.489333152770996,36.1870002746582,116.73487854003906,9.98900032043457,128.78707885742188,115.58372497558594,120.38816833496094,32.915000915527344
2016-06-08,1.1321080923080444,4.460000038146973,15.701333045959473,36.332000732421875,117.35940551757812,9.78600025177002,129.42002868652344,118.50411224365234,121.36458587646484,33.082054138183594
2016-06-09,1.1615264415740967,4.519999980926514,15.290666580200195,36.38249969482422,117.52791595458984,9.708999633789062,129.9938507080078,118.7404556274414,121.45584106445312,33.23455810546875
2016-06-10,1.1325984001159668,4.320000171661377,14.586000442504883,35.89550018310547,115.60482025146484,9.375,130.6857147216797,117.52506256103516,119.66730499267578,33.40160369873047
2016-06-13,1.1470623016357422,4.400000095367432,14.524666786193848,35.762001037597656,112.95805358886719,9.385000228881836,130.7532501220703,116.55440521240234,118.55403900146484,33.02104949951172
2016-06-14,1.1492689847946167,4.389999866485596,14.330666542053223,35.96500015258789,113.9394302368164,9.411999702453613,131.52960205078125,116.36868286132812,119.0832748413086,32.962493896484375
2016-06-15,1.1610360145568848,4.420000076293945,14.513333320617676,35.7130012512207,113.60237884521484,9.428999900817871,130.6773681640625,116.38143157958984,118.77303314208984,32.940547943115234
2016-06-16,1.165693759918213,4.75,14.528667449951172,35.8754997253418,113.39422607421875,9.543999671936035,131.9937286376953,117.56845092773438,118.05215454101562,33.160099029541016
2016-06-17,1.1453462839126587,5.260000228881836,14.364666938781738,35.31949996948242,112.03614044189453,9.444999694824219,131.5465087890625,116.74600219726562,118.46278381347656,32.779537200927734
2016-06-20,1.1659393310546875,5.099999904632568,14.646666526794434,35.70050048828125,112.38311004638672,9.380000114440918,132.04437255859375,117.44975280761719,121.13646697998047,32.9185905456543
2016-06-21,1.1588300466537476,5.449999809265137,14.640666961669922,35.79100036621094,113.38431549072266,9.098999977111816,132.6519012451172,117.169921875,120.01405334472656,33.028358459472656
2016-06-22,1.1578491926193237,5.019999980926514,13.11066722869873,35.529998779296875,112.91839599609375,9.00100040435791,133.42825317382812,116.92405700683594,120.24217987060547,32.830772399902344
2016-06-23,1.1887381076812744,5.210000038146973,13.09333324432373,36.104000091552734,114.07821655273438,9.166000366210938,132.5084991455078,118.01783752441406,121.86647033691406,32.99178695678711
2016-06-24,1.1210763454437256,4.880000114440918,12.876667022705078,34.948001861572266,111.10433197021484,8.843999862670898,131.26803588867188,116.4068603515625,115.45149230957031,32.15013885498047
2016-06-27,1.109063982963562,4.71999979019165,13.236666679382324,34.56800079345703,108.02140045166016,8.532999992370605,130.17100524902344,116.25422668457031,111.96566772460938,32.04036331176758
2016-06-28,1.1252442598342896,5.119999885559082,13.452667236328125,35.397499084472656,111.71892547607422,8.79699993133545,131.30172729492188,117.61087799072266,113.05157470703125,32.3331184387207
2016-06-29,1.1436305046081543,5.130000114440918,14.012666702270508,35.779998779296875,113.1662368774414,9.105999946594238,132.55064392089844,119.14554595947266,115.88035583496094,32.52337646484375
2016-06-30,1.1524560451507568,5.139999866485596,14.152000427246094,35.78099822998047,113.2851791381836,9.14799976348877,132.51690673828125,119.72213745117188,118.50841522216797,33.17473602294922
2016-07-01,1.1438755989074707,5.070000171661377,14.433333396911621,36.284000396728516,113.19596862792969,9.666999816894531,131.73211669921875,119.433837890625,118.34416198730469,33.02104949951172
2016-07-05,1.160791039466858,4.960000038146973,14.26533317565918,36.404998779296875,113.20587921142578,9.791000366210938,131.00640869140625,120.02731323242188,115.86212158203125,33.247928619384766
2016-07-06,1.1681450605392456,5.039999961853027,14.295999526977539,36.88050079345703,115.68411254882812,9.460000038146973,131.64773559570312,120.72265625,115.85298156738281,33.130828857421875
2016-07-07,1.1985442638397217,5.019999980926514,14.395999908447266,36.82849884033203,114.84151458740234,9.510000228881836,138.13687133789062,119.38294219970703,116.04461669921875,32.99908447265625
2016-07-08,1.2465940713882446,5.099999904632568,14.45199966430664,37.29050064086914,116.21939849853516,9.706000328063965,139.60520935058594,119.781494140625,118.70916748046875,33.211326599121094
2016-07-11,1.2752768993377686,5.010000228881836,14.985333442687988,37.68899917602539,116.84393310546875,9.467000007629395,140.68528747558594,118.97595977783203,120.48856353759766,33.35037612915039
2016-07-12,1.2943984270095825,5.139999866485596,14.976667404174805,37.410499572753906,116.90340423583984,9.597000122070312,140.31396484375,118.5859603881836,119.36614990234375,33.35770034790039
2016-07-13,1.2939081192016602,5.090000152587891,14.835332870483398,37.131500244140625,115.763427734375,9.642999649047852,140.73593139648438,119.95950317382812,118.72740936279297,33.47479248046875
2016-07-14,1.3071459531784058,5.170000076293945,14.768667221069336,37.060001373291016,116.26898193359375,9.802000045776367,140.8709716796875,119.41683959960938,120.04143524169922,33.43820571899414
2016-07-15,1.2919471263885498,5.139999866485596,14.69333267211914,36.77199935913086,115.84273529052734,9.83899974822998,140.4237060546875,119.83233642578125,120.80792999267578,33.39430236816406
2016-07-18,1.2985656261444092,5.510000228881836,15.083333015441895,36.80350112915039,118.33088684082031,9.880999565124512,141.3519287109375,119.34054565429688,121.7569580078125,33.39430236816406
2016-07-19,1.312049388885498,5.409999847412109,15.017333030700684,36.997501373291016,119.5600814819336,8.583999633789062,141.86666870117188,120.90066528320312,122.87936401367188,33.39430236816406
2016-07-20,1.3292094469070435,5.409999847412109,15.223999977111816,37.2859992980957,120.85867309570312,8.791000366210938,141.7991485595703,121.26524353027344,122.93408966064453,33.30646514892578
2016-07-21,1.3046947717666626,5.21999979019165,14.699999809265137,37.221500396728516,119.5600814819336,8.598999977111816,140.96372985839844,121.13807678222656,121.84819030761719,33.26255416870117
2016-07-22,1.3402419090270996,5.840000152587891,14.817999839782715,37.24300003051758,119.94669342041016,8.58899974822998,141.3181610107422,121.83331298828125,121.79345703125,33.5406494140625
2016-07-25,1.3650020360946655,6.699999809265137,15.333999633789062,36.980499267578125,120.57118225097656,8.765999794006348,141.74014282226562,120.17147827148438,121.30982971191406,33.35037612915039
2016-07-26,1.388291358947754,6.980000019073486,15.300666809082031,36.77949905395508,120.16475677490234,9.140999794006348,141.40257263183594,120.14600372314453,123.05272674560547,32.84540557861328
2016-07-27,1.37431800365448,6.849999904632568,15.232666969299316,36.833499908447266,122.26631164550781,9.204000473022461,140.2042999267578,120.12906646728516,124.06562805175781,31.762264251708984
2016-07-28,1.3772594928741455,6.820000171661377,15.37399959564209,37.63050079345703,123.911865234375,9.164999961853027,140.373046875,121.04479217529297,121.37369537353516,31.945215225219727
2016-07-29,1.3998134136199951,6.860000133514404,15.652667045593262,37.94049835205078,122.86109161376953,9.125,141.1072235107422,121.41786193847656,121.96683502197266,31.93059730529785
2016-08-01,1.3907427787780762,6.639999866485596,15.333999633789062,38.387001037597656,123.22786712646484,9.437000274658203,141.39413452148438,121.68071746826172,121.55620574951172,31.798852920532227
2016-08-02,1.373827338218689,6.260000228881836,15.146666526794434,38.02899932861328,122.01847076416016,9.355999946594238,140.4996795654297,121.3924789428711,120.08706665039062,31.85740852355957
2016-08-03,1.377504825592041,6.300000190734863,15.052666664123535,37.731998443603516,121.44353485107422,9.3100004196167,140.17893981933594,121.14652252197266,120.33343505859375,31.937911987304688
2016-08-04,1.4030002355575562,6.46999979019165,15.37399959564209,38.03850173950195,123.27743530273438,9.343999862670898,140.54185485839844,121.00241088867188,119.7311782836914,31.842754364013672
2016-08-05,1.426780343055725,6.610000133514404,15.335332870483398,38.29899978637695,124.060546875,9.70300006866455,141.51220703125,121.23982238769531,120.20569610595703,31.82082176208496
2016-08-08,1.4400182962417603,6.679999828338623,15.077333450317383,38.327999114990234,124.16959381103516,9.51099967956543,141.25912475585938,120.5106201171875,120.6254653930664,31.79153823852539
2016-08-09,1.4436954259872437,6.599999904632568,15.272000312805176,38.41550064086914,123.97132873535156,9.39900016784668,141.64724731445312,120.24781799316406,121.01781463623047,31.813505172729492
2016-08-10,1.4343798160552979,6.489999771118164,15.043333053588867,38.428001403808594,123.79288482666016,9.392999649047852,142.39183044433594,120.56151580810547,121.7078628540039,31.915950775146484
2016-08-11,1.463552474975586,6.579999923706055,14.994000434875488,38.5620002746582,123.81272888183594,9.58899974822998,142.0449676513672,120.93460845947266,122.37033081054688,32.01841735839844
2016-08-12,1.5454328060150146,6.730000019073486,15.040666580200195,38.62799835205078,123.79288482666016,9.659000396728516,143.02645874023438,121.14652252197266,122.46234893798828,32.22332000732422
2016-08-15,1.5439618825912476,6.949999809265137,15.03933334350586,38.42449951171875,122.8214340209961,9.531000137329102,142.7641143798828,120.07820892333984,123.89765930175781,32.377017974853516
2016-08-16,1.5346465110778809,6.78000020980835,14.907333374023438,38.20199966430664,122.2266616821289,9.51200008392334,142.49339294433594,119.62037658691406,124.21049499511719,32.07695770263672
2016-08-17,1.4990997314453125,6.679999828338623,14.88266658782959,38.23149871826172,123.28736114501953,9.63700008392334,142.11265563964844,120.1545181274414,123.9528579711914,32.24528884887695
2016-08-18,1.5223886966705322,7.039999961853027,14.900667190551758,38.222999572753906,122.83134460449219,9.616000175476074,141.93495178222656,120.54457092285156,124.21049499511719,32.274559020996094
2016-08-19,1.5263110399246216,7.619999885559082,15.0,37.865501403808594,122.48439025878906,9.586999893188477,142.16334533691406,120.43431854248047,123.69524383544922,32.142822265625
2016-08-22,1.5326849222183228,7.579999923706055,14.862000465393066,37.9739990234375,123.06925201416016,9.526000022888184,142.095703125,120.47671508789062,124.2012939453125,32.01109313964844
2016-08-23,1.5450879335403442,7.670000076293945,14.989333152770996,38.122501373291016,123.28736114501953,9.593999862670898,141.60496520996094,120.40888214111328,123.41921997070312,32.09159851074219
2016-08-24,1.521264672279358,7.429999828338623,14.841333389282227,37.86249923706055,122.40509033203125,9.517999649047852,141.78269958496094,118.59439849853516,122.63713836669922,32.09159851074219
2016-08-25,1.5111950635910034,7.46999979019165,14.730667114257812,37.96099853515625,122.81151580810547,9.732000350952148,139.48963928222656,116.41533660888672,122.3519515991211,31.959861755371094
2016-08-26,1.523475170135498,7.670000076293945,14.666000366210938,38.45000076293945,123.87220764160156,9.758000373840332,138.70278930664062,115.83875274658203,121.66185760498047,31.703710556030273
2016-08-29,1.5224928855895996,7.590000152587891,14.346667289733887,38.56449890136719,125.4384536743164,9.729999542236328,138.74510192871094,116.38990783691406,122.27832794189453,31.864715576171875
2016-08-30,1.5136510133743286,7.489999771118164,14.089332580566406,38.37900161743164,124.74453735351562,9.744999885559082,137.03599548339844,116.05076599121094,120.35536193847656,31.645164489746094
2016-08-31,1.5065284967422485,7.400000095367432,14.133999824523926,38.45800018310547,125.0221176147461,9.744999885559082,137.1459503173828,115.35545349121094,119.10404205322266,31.784215927124023
2016-09-01,1.5509824752807617,7.349999904632568,13.38466739654541,38.53099822998047,125.0716781616211,9.73799991607666,132.1708221435547,115.09262084960938,119.51809692382812,31.725664138793945
2016-09-02,1.535754919052124,7.510000228881836,13.185333251953125,38.62200164794922,125.40872955322266,9.73799991607666,133.66842651367188,115.83029174804688,120.67739868164062,31.952550888061523
2016-09-06,1.550246000289917,7.340000152587891,13.522000312805176,39.44350051879883,128.6006622314453,10.008999824523926,133.7361602783203,115.28762817382812,122.36113739013672,32.04768753051758
2016-09-07,1.52740478515625,6.840000152587891,13.447333335876465,39.2239990234375,129.90921020507812,9.914999961853027,131.68850708007812,114.98524475097656,122.03910064697266,31.937911987304688
2016-09-08,1.5384570360183716,6.230000019073486,13.157333374023438,39.202999114990234,129.13597106933594,9.965999603271484,129.85247802734375,115.36854553222656,122.27832794189453,31.93059730529785
2016-09-09,1.4618284702301025,5.900000095367432,12.964667320251465,38.00699996948242,125.99357604980469,9.649999618530273,127.50877380371094,113.81822967529297,118.25758361816406,30.935274124145508
2016-09-12,1.4920377731323242,5.940000057220459,13.220000267028809,38.574501037597656,127.56974029541016,9.904999732971191,128.34645080566406,115.44522094726562,119.72050476074219,31.608572006225586
2016-09-13,1.470424771308899,5.739999771118164,13.069999694824219,38.050498962402344,126.10261535644531,9.609000205993652,127.54264068603516,114.0993881225586,118.46920013427734,31.195384979248047
2016-09-14,1.4834418296813965,6.039999961853027,13.093999862670898,38.054500579833984,126.6577377319336,9.701000213623047,127.50027465820312,113.8779067993164,117.46631622314453,31.069969177246094
2016-09-15,1.539684534072876,6.019999980926514,13.361332893371582,38.484500885009766,127.23270416259766,9.734000205993652,129.17559814453125,115.51337432861328,117.55833435058594,31.254413604736328
2016-09-16,1.543368935585022,6.050000190734863,13.69333267211914,38.92599868774414,127.94641876220703,9.947999954223633,128.9048614501953,117.94952392578125,116.5738525390625,31.09209442138672
2016-09-19,1.5637538433074951,6.159999847412109,13.755999565124512,38.755001068115234,127.53008270263672,9.805999755859375,128.4310760498047,117.27660369873047,117.29151153564453,31.062580108642578
2016-09-20,1.549508810043335,6.170000076293945,13.642666816711426,39.01100158691406,127.52017211914062,9.824999809265137,128.75257873535156,117.09770202636719,117.57672119140625,31.23966407775879
2016-09-21,1.5929811000823975,6.289999961853027,13.6813325881958,39.48699951171875,128.80886840820312,9.48799991607666,129.2009735107422,119.1761245727539,120.12533569335938,31.379852294921875
2016-09-22,1.596909999847412,6.369999885559082,13.76200008392334,40.23500061035156,128.9476318359375,9.583000183105469,129.581787109375,120.13866424560547,121.33064270019531,31.697101593017578
2016-09-23,1.5951911211013794,6.550000190734863,13.829999923706055,40.287498474121094,126.8460922241211,9.593999862670898,129.0571746826172,119.68724060058594,121.24781799316406,31.534791946411133
2016-09-26,1.5802092552185059,6.320000171661377,13.932666778564453,39.95800018310547,126.20175170898438,9.456000328063965,127.92333984375,119.0142593383789,120.13455200195312,31.025691986083984
2016-09-27,1.6342419385910034,6.539999961853027,13.720666885375977,40.80550003051758,127.56974029541016,9.706999778747559,127.2972412109375,119.92572021484375,120.82462310791016,31.42413330078125
2016-09-28,1.6401365995407104,6.590000152587891,13.751333236694336,41.43600082397461,128.10504150390625,9.748000144958496,126.41732025146484,119.60204315185547,121.66185760498047,31.0994815826416
2016-09-29,1.6553637981414795,6.670000076293945,13.380000114440918,41.45249938964844,126.97496032714844,9.666999816894531,124.79277038574219,117.82176971435547,120.55778503417969,31.010942459106445
2016-09-30,1.6828714609146118,6.909999847412109,13.60200023651123,41.865501403808594,127.15339660644531,9.854999542236328,129.04019165039062,119.25277709960938,121.21104431152344,31.22490882873535
2016-10-03,1.6811519861221313,6.949999809265137,14.24666690826416,41.83700180053711,127.6490478515625,10.262999534606934,127.77105712890625,117.96659851074219,121.79988098144531,31.010942459106445
2016-10-04,1.6774685382843018,6.96999979019165,14.093999862670898,41.701499938964844,127.0740966796875,10.234000205993652,127.32263946533203,117.68547058105469,121.68025207519531,30.870750427246094
2016-10-05,1.6757490634918213,6.78000020980835,13.897333145141602,42.21799850463867,127.3516616821289,10.628000259399414,126.89957427978516,117.20846557617188,123.89765930175781,30.84861183166504
2016-10-06,1.6538902521133423,6.960000038146973,13.399999618530273,42.08300018310547,127.61931610107422,10.506999969482422,126.46809387207031,116.24592590332031,123.67681884765625,30.774839401245117
2016-10-07,1.6418559551239014,6.75,13.107333183288574,41.971500396728516,127.86714935302734,10.482000350952148,126.9080581665039,116.40773010253906,123.15239715576172,30.78958511352539
2016-10-10,1.6479960680007935,6.840000152587891,13.396666526794434,42.08549880981445,129.1062469482422,10.333000183105469,127.1534194946289,117.61734008789062,124.98332977294922,30.78958511352539
2016-10-11,1.6241726875305176,6.5,13.34000015258789,41.54999923706055,127.7580795288086,10.059000015258789,127.77105712890625,114.78081512451172,123.05120086669922,30.649404525756836
2016-10-12,1.6315401792526245,6.619999885559082,13.434000015258789,41.704498291015625,127.92660522460938,9.949999809265137,127.30570220947266,115.07894897460938,122.5175552368164,30.826475143432617
2016-10-13,1.605015516281128,6.489999771118164,13.349332809448242,41.4640007019043,126.70731353759766,10.02299976348877,127.10262298583984,114.30379486083984,122.719970703125,30.811721801757812
2016-10-14,1.6207337379455566,6.75,13.100666999816895,41.14799880981445,126.76677703857422,10.147000312805176,127.04344177246094,114.07378387451172,122.83035278320312,30.745317459106445
2016-10-17,1.611400842666626,6.670000076293945,12.93066692352295,40.647499084472656,126.42974853515625,9.979999542236328,125.8165283203125,114.2527084350586,123.29039764404297,30.69366455078125
2016-10-18,1.6359609365463257,6.730000019073486,13.273332595825195,40.88249969482422,127.45079803466797,11.878999710083008,126.1634521484375,122.14038848876953,124.3025131225586,30.966678619384766
2016-10-19,1.6325230598449707,6.769999980926514,13.570667266845703,40.884498596191406,128.9773712158203,12.187000274658203,126.45111846923828,122.97515106201172,125.29617309570312,31.025691986083984
2016-10-20,1.6634682416915894,6.960000038146973,13.273332595825195,40.51599884033203,128.8683319091797,12.335000038146973,126.95033264160156,123.57145690917969,124.98332977294922,30.937152862548828
2016-10-21,1.6588022708892822,6.519999980926514,13.339332580566406,40.949501037597656,130.92031860351562,12.75,126.04499053955078,123.82698822021484,124.79012298583984,31.084718704223633
2016-10-24,1.7366586923599243,7.010000228881836,13.517333030700684,41.90449905395508,132.11976623535156,12.732999801635742,128.71022033691406,123.24781799316406,126.46466064453125,31.401981353759766
2016-10-25,1.7651485204696655,7.5,13.489333152770996,41.75899887084961,131.13839721679688,12.651000022888184,127.75413513183594,122.47259521484375,127.90924072265625,31.387229919433594
2016-10-26,1.772270917892456,7.289999961853027,13.482666969299316,41.12950134277344,129.89926147460938,12.696999549865723,127.74564361572266,121.15231323242188,133.90811157226562,31.313447952270508
2016-10-27,1.7359213829040527,7.110000133514404,13.600666999816895,40.917999267578125,128.56105041503906,12.647000312805176,127.6441650390625,120.90528106689453,131.85630798339844,31.077341079711914
2016-10-28,1.7329745292663574,7.199999809265137,13.33133316040039,38.816001892089844,130.14710998535156,12.656999588012695,126.71343231201172,119.55094909667969,131.580322265625,31.158512115478516
2016-10-31,1.7477110624313354,7.230000019073486,13.182000160217285,39.49100112915039,129.84970092773438,12.487000465393066,125.11427307128906,120.38573455810547,131.04666137695312,31.28392791748047
2016-11-01,1.6958881616592407,7.090000152587891,12.719332695007324,39.27050018310547,128.3726806640625,12.329999923706055,124.09046936035156,118.76725006103516,131.0282745361328,31.077341079711914
2016-11-02,1.6887661218643188,6.760000228881836,12.534667015075684,38.27799987792969,126.06298065185547,12.234000205993652,124.14140319824219,118.38399505615234,129.5009307861328,31.025691986083984
2016-11-03,1.6691175699234009,6.699999809265137,12.494667053222656,38.35150146484375,118.95538330078125,12.21399974822998,122.59671783447266,117.40436553955078,128.8292694091797,31.010942459106445
2016-11-04,1.6595392227172852,6.559999942779541,12.704000473022461,37.752498626708984,119.69886779785156,12.20300006866455,120.72113800048828,117.30219268798828,128.3876495361328,30.76007843017578
2016-11-07,1.7504123449325562,6.960000038146973,12.880666732788086,39.246498107910156,121.08666229248047,12.458000183105469,121.82443237304688,120.89676666259766,131.59873962402344,31.328216552734375
2016-11-08,1.7477110624313354,7.0,12.996000289916992,39.38750076293945,123.1386489868164,12.434000015258789,123.98861694335938,121.72300720214844,131.8397216796875,31.638084411621094
2016-11-09,1.718238353729248,6.940000057220459,12.670666694641113,38.59400177001953,122.10770416259766,12.218999862670898,124.58271789550781,120.87120819091797,134.51919555664062,31.18801498413086
2016-11-10,1.6644514799118042,6.300000190734863,12.356666564941406,37.11899948120117,119.74842834472656,11.541999816894531,124.50634765625,124.474365234375,136.92979431152344,30.206708908081055
2016-11-11,2.160569429397583,6.690000057220459,12.570667266845703,36.95050048828125,117.9839096069336,11.477999687194824,126.76396179199219,124.72137451171875,137.6992950439453,30.27310562133789
2016-11-14,2.05422306060791,6.789999961853027,12.096667289733887,35.95349884033203,114.07821655273438,11.338000297546387,129.0045623779297,129.7129669189453,139.06222534179688,30.376399993896484
2016-11-15,2.116852283477783,6.96999979019165,12.251333236694336,37.1619987487793,116.17976379394531,11.359000205993652,128.28314208984375,129.67039489746094,137.31919860839844,30.575613021850586
2016-11-16,2.250459671020508,7.670000076293945,12.26200008392334,37.324501037597656,115.32723999023438,11.519000053405762,129.1233673095703,129.04856872558594,135.77084350585938,30.442813873291016
2016-11-17,2.26912522315979,8.460000038146973,12.577333450317383,37.81999969482422,116.76463317871094,11.503000259399414,128.3256072998047,128.4267578125,134.74172973632812,30.339513778686523
2016-11-18,2.292949676513672,8.710000038146973,12.334667205810547,38.007999420166016,116.0013198852539,11.520999908447266,127.61266326904297,127.30237579345703,135.6874237060547,30.184579849243164
2016-11-21,2.283616542816162,8.9399995803833,12.3013334274292,39.0,120.70997619628906,11.795999526977539,128.30014038085938,128.12008666992188,136.30859375,30.516590118408203
2016-11-22,2.300072193145752,8.6899995803833,12.744667053222656,39.26649856567383,120.41259002685547,11.803999900817871,129.57318115234375,129.69593811035156,138.62644958496094,30.523962020874023
2016-11-23,2.311387300491333,8.800000190734863,12.87600040435791,39.00600051879883,119.78807830810547,11.769000053405762,128.6650848388672,130.7862548828125,138.83042907714844,30.339513778686523
2016-11-25,2.3160600662231445,8.770000457763672,13.109999656677246,39.01850128173828,119.33207702636719,11.741000175476074,128.9027099609375,130.16441345214844,139.10855102539062,30.642024993896484
2016-11-28,2.3148298263549805,8.829999923706055,13.074666976928711,38.3385009765625,119.36183166503906,11.692999839782715,128.36801147460938,129.56817626953125,138.85826110839844,30.80434799194336
2016-11-29,2.2936758995056152,8.930000305175781,12.637999534606934,38.125999450683594,119.81781768798828,11.75100040435791,128.5631561279297,134.23605346679688,140.59197998046875,30.618328094482422
2016-11-30,2.2678496837615967,8.90999984741211,12.626667022705078,37.528499603271484,117.38912963867188,11.699999809265137,127.40047454833984,135.3948516845703,139.59068298339844,30.023075103759766
2016-12-01,2.155687093734741,8.390000343322754,12.125332832336426,37.182498931884766,114.09803771972656,11.722000122070312,128.7838897705078,137.6354522705078,141.287353515625,29.889137268066406
2016-12-02,2.1756114959716797,8.529999732971191,12.097999572753906,37.016998291015625,114.39543914794922,12.081000328063965,129.0808868408203,137.4558868408203,141.15757751464844,30.0305118560791
2016-12-05,2.259978771209717,8.680000305175781,12.453332901000977,37.96799850463867,116.40775299072266,11.916000366210938,128.809326171875,134.80477905273438,141.07412719726562,30.223960876464844
2016-12-06,2.2971200942993164,9.449999809265137,12.390000343322754,38.236000061035156,116.28880310058594,12.456999778747559,128.16429138183594,134.53965759277344,141.14828491210938,30.186765670776367
2016-12-07,2.3384432792663574,9.5600004196167,12.876667022705078,38.520999908447266,116.9232406616211,12.538999557495117,130.5746612548828,136.3184356689453,142.9098358154297,30.722492218017578
2016-12-08,2.2993340492248535,10.34000015258789,12.81933307647705,38.36650085449219,117.8748779296875,12.324000358581543,133.74879455566406,136.2500762939453,144.06878662109375,30.491836547851562
2016-12-09,2.25850248336792,10.34000015258789,12.812000274658203,38.43299865722656,118.6381607055664,12.288000106811523,135.53968811035156,136.93417358398438,145.0886688232422,31.250778198242188
2016-12-12,2.2036516666412354,10.680000305175781,12.828666687011719,38.00600051879883,116.74479675292969,12.282999992370605,136.0743408203125,136.39541625976562,145.70982360839844,31.176380157470703
2016-12-13,2.2425148487091064,10.539999961853027,13.210000038146973,38.71699905395508,119.26268768310547,12.378000259399414,135.59902954101562,137.29336547851562,145.2462615966797,31.072208404541016
2016-12-14,2.372387409210205,10.550000190734863,13.246000289916992,38.441001892089844,119.16355895996094,12.343999862670898,134.9370880126953,136.7118377685547,143.21580505371094,30.662967681884766
2016-12-15,2.4279773235321045,10.859999656677246,13.17199993133545,38.04999923706055,119.52043151855469,12.5,135.88760375976562,137.3617706298828,142.56683349609375,30.915950775146484
2016-12-16,2.469791889190674,10.65999984741211,13.499333381652832,37.88850021362305,118.8265151977539,12.42199993133545,136.1422119140625,140.20106506347656,143.24363708496094,31.05732536315918
2016-12-19,2.499799966812134,10.949999809265137,13.51533317565918,38.29999923706055,118.2020034790039,12.545000076293945,138.7307891845703,138.1485595703125,144.80120849609375,31.005239486694336
2016-12-20,2.5868735313415527,11.510000228881836,13.919333457946777,38.56100082397461,118.05330657958984,12.51200008392334,139.0703125,138.19129943847656,144.99594116210938,30.997798919677734
2016-12-21,2.6031081676483154,11.470000267028809,13.846667289733887,38.529998779296875,118.00373840332031,12.649999618530273,138.3743896484375,137.96896362304688,146.00653076171875,30.930828094482422
2016-12-22,2.6345925331115723,11.600000381469727,13.896666526794434,38.31700134277344,116.37802124023438,12.557999610900879,137.55105590820312,138.1828155517578,145.98797607421875,30.915950775146484
2016-12-23,2.700265884399414,11.579999923706055,14.22266674041748,38.02949905395508,116.24915313720703,12.559000015258789,137.5595703125,139.4228515625,146.3124542236328,30.953153610229492
2016-12-27,2.8857271671295166,12.069999694824219,14.635333061218262,38.56999969482422,116.98271942138672,12.835000038146973,137.53416442871094,139.0892791748047,146.00653076171875,30.960601806640625
2016-12-28,2.687229871749878,11.550000190734863,14.649333000183105,38.60649871826172,115.9021987915039,12.58899974822998,136.6514892578125,138.0630340576172,144.72706604003906,30.796897888183594
2016-12-29,2.7408504486083984,11.59000015258789,14.312000274658203,38.25749969482422,115.33715057373047,12.532999992370605,136.7532958984375,137.72096252441406,144.34693908691406,30.953153610229492
2016-12-30,2.62549090385437,11.34000015258789,14.246000289916992,37.493499755859375,114.04846954345703,12.380000114440918,135.88760375976562,136.8657684326172,144.33766174316406,30.848989486694336
2017-01-03,2.5091469287872314,11.430000305175781,14.465999603271484,37.68349838256836,115.84273529052734,12.74899959564209,135.5651397705078,138.0715789794922,145.53366088867188,31.101972579956055
2017-01-04,2.56768798828125,11.430000305175781,15.13266658782959,37.85900115966797,117.65679931640625,12.940999984741211,135.59059143066406,138.46502685546875,147.06346130371094,30.9903564453125
2017-01-05,2.502505302429199,11.239999771118164,15.116666793823242,39.022499084472656,119.61955261230469,13.180999755859375,138.26402282714844,138.69586181640625,147.14691162109375,31.06477165222168
2017-01-06,2.5359578132629395,11.319999694824219,15.267333030700684,39.79949951171875,122.3357162475586,13.107000350952148,138.19613647460938,138.8926239013672,147.50848388671875,31.05732536315918
2017-01-09,2.638773202896118,11.489999771118164,15.41866683959961,39.84600067138672,123.81272888183594,13.095000267028809,136.6174774169922,138.49920654296875,146.7853240966797,30.74481964111328
2017-01-10,2.618849992752075,11.4399995803833,15.324666976928711,39.79499816894531,123.26751708984375,12.98900032043457,137.2031707763672,138.1828155517578,147.4806671142578,30.536483764648438
2017-01-11,2.5866281986236572,11.199999809265137,15.315333366394043,39.95100021362305,124.99235534667969,13.050000190734863,137.10125732421875,138.44789123535156,147.78663635253906,30.543914794921875
2017-01-12,2.544320821762085,10.760000228881836,15.305999755859375,40.68199920654297,125.51776123046875,12.918000221252441,137.38133239746094,138.84983825683594,146.7574920654297,30.469505310058594
2017-01-13,2.5440750122070312,10.579999923706055,15.850000381469727,40.856998443603516,127.22276306152344,13.369999885559082,137.37283325195312,138.3709259033203,147.25816345214844,30.417423248291016
2017-01-17,2.4870097637176514,9.819999694824219,15.70533275604248,40.486000061035156,126.75686645507812,13.288999557495117,139.0278778076172,137.3960418701172,146.18267822265625,30.670413970947266
2017-01-18,2.532268762588501,9.880000114440918,15.890666961669922,40.374000549316406,126.80643463134766,13.326000213623047,139.41830444335938,134.89883422851562,146.7853240966797,30.722492218017578
2017-01-19,2.5866281986236572,9.770000457763672,16.250667572021484,40.45199966430664,126.43965911865234,13.840999603271484,138.9344940185547,135.7198028564453,147.41578674316406,30.61089515686035
2017-01-20,2.5583407878875732,9.75,16.315332412719727,40.416500091552734,125.93409729003906,13.859999656677246,139.39280700683594,135.6856231689453,147.9071502685547,30.74481964111328
2017-01-23,2.5849056243896484,9.90999984741211,16.594667434692383,40.89400100708008,127.80764770507812,13.73900032043457,138.34884643554688,136.03627014160156,146.34030151367188,30.82666015625
2017-01-24,2.640002727508545,10.4399995803833,16.974000930786133,41.12200164794922,128.24380493164062,14.01099967956543,138.90904235839844,137.1992950439453,148.85284423828125,31.176380157470703
2017-01-25,2.651318073272705,10.350000381469727,16.96466636657715,41.82600021362305,130.33546447753906,13.95199966430664,139.30792236328125,137.89202880859375,155.1666717529297,31.340072631835938
2017-01-26,2.697068452835083,10.520000457763672,16.833999633789062,41.95750045776367,131.62411499023438,13.895999908447266,139.24853515625,139.1833953857422,156.79844665527344,31.109411239624023
2017-01-27,2.749213933944702,10.670000076293945,16.863332748413086,41.78850173950195,131.02935791015625,14.244999885559082,137.54258728027344,139.38864135742188,155.48191833496094,30.841543197631836
2017-01-30,2.7061688899993896,10.609999656677246,16.708667755126953,41.51900100708008,129.83981323242188,14.121999740600586,138.5525665283203,138.6189727783203,153.5071258544922,30.78946304321289
2017-01-31,2.685507297515869,10.369999885559082,16.795333862304688,41.17399978637695,129.18557739257812,14.071000099182129,139.1466522216797,138.6275177001953,151.5137481689453,30.930828094482422
2017-02-01,2.8028359413146973,12.0600004196167,16.615999221801758,41.61750030517578,132.07020568847656,14.07800006866455,137.37283325195312,139.14920043945312,152.023681640625,30.700180053710938
2017-02-02,2.8382554054260254,12.279999732971191,16.770000457763672,41.997501373291016,129.70103454589844,13.920000076293945,142.7113037109375,137.48150634765625,150.4382781982422,30.80434799194336
2017-02-03,2.8134117126464844,12.239999771118164,16.755332946777344,40.5099983215332,129.83981323242188,14.024999618530273,142.85557556152344,138.4308319091797,150.56805419921875,30.908519744873047
2017-02-06,2.885481834411621,13.630000114440918,17.184667587280273,40.38199996948242,130.91041564941406,14.097000122070312,141.76075744628906,137.2677001953125,152.03294372558594,30.923391342163086
2017-02-07,2.9302477836608887,13.289999961853027,17.165332794189453,40.625,130.69232177734375,14.399999618530273,142.17662048339844,137.2848358154297,154.36935424804688,31.176380157470703
2017-02-08,2.9174582958221436,13.5600004196167,17.472000122070312,40.98550033569336,133.0317840576172,14.473999977111816,143.32546997070312,137.09669494628906,153.18174743652344,31.265670776367188
2017-02-09,2.86260724067688,13.420000076293945,17.946666717529297,41.06800079345703,132.9722900390625,14.413999557495117,145.48695373535156,137.20785522460938,153.62124633789062,30.692729949951172
2017-02-10,2.7947189807891846,13.579999923706055,17.948667526245117,41.37300109863281,133.02186584472656,14.482000350952148,146.37200927734375,137.47300720214844,155.44473266601562,30.1942081451416
2017-02-13,2.66582989692688,13.489999771118164,18.706666946411133,41.826499938964844,132.88308715820312,14.319999694824219,146.3379669189453,138.53341674804688,157.12794494628906,30.223960876464844
2017-02-14,2.675668954849243,13.260000228881836,18.73200035095215,41.81949996948242,132.68482971191406,14.081999778747559,147.75914001464844,139.50836181640625,157.56744384765625,30.157005310058594
2017-02-15,2.6810801029205322,13.300000190734863,18.650667190551758,42.1349983215332,132.2783966064453,14.22700023651123,148.92506408691406,140.5004119873047,158.3155517578125,30.09004783630371
2017-02-16,2.6380350589752197,12.970000267028809,17.93000030517578,42.207000732421875,132.67491149902344,14.201000213623047,149.56324768066406,139.95301818847656,159.7275848388672,30.655532836914062
2017-02-17,2.6375441551208496,13.130000114440918,18.148666381835938,42.253501892089844,132.3675994873047,14.222000122070312,149.6568603515625,134.79620361328125,161.50433349609375,30.677846908569336
2017-02-21,2.7319958209991455,14.0,18.492666244506836,42.821998596191406,132.5559539794922,14.260000228881836,150.57598876953125,137.31907653808594,164.16940307617188,30.848989486694336
2017-02-22,2.727808713912964,14.279999732971191,18.233999252319336,42.78049850463867,134.93507385253906,14.38599967956543,150.2100372314453,137.31907653808594,163.9823760986328,30.953153610229492
2017-02-23,2.4748787879943848,14.319999694824219,17.06599998474121,42.609500885009766,134.18167114257812,14.277999877929688,149.6483612060547,139.0550994873047,165.38504028320312,30.997798919677734
2017-02-24,2.498767614364624,14.119999885559082,17.133333206176758,42.262001037597656,134.26100158691406,14.324999809265137,151.10360717773438,139.44851684570312,165.92742919921875,31.087087631225586
2017-02-27,2.5714211463928223,15.199999809265137,16.415332794189453,42.43199920654297,135.22254943847656,14.340999603271484,151.15460205078125,141.43251037597656,167.78831481933594,31.005239486694336
2017-02-28,2.499260425567627,14.460000038146973,16.666000366210938,42.25199890136719,134.36009216308594,14.213000297546387,150.78016662597656,141.43251037597656,168.53639221191406,31.221025466918945
2017-03-01,2.5315239429473877,14.960000038146973,16.667999267578125,42.65399932861328,136.22373962402344,14.265000343322754,151.3589324951172,143.62185668945312,171.97764587402344,31.369829177856445
2017-03-02,2.4381825923919678,13.899999618530273,16.698667526245117,42.445499420166016,135.56948852539062,13.95300006866455,151.46099853515625,143.0830535888672,171.11732482910156,31.60049057006836
2017-03-03,2.4241442680358887,13.029999732971191,16.771333694458008,42.49399948120117,135.97589111328125,13.913999557495117,144.89126586914062,143.84417724609375,170.35987854003906,31.607934951782227
2017-03-06,2.405427932739258,13.039999961853027,16.747333526611328,42.330501556396484,136.22373962402344,14.194000244140625,141.88722229003906,144.27178955078125,169.1909942626953,31.384716033935547
2017-03-07,2.431779623031616,13.050000190734863,16.57266616821289,42.30099868774414,136.1047821044922,14.142999649047852,142.11705017089844,143.92970275878906,170.21023559570312,31.24334716796875
2017-03-08,2.427346706390381,13.220000267028809,16.45800018310547,42.525001525878906,136.52114868164062,14.031999588012695,141.4702606201172,144.13145446777344,169.94842529296875,31.24334716796875
2017-03-09,2.4268546104431152,13.329999923706055,16.32666778564453,42.650001525878906,137.03663635253906,14.053000450134277,141.07025146484375,144.21728515625,168.85435485839844,31.27311134338379
2017-03-10,2.4411380290985107,13.90999984741211,16.246000289916992,42.62300109863281,137.58181762695312,14.08899974822998,140.7299041748047,145.90829467773438,167.10568237304688,31.46656608581543
2017-03-13,2.508373498916626,14.279999732971191,16.411333084106445,42.72949981689453,138.38478088378906,14.35200023651123,140.03208923339844,146.10569763183594,167.43295288085938,31.549142837524414
2017-03-14,2.5066487789154053,14.100000381469727,17.200000762939453,42.62649917602539,138.10719299316406,14.319000244140625,140.6192626953125,145.11856079101562,167.13369750976562,31.504108428955078
2017-03-15,2.5256128311157227,13.979999542236328,17.048667907714844,42.64849853515625,138.5037384033203,14.524999618530273,141.72555541992188,147.453369140625,167.1150360107422,31.616689682006836
2017-03-16,2.5566439628601074,13.649999618530273,17.469999313354492,42.67100143432617,138.7713623046875,14.439000129699707,142.16810607910156,147.04136657714844,166.6287384033203,31.714271545410156
2017-03-17,2.6123039722442627,13.489999771118164,17.433332443237305,42.615501403808594,138.62266540527344,14.51099967956543,142.80630493164062,145.66795349121094,168.41485595703125,31.549142837524414
2017-03-20,2.695547342300415,14.399999618530273,17.461332321166992,42.8484992980957,138.72183227539062,14.583000183105469,142.491455078125,144.20864868164062,167.75088500976562,31.66172981262207
2017-03-21,2.608363151550293,13.819999694824219,16.711999893188477,42.15999984741211,137.30426025390625,14.241999626159668,141.9297637939453,143.9511260986328,164.54344177246094,31.901931762695312
2017-03-22,2.66156005859375,14.100000381469727,17.000667572021484,42.40299987792969,138.37484741210938,14.265000343322754,142.69564819335938,143.37606811523438,165.4972686767578,31.811857223510742
2017-03-23,2.6374244689941406,13.789999961853027,16.985332489013672,42.36899948120117,138.31539916992188,14.184000015258789,142.0319061279297,141.88246154785156,165.7590789794922,31.654220581054688
2017-03-24,2.6467835903167725,13.699999809265137,17.54400062561035,42.28049850463867,139.11831665039062,14.20199966430664,141.28302001953125,141.63352966308594,164.4125213623047,31.616689682006836
2017-03-27,2.665992498397827,13.699999809265137,18.014667510986328,42.340999603271484,139.0985107421875,14.406000137329102,141.39366149902344,141.2901611328125,164.67433166503906,31.766822814941406
2017-03-28,2.6522016525268555,13.6899995803833,18.496667861938477,42.79999923706055,140.5259552001953,14.517000198364258,141.9213409423828,141.93399047851562,165.85260009765625,31.849390029907227
2017-03-29,2.6435818672180176,13.710000038146973,18.492000579833984,43.715999603271484,141.40818786621094,14.647000312805176,142.4829864501953,140.29446411132812,166.10508728027344,31.84187126159668
2017-03-30,2.694315195083618,14.050000190734863,18.527999877929688,43.81700134277344,141.17031860351562,14.805999755859375,142.8744354248047,141.62493896484375,166.432373046875,31.976987838745117
2017-03-31,2.682739734649658,14.550000190734863,18.553333282470703,44.32699966430664,140.81344604492188,14.781000137329102,142.70423889160156,140.7837677001953,165.38504028320312,31.856897354125977
2017-04-03,2.6691949367523193,14.640000343322754,19.90133285522461,44.57550048828125,141.04147338867188,14.692000389099121,141.8617401123047,142.13999938964844,165.18865966796875,31.834379196166992
2017-04-04,2.4820210933685303,14.15999984741211,20.246667861938477,45.34149932861328,140.49624633789062,14.550000190734863,142.3297576904297,141.60777282714844,167.10568237304688,32.03704833984375
2017-04-05,2.4635496139526367,14.170000076293945,19.666667938232422,45.4640007019043,140.61520385742188,14.362000465393066,142.11705017089844,141.9510955810547,165.5907745361328,31.954486846923828
2017-04-06,2.48152756690979,13.270000457763672,19.913333892822266,44.91400146484375,139.94110107421875,14.37399959564209,144.68702697753906,141.92538452148438,165.86195373535156,32.029544830322266
2017-04-07,2.470937967300415,13.520000457763672,20.16933250427246,44.74399948120117,139.55447387695312,14.310999870300293,145.19761657714844,142.5090789794922,167.2459259033203,31.9845027923584
2017-04-10,2.4078898429870605,13.100000381469727,20.826000213623047,45.35200119018555,139.81222534179688,14.385000228881836,145.7082977294922,142.04551696777344,166.0396270751953,32.0445442199707
2017-04-11,2.4165101051330566,13.100000381469727,20.58066749572754,45.11800003051758,138.70199584960938,14.4350004196167,145.2061309814453,142.3460235595703,166.98410034179688,32.022029876708984
2017-04-12,2.39656138420105,12.760000228881836,19.78933334350586,44.811500549316406,138.3649444580078,14.383000373840332,144.81463623046875,142.11422729492188,164.6275634765625,32.232208251953125
2017-04-13,2.351738214492798,12.3100004196167,20.266666412353516,44.23350143432617,138.1765899658203,14.291999816894531,143.68287658691406,141.59921264648438,164.22549438476562,32.11961364746094
2017-04-17,2.4438469409942627,12.789999961853027,20.09600067138672,45.0994987487793,140.1889190673828,14.725000381469727,144.41468811035156,143.50482177734375,167.40492248535156,32.32979202270508
2017-04-18,2.445324420928955,12.949999809265137,20.016666412353516,45.18899917602539,139.73292541503906,14.336000442504883,144.78062438964844,144.7151336669922,166.31082153320312,32.63755416870117
2017-04-19,2.454929828643799,12.84000015258789,20.368000030517578,44.959999084472656,141.031494140625,13.97599983215332,144.72113037109375,145.2816619873047,166.82510375976562,32.449886322021484
2017-04-20,2.493842363357544,13.109999656677246,20.167333602905273,45.10300064086914,142.54818725585938,14.118000030517578,144.7976531982422,147.24734497070312,167.6667022705078,32.344810485839844
2017-04-21,2.5041863918304443,13.0,20.373332977294922,44.92649841308594,142.4292449951172,14.286999702453613,145.32525634765625,146.9212188720703,168.67666625976562,32.32979202270508
2017-04-24,2.535463809967041,13.130000114440918,20.53533363342285,45.37049865722656,144.20367431640625,14.383000373840332,146.65284729003906,147.92547607421875,170.24765014648438,32.4874267578125
2017-04-25,2.5795483589172363,13.489999771118164,20.91933250427246,45.38100051879883,145.21481323242188,15.215999603271484,146.95068359375,149.39332580566406,171.60357666015625,32.35981750488281
2017-04-26,2.561816453933716,13.40999984741211,20.67799949645996,45.464500427246094,145.2841796875,15.017000198364258,150.4568328857422,149.6851348876953,169.92039489746094,32.45738983154297
2017-04-27,2.6017141342163086,13.619999885559082,20.575332641601562,45.91899871826172,146.4142303466797,15.307999610900879,151.0099639892578,149.8997802734375,171.3323974609375,32.284751892089844
2017-04-28,2.568711280822754,13.300000190734863,20.937999725341797,46.2495002746582,148.9420623779297,15.220000267028809,151.06956481933594,150.11436462402344,172.83795166015625,32.389835357666016
2017-05-01,2.6263413429260254,13.619999885559082,21.52199935913086,47.4114990234375,151.1328125,15.53499984741211,151.3589324951172,149.865478515625,170.55625915527344,32.4423942565918
2017-05-02,2.5485165119171143,10.319999694824219,21.25933265686035,47.34700012207031,151.4500274658203,15.645000457763672,151.9801025390625,149.47915649414062,171.5381317138672,32.56999206542969
2017-05-03,2.5674805641174316,10.390000343322754,20.73466682434082,47.05149841308594,150.47857666015625,15.559000015258789,153.02682495117188,148.10572814941406,171.49136352539062,32.51744842529297
2017-05-04,2.557628870010376,10.100000381469727,19.69733238220215,46.87649917602539,149.53683471679688,15.725000381469727,155.2649688720703,149.3761749267578,171.19212341308594,32.77266311645508
2017-05-05,2.557875156402588,10.1899995803833,20.55666732788086,46.70750045776367,148.93215942382812,15.65999984741211,153.35020446777344,149.4620361328125,173.0062255859375,32.795188903808594
2017-05-08,2.5310311317443848,10.039999961853027,20.479333877563477,47.45199966430664,149.74502563476562,15.637999534606934,152.85443115234375,149.73678588867188,173.9507293701172,32.94532012939453
2017-05-09,2.53521728515625,10.180000305175781,21.417333602905273,47.64099884033203,149.17005920410156,15.746000289916992,152.88983154296875,148.70663452148438,174.7830047607422,32.660064697265625
2017-05-10,2.987143039703369,10.789999961853027,21.681333541870117,47.4474983215332,148.98170471191406,16.027999877929688,152.15280151367188,148.83541870117188,172.60633850097656,32.705108642578125
2017-05-11,3.1154558658599854,11.069999694824219,21.540000915527344,47.38100051879883,148.73385620117188,15.854000091552734,152.07284545898438,148.77529907226562,173.32247924804688,32.7801628112793
2017-05-12,3.1496899127960205,11.260000228881836,21.65399932861328,48.067501068115234,149.02134704589844,16.08099937438965,151.73545837402344,147.47914123535156,172.6722869873047,32.72011184692383
2017-05-15,3.307800769805908,11.420000076293945,21.058666229248047,47.89849853515625,148.88253784179688,16.00200080871582,152.34817504882812,147.23876953125,171.8619384765625,32.82521057128906
2017-05-16,3.369371175765991,12.75,21.134000778198242,48.30350112915039,148.4761199951172,15.940999984741211,151.84197998046875,144.31166076660156,172.1540069580078,32.915287017822266
2017-05-17,3.1455025672912598,11.199999809265137,20.407333374023438,47.237998962402344,143.58909606933594,15.319999694824219,150.19931030273438,144.94691467285156,168.46029663085938,32.975337982177734
2017-05-18,3.2772624492645264,11.279999732971191,20.87066650390625,47.92449951171875,146.3746337890625,15.569999694824219,151.59335327148438,147.1701202392578,167.1599578857422,32.877742767333984
2017-05-19,3.35295033454895,11.40999984741211,20.722000122070312,47.992000579833984,146.77110290527344,15.70199966430664,152.41029357910156,148.14866638183594,170.32601928710938,32.95281982421875
2017-05-22,3.4244470596313477,11.039999961853027,20.690000534057617,48.53350067138672,146.94955444335938,15.715999603271484,153.08517456054688,149.95986938476562,173.06802368164062,33.162994384765625
2017-05-23,3.3783438205718994,10.890000343322754,20.257333755493164,48.57699966430664,146.7810516357422,15.795000076293945,153.14732360839844,150.40625,172.89842224121094,33.32062911987305
2017-05-24,3.416311502456665,10.890000343322754,20.681333541870117,49.01750183105469,148.73385620117188,15.774999618530273,153.62673950195312,150.7238006591797,174.556884765625,33.801029205322266
2017-05-25,3.4086685180664062,10.979999542236328,21.121999740600586,49.66899871826172,150.6371612548828,16.30500030517578,155.15411376953125,152.83547973632812,176.27178955078125,34.086273193359375
2017-05-26,3.4969289302825928,11.0,21.676000595092773,49.78900146484375,150.8057098388672,16.243000030517578,157.93348693847656,152.36337280273438,175.81948852539062,34.07126235961914
2017-05-30,3.571631908416748,11.119999885559082,22.34000015258789,49.834999084472656,151.05349731445312,16.32200050354004,158.8747100830078,151.58218383789062,176.09275817871094,34.101287841796875
2017-05-31,3.558811664581299,11.1899995803833,22.733999252319336,49.73099899291992,150.1415557861328,16.30699920654297,160.21551513671875,150.3718719482422,176.79945373535156,34.131317138671875
2017-06-01,3.5590579509735107,10.930000305175781,22.691333770751953,49.79750061035156,150.21090698242188,16.298999786376953,160.3931427001953,154.1488037109375,176.50735473632812,34.371517181396484
2017-06-02,3.541306734085083,10.899999618530273,22.656667709350586,50.33649826049805,152.2728271484375,16.51799964904785,160.69500732421875,153.98565673828125,179.24937438964844,34.44658279418945
2017-06-05,3.649045944213867,11.239999771118164,23.154666900634766,50.56700134277344,152.29263305664062,16.506000518798828,161.68067932128906,153.96852111816406,178.0432586669922,34.52163314819336
2017-06-06,3.632528066635132,12.029999732971191,23.523332595825195,50.150001525878906,151.47976684570312,16.517000198364258,161.12123107910156,155.21316528320312,175.97027587890625,34.51412582397461
2017-06-07,3.6764116287231445,12.380000114440918,23.976667404174805,50.503501892089844,151.7870635986328,16.56100082397461,161.78729248046875,157.2647247314453,177.2423553466797,34.161338806152344
2017-06-08,3.9431684017181396,12.899999618530273,24.666667938232422,50.51350021362305,153.36325073242188,16.58799934387207,161.08575439453125,155.95999145507812,178.96670532226562,33.876102447509766
2017-06-09,3.6882450580596924,12.279999732971191,23.821332931518555,48.91550064086914,148.29771423339844,15.803000450134277,160.17117309570312,155.7625732421875,179.0609130859375,34.01871109008789
2017-06-12,3.697366952896118,12.09000015258789,23.93400001525879,48.24549865722656,147.14781188964844,15.144000053405762,159.5140380859375,153.8655242919922,179.03265380859375,34.026222229003906
2017-06-13,3.7326231002807617,11.960000038146973,25.06333351135254,49.03950119018555,149.36831665039062,15.272000312805176,160.2865447998047,155.4105682373047,180.05972290039062,34.07919692993164
2017-06-14,3.740511417388916,11.770000457763672,25.37733268737793,48.82350158691406,148.9420623779297,15.220000267028809,161.3166046142578,156.5351104736328,181.2752685546875,34.28354263305664
2017-06-15,3.756537437438965,11.5,25.022666931152344,48.208499908447266,148.4959716796875,15.175999641418457,159.88697814941406,155.4749298095703,184.16807556152344,34.245697021484375
2017-06-16,3.738046884536743,11.4399995803833,24.760000228881836,49.385501861572266,149.32864379882812,15.23799991607666,148.3878631591797,156.55233764648438,185.10096740722656,34.29110336303711
2017-06-19,3.878575086593628,11.930000305175781,24.65333366394043,49.75849914550781,151.53924560546875,15.34000015258789,145.92819213867188,157.75038146972656,187.58853149414062,34.344078063964844
2017-06-20,3.872904062271118,12.640000343322754,24.81599998474121,49.62950134277344,150.92465209960938,15.204999923706055,144.6494903564453,157.96591186523438,186.88185119628906,34.51814651489258
2017-06-21,3.9315812587738037,13.979999542236328,25.093332290649414,50.11149978637695,152.5701904296875,15.503000259399414,144.87147521972656,159.3881072998047,187.67332458496094,34.22300338745117
2017-06-22,3.904461622238159,14.380000114440918,25.507333755493164,50.064998626708984,152.0646209716797,15.48900032043457,141.88792419433594,160.7499542236328,187.92776489257812,34.10947799682617
2017-06-23,3.792531728744507,14.170000076293945,25.56333351135254,50.1870002746582,153.7201385498047,15.802000045776367,139.5259246826172,159.6725616455078,190.55670166015625,34.245697021484375
2017-06-26,3.7511141300201416,14.079999923706055,25.166000366210938,49.69900131225586,152.25299072265625,15.75,142.25198364257812,159.56044006347656,188.4365692138672,34.381927490234375
2017-06-27,3.613790273666382,13.399999618530273,24.158000946044922,48.8390007019043,149.2692108154297,15.102999687194824,141.41729736328125,159.11227416992188,187.40951538085938,34.09434509277344
2017-06-28,3.7412524223327637,13.229999542236328,24.749332427978516,49.51649856567383,151.9060516357422,15.340999603271484,142.22532653808594,160.0603790283203,188.09735107421875,34.29867172241211
2017-06-29,3.61625599861145,12.600000381469727,24.049999237060547,48.79650115966797,149.72518920898438,15.008999824523926,140.9022979736328,159.6897430419922,186.06204223632812,33.92783737182617
2017-06-30,3.5639891624450684,12.479999542236328,24.107332229614258,48.400001525878906,149.6656951904297,14.940999984741211,142.01223754882812,159.81900024414062,186.33529663085938,33.94297790527344
2017-07-03,3.4350481033325195,12.149999618530273,23.507999420166016,47.68299865722656,147.13790893554688,14.616999626159668,141.026611328125,160.87918090820312,187.12681579589844,33.87485885620117
2017-07-05,3.526762008666992,13.1899995803833,21.805999755859375,48.56999969482422,149.0312957763672,14.76099967956543,140.31622314453125,162.25830078125,190.1609344482422,33.92027282714844
2017-07-06,3.537362575531006,13.020000457763672,20.588666915893555,48.25699996948242,147.52450561523438,14.625,139.49034118652344,161.12916564941406,189.8499755859375,33.6024055480957
2017-07-07,3.618227958679199,13.359999656677246,20.881332397460938,48.9379997253418,150.1217041015625,15.017999649047852,136.8442840576172,162.00833129882812,190.6886444091797,33.59484100341797
2017-07-10,3.7893264293670654,13.8100004196167,21.06999969482422,49.82350158691406,152.16378784179688,15.267000198364258,134.08270263671875,161.13775634765625,192.18685913085938,33.5872802734375
2017-07-11,3.8430726528167725,13.890000343322754,21.814666748046875,49.70650100708008,153.91836547851562,15.432999610900879,134.180419921875,160.27586364746094,194.363525390625,33.5494384765625
2017-07-12,4.006529808044434,14.289999961853027,21.968000411987305,50.32550048828125,157.51675415039062,15.875,134.74864196777344,160.9136962890625,194.52369689941406,33.6856575012207
2017-07-13,3.9601805210113525,13.529999732971191,21.560667037963867,50.03150177001953,157.8736114501953,15.821000099182129,136.39138793945312,159.87075805664062,194.32582092285156,33.6251106262207
2017-07-14,4.066685676574707,13.920000076293945,21.851999282836914,50.09049987792969,158.5774688720703,16.11199951171875,135.85867309570312,161.0946807861328,196.4741973876953,33.8143196105957
2017-07-17,4.049427509307861,13.800000190734863,21.30466651916504,50.50199890136719,158.3395233154297,16.170000076293945,135.716552734375,160.62066650390625,196.93592834472656,33.8521614074707
2017-07-18,4.091585636138916,13.479999542236328,21.882667541503906,51.22249984741211,161.4422607421875,18.360000610351562,134.52667236328125,161.0516357421875,196.21981811523438,33.80674743652344
2017-07-19,4.0703840255737305,13.550000190734863,21.68400001525879,51.34349822998047,162.71115112304688,18.38599967956543,134.29583740234375,163.06851196289062,198.7073974609375,33.92783737182617
2017-07-20,4.129552841186523,13.800000190734863,21.994667053222656,51.435001373291016,163.09774780273438,18.360000610351562,134.07382202148438,165.05958557128906,198.14202880859375,33.92027282714844
2017-07-21,4.144346237182617,13.880000114440918,21.893333435058594,51.28350067138672,162.9986114501953,18.854000091552734,133.5854949951172,165.30093383789062,199.89466857910156,34.07919692993164
2017-07-24,4.096270561218262,14.15999984741211,22.834667205810547,51.9474983215332,164.55496215820312,18.791000366210938,134.08270263671875,164.5338134765625,199.93234252929688,33.93540573120117
2017-07-25,4.076545715332031,14.109999656677246,22.639999389648438,51.993499755859375,163.84121704101562,18.69700050354004,136.0095977783203,164.11143493652344,200.19618225097656,34.23812484741211
2017-07-26,4.123635768890381,14.760000228881836,22.92333221435547,52.63999938964844,164.1683349609375,18.908000946044922,135.05056762695312,164.4131622314453,219.974609375,34.61654281616211
2017-07-27,3.9875454902648926,14.119999885559082,22.297332763671875,52.29999923706055,168.956298828125,18.26799964904785,135.43240356445312,162.84445190429688,227.0887908935547,34.90412521362305
2017-07-28,4.052878379821777,13.949999809265137,22.33799934387207,51.00199890136719,170.94882202148438,18.40399932861328,135.7609405517578,164.75790405273438,227.3432159423828,34.82087707519531
2017-07-31,4.006529808044434,13.609999656677246,21.564666748046875,49.388999938964844,167.7766571044922,18.166000366210938,140.75137329101562,165.32679748535156,228.4645233154297,34.692222595214844
2017-08-01,4.05534553527832,13.710000038146973,21.30466651916504,49.80950164794922,168.38134765625,18.202999114990234,141.82579040527344,165.68878173828125,225.6188507080078,34.586273193359375
2017-08-02,4.052878379821777,13.369999885559082,21.72599983215332,49.794498443603516,167.8262481689453,18.073999404907227,143.2110137939453,166.3524932861328,224.21484375,34.503013610839844
2017-08-03,4.104405403137207,13.239999771118164,23.139333724975586,49.34600067138672,167.12237548828125,17.92300033569336,140.2185516357422,167.8780975341797,224.49752807617188,34.56355285644531
2017-08-04,4.122403144836426,13.119999885559082,23.79400062561035,49.37900161743164,168.14341735839844,18.027000427246094,138.9132843017578,167.97288513183594,223.98870849609375,34.43490219116211
2017-08-07,4.2491254806518555,13.430000305175781,23.67799949645996,49.61349868774414,170.48287963867188,18.132999420166016,139.36607360839844,167.88671875,226.3632354736328,34.54085922241211
2017-08-08,4.1985859870910645,13.109999656677246,24.347999572753906,49.492000579833984,169.73941040039062,17.836000442504883,140.07644653320312,167.9901123046875,225.6753692626953,34.510589599609375
2017-08-09,4.243208408355713,12.829999923706055,24.235332489013672,49.10049819946289,169.68984985351562,17.577999114990234,139.2861785888672,167.92979431152344,222.101806640625,34.503013610839844
2017-08-10,4.061508655548096,12.119999885559082,23.69333267211914,47.84600067138672,165.94273376464844,16.913999557495117,139.09088134765625,165.9818572998047,220.74632263183594,34.61654281616211
2017-08-11,3.8450443744659424,12.229999542236328,23.857999801635742,48.39950180053711,166.61685180664062,17.139999389648438,139.09971618652344,166.36973571777344,222.64210510253906,34.503013610839844
2017-08-14,4.151741027832031,12.760000228881836,24.253332138061523,49.165000915527344,169.26358032226562,17.100000381469727,140.2185516357422,166.9644012451172,224.79380798339844,34.661949157714844
2017-08-15,4.116732597351074,13.020000457763672,24.155332565307617,49.137001037597656,169.5114288330078,16.850000381469727,139.30398559570312,167.64535522460938,226.7085723876953,34.95710754394531
2017-08-16,4.071615695953369,12.630000114440918,24.194000244140625,48.909000396728516,168.52011108398438,16.99799919128418,142.31484985351562,167.0161590576172,225.21092224121094,34.96467208862305
2017-08-17,3.9808897972106934,12.34000015258789,23.461332321166992,48.028499603271484,165.45704650878906,16.608999252319336,141.25482177734375,166.09390258789062,223.31512451171875,34.70735549926758
2017-08-18,3.981628179550171,12.369999885559082,23.163999557495117,47.923500061035156,165.95269775390625,16.65399932861328,139.92752075195312,164.47349548339844,223.48574829101562,34.56355285644531
2017-08-21,3.923691749572754,12.050000190734863,22.52400016784668,47.66450119018555,166.31944274902344,16.676000595092773,139.91859436035156,165.51638793945312,223.400390625,34.57112121582031
2017-08-22,4.011044025421143,12.170000076293945,22.75666618347168,48.345001220703125,168.1632537841797,16.93400001525879,141.37060546875,167.89529418945312,227.25836181640625,34.510589599609375
2017-08-23,4.091238498687744,12.479999542236328,23.51799964904785,47.900001525878906,167.24136352539062,16.9060001373291,141.96746826171875,167.4212646484375,225.68484497070312,34.46517562866211
2017-08-24,4.076188087463379,12.5,23.528667449951172,47.622501373291016,166.27981567382812,16.812999725341797,134.80538940429688,167.86082458496094,226.30099487304688,34.36678695678711
2017-08-25,4.0421366691589355,12.430000305175781,23.203332901000977,47.26300048828125,164.87217712402344,16.594999313354492,135.80308532714844,167.52467346191406,223.5994873046875,34.48786926269531
2017-08-28,4.070758819580078,12.229999542236328,23.04400062561035,47.30099868774414,165.78414916992188,16.711999893188477,135.8922119140625,168.15390014648438,224.82228088378906,34.374359130859375
2017-08-29,4.064097881317139,12.149999618530273,23.157333374023438,47.702999114990234,166.5871124267578,16.881000518798828,136.79190063476562,169.5674591064453,227.95980834960938,34.39705276489258
2017-08-30,4.088279724121094,12.670000076293945,23.545333862304688,48.37950134277344,168.44082641601562,17.4689998626709,137.57577514648438,168.8348388671875,227.93138122558594,34.35165023803711
2017-08-31,4.18105936050415,13.0,23.726667404174805,49.029998779296875,170.47299194335938,17.47100067138672,139.62464904785156,171.4378662109375,227.1730499267578,34.472747802734375
2017-09-01,4.206230163574219,13.1899995803833,23.69333267211914,48.912498474121094,170.52255249023438,17.474000930786133,140.96083068847656,172.1704864501953,227.80813598632812,34.64680862426758
2017-09-05,4.093955039978027,12.920000076293945,23.305999755859375,48.26350021362305,169.23388671875,17.45199966430664,141.76258850097656,171.79129028320312,224.65164184570312,34.75275421142578
2017-09-06,4.091485977172852,12.859999656677246,22.968666076660156,48.38999938964844,170.59194946289062,17.924999237060547,141.51315307617188,170.9896697998047,222.39564514160156,34.78302764892578
2017-09-07,4.110488414764404,12.630000114440918,23.374000549316406,48.9734992980957,171.7021942138672,17.899999618530273,141.8872833251953,171.4568634033203,223.99757385253906,35.02520751953125
2017-09-08,4.039175510406494,12.25,22.893333435058594,48.29499816894531,169.46185302734375,17.642000198364258,140.13243103027344,171.09347534179688,226.33888244628906,35.04034423828125
2017-09-11,4.170203685760498,12.550000190734863,24.246000289916992,48.89799880981445,171.9995574951172,18.173999786376953,140.17694091796875,172.6768341064453,228.0546112060547,35.20684814453125
2017-09-12,4.1852545738220215,12.300000190734863,24.183332443237305,49.12900161743164,171.45437622070312,18.514999389648438,142.56430053710938,170.85116577148438,228.0451202392578,35.35822296142578
2017-09-13,4.204009056091309,12.220000267028809,24.415332794189453,49.97999954223633,171.5435791015625,18.36400032043457,145.19219970703125,171.59532165527344,229.3247833251953,35.47172546386719
2017-09-14,4.180071830749512,12.260000228881836,25.176000595092773,49.61050033569336,169.47178649902344,18.26300048828125,144.63987731933594,171.07614135742188,232.45281982421875,35.17422866821289
2017-09-15,4.444350719451904,12.520000457763672,25.320667266845703,49.339500427246094,170.14585876464844,18.235000610351562,144.57749938964844,171.46551513671875,236.02639770507812,35.227630615234375
2017-09-18,4.627939224243164,13.079999923706055,25.666667938232422,48.70949935913086,168.53005981445312,18.461999893188477,143.3392791748047,171.47415161132812,239.89382934570312,35.17422866821289
2017-09-19,4.623002529144287,13.119999885559082,25.00666618347168,48.49300003051758,171.0181884765625,18.56800079345703,143.91835021972656,168.411376953125,239.30615234375,35.07505798339844
2017-09-20,4.585741996765137,13.739999771118164,24.92733383178711,48.660499572753906,170.67123413085938,18.551000595092773,145.06741333007812,169.3630828857422,242.14981079101562,34.92250442504883
2017-09-21,4.460389137268066,13.40999984741211,24.43199920654297,48.23249816894531,169.62046813964844,18.878000259399414,143.84710693359375,168.8958740234375,242.69961547851562,34.63261413574219
2017-09-22,4.416958332061768,13.300000190734863,23.4060001373291,47.755001068115234,169.05543518066406,18.735000610351562,143.67779541015625,167.0097198486328,243.0882568359375,34.70127487182617
2017-09-25,4.219553470611572,12.609999656677246,22.999332427978516,46.989498138427734,161.4522247314453,17.854999542236328,144.60427856445312,165.90228271484375,241.06919860839844,34.85383987426758
2017-09-26,4.243244171142578,12.449999809265137,23.016666412353516,46.93000030517578,162.78053283691406,17.937999725341797,146.15423583984375,166.72422790527344,240.4815216064453,34.76228332519531
2017-09-27,4.336267948150635,12.739999771118164,22.731332778930664,47.54349899291992,166.22030639648438,18.19700050354004,146.46597290039062,168.27294921875,241.97918701171875,34.05286407470703
2017-09-28,4.335037708282471,12.739999771118164,22.639999389648438,47.81999969482422,167.2611846923828,18.06999969482422,146.0027618408203,169.6658935546875,241.02182006835938,34.258827209472656
2017-09-29,4.411284446716309,12.75,22.739999771118164,48.067501068115234,169.382568359375,18.135000228881836,146.35023498535156,169.4495849609375,240.96493530273438,34.33511734008789
2017-10-02,4.416958332061768,12.710000038146973,22.768667221069336,47.95949935913086,167.99473571777344,17.701000213623047,147.77552795410156,170.8253173828125,242.6522216796875,34.17491149902344
2017-10-03,4.426090240478516,13.420000076293945,23.209333419799805,47.85499954223633,168.48048400878906,17.91900062561035,147.053955078125,171.85484313964844,242.14981079101562,34.4724235534668
2017-10-04,4.463104724884033,13.3100004196167,23.667333602905273,48.272499084472656,166.95388793945312,18.44499969482422,147.1697540283203,173.45547485351562,242.43418884277344,34.70890426635742
2017-10-05,4.460636615753174,13.34000015258789,23.68866729736328,49.04249954223633,169.74932861328125,19.43899917602539,148.82664489746094,171.22323608398438,245.40113830566406,34.72416305541992
2017-10-06,4.473714351654053,13.229999542236328,23.79199981689453,49.479000091552734,170.73069763183594,19.802000045776367,139.9363555908203,171.3616943359375,245.1072540283203,34.70127487182617
2017-10-09,4.574638843536377,13.470000267028809,22.862667083740234,49.54949951171875,170.99835205078125,19.687000274658203,137.72723388671875,169.8389434814453,244.92718505859375,34.6402473449707
2017-10-10,4.661990165710449,13.699999809265137,23.70599937438965,49.36000061035156,170.0962677001953,19.507999420166016,139.74044799804688,168.4373016357422,247.3348388671875,34.991153717041016
2017-10-11,4.71159029006958,13.880000114440918,23.639999389648438,49.75,171.23629760742188,19.4950008392334,140.63124084472656,168.93910217285156,247.81826782226562,35.16659927368164
2017-10-12,4.713809490203857,14.199999809265137,23.711999893188477,50.04650115966797,171.0479278564453,19.586000442504883,140.05224609375,166.91453552246094,248.26377868652344,35.17422866821289
2017-10-13,4.801653861999512,14.220000267028809,23.704666137695312,50.14699935913086,172.22756958007812,19.948999404907227,142.39500427246094,166.56846618652344,247.15469360351562,35.227630615234375
2017-10-16,4.8840718269348145,14.260000228881836,23.373332977294922,50.31700134277344,173.0007781982422,20.26799964904785,141.46864318847656,167.15682983398438,246.21630859375,35.56327438354492
2017-10-17,4.879630088806152,14.15999984741211,23.71666717529297,50.45650100708008,174.5769500732422,19.947999954223633,141.08551025390625,176.4058380126953,245.14515686035156,35.48699188232422
2017-10-18,4.875435829162598,14.069999694824219,23.976667404174805,49.849998474121094,174.4976348876953,19.554000854492188,140.34620666503906,177.56517028808594,246.49122619628906,35.395442962646484
2017-10-19,4.880865573883057,13.949999809265137,23.45400047302246,49.330501556396484,173.04043579101562,19.51300048828125,141.1568145751953,175.8520965576172,245.5432891845703,35.54038619995117
2017-10-20,4.8586554527282715,13.8100004196167,23.00666618347168,49.14550018310547,173.45677185058594,19.416000366210938,143.2145538330078,179.52053833007812,250.95578002929688,35.38019561767578
2017-10-23,4.851747035980225,14.100000381469727,22.468000411987305,48.314998626708984,169.77906799316406,19.246999740600586,144.34591674804688,179.105224609375,248.6523895263672,35.33442306518555
2017-10-24,4.902578830718994,14.25,22.48933219909668,48.79499816894531,170.30447387695312,19.601999282836914,144.56858825683594,180.09156799316406,252.14064025878906,35.227630615234375
2017-10-25,4.778707027435303,12.329999923706055,21.722667694091797,48.64550018310547,169.1149139404297,19.37700080871582,144.4705810546875,179.5810546875,244.9556121826172,35.12845993041992
2017-10-26,4.828797340393066,12.010000228881836,21.744667053222656,48.621498107910156,169.14463806152344,19.520999908447266,144.7200927734375,180.95677185058594,245.76129150390625,35.26576614379883
2017-10-27,4.981046676635742,11.84000015258789,21.391332626342773,55.04750061035156,176.33154296875,19.95400047302246,144.6487579345703,183.94171142578125,243.0977020263672,35.143707275390625
2017-10-30,5.029906272888184,10.890000343322754,21.338666915893555,55.54249954223633,178.30418395996094,19.836999893188477,142.7335205078125,181.16436767578125,245.7423553466797,34.9835319519043
2017-10-31,5.103190898895264,10.989999771118164,22.101999282836914,55.263999938964844,178.49253845214844,19.64299964904785,143.49075317382812,181.8824920654297,244.53851318359375,35.07505798339844
2017-11-01,5.112816333770752,10.800000190734863,21.405332565307617,55.183998107910156,181.06991577148438,19.799999237060547,144.92495727539062,181.2855682373047,245.03140258789062,34.93775939941406
2017-11-02,5.081723213195801,10.850000381469727,19.950666427612305,54.71099853515625,177.36248779296875,19.93199920654297,146.93817138671875,182.64389038085938,248.94625854492188,34.99876403808594
2017-11-03,5.149582386016846,11.119999885559082,20.4060001373291,55.58000183105469,177.36248779296875,20.000999450683594,148.26541137695312,184.17529296875,248.11212158203125,35.06743621826172
2017-11-06,5.172778606414795,11.930000305175781,20.185333251953125,56.03300094604492,178.6016082763672,20.01300048828125,147.02720642089844,183.5264434814453,250.31121826171875,34.68601608276367
2017-11-07,5.231998443603516,12.050000190734863,20.40333366394043,56.15850067138672,178.68093872070312,19.589000701904297,148.1228790283203,184.02825927734375,252.2638702392578,35.0445442199707
2017-11-08,5.161180019378662,11.710000038146973,20.292667388916016,56.64400100708008,177.99693298339844,19.643999099731445,150.59039306640625,182.35836791992188,251.7331085205078,35.227630615234375
2017-11-09,5.066427230834961,11.119999885559082,20.19933319091797,56.45650100708008,177.7391815185547,19.389999389648438,150.6438751220703,183.04188537597656,250.35125732421875,35.26576614379883
2017-11-10,5.333417892456055,11.260000228881836,20.19933319091797,56.26750183105469,176.906494140625,19.20199966430664,152.648193359375,182.6179656982422,248.58824157714844,35.50225067138672
2017-11-13,5.246806621551514,11.09000015258789,21.02666664123535,56.458499908447266,177.2137908935547,19.507999420166016,152.7372283935547,183.99362182617188,250.0843963623047,35.639549255371094
2017-11-14,5.285053253173828,11.119999885559082,20.579999923706055,56.84199905395508,176.5198974609375,19.570999145507812,152.71946716308594,183.17164611816406,249.45541381835938,36.18116760253906
2017-11-15,5.181415557861328,11.069999694824219,20.753332138061523,56.33449935913086,176.4009246826172,19.211999893188477,150.54588317871094,181.57107543945312,250.50369262695312,35.70820999145508
2017-11-16,5.2216362953186035,11.25,20.833332061767578,56.864498138427734,178.02662658691406,19.551000595092773,152.7616424560547,182.66986083984375,251.3042449951172,35.5098762512207
2017-11-17,5.2154669761657715,11.380000114440918,21.003332138061523,56.49399948120117,177.44178771972656,19.31999969482422,152.7616424560547,181.6056365966797,249.93190002441406,34.86909484863281
2017-11-20,5.2825846672058105,11.34000015258789,20.582666397094727,56.31549835205078,177.18406677246094,19.40999984741211,153.92312622070312,181.90850830078125,252.1905059814453,34.67837142944336
2017-11-21,5.331196308135986,11.399999618530273,21.187332153320312,56.9744987487793,180.27688598632812,19.62299919128418,154.94163513183594,183.94171142578125,254.4395751953125,34.92250442504883
2017-11-22,5.307243824005127,11.369999885559082,20.84000015258789,57.80799865722656,179.29551696777344,19.631999969482422,154.101806640625,182.74774169921875,252.68605041503906,34.96826934814453
2017-11-24,5.357371807098389,11.380000114440918,21.036666870117188,59.29999923706055,181.18887329101562,19.575000762939453,153.33349609375,183.8638153076172,253.38174438476562,34.99876403808594
2017-11-27,5.287735462188721,11.550000190734863,21.12066650390625,59.791500091552734,181.4366912841797,19.5049991607666,154.21792602539062,183.76866149902344,253.09585571289062,35.014034271240234
2017-11-28,5.203039646148682,11.170000076293945,21.170000076293945,59.68000030517578,180.83201599121094,19.917999267578125,155.1471405029297,187.0045166015625,255.3925323486328,34.96062469482422
2017-11-29,4.850179195404053,10.829999923706055,20.502666473388672,58.063499450683594,173.60549926757812,18.815000534057617,158.61373901367188,192.8359375,256.64093017578125,34.70890426635742
2017-11-30,4.956110000610352,10.890000343322754,20.59000015258789,58.837501525878906,175.63760375976562,18.757999420166016,164.77847290039062,198.0794219970703,263.78839111328125,35.20110321044922
2017-12-01,4.881292343139648,10.729999542236328,20.435333251953125,58.11750030517578,173.5757293701172,18.68199920654297,165.40394592285156,196.8726806640625,258.6231689453125,35.35492706298828
2017-12-04,4.609178066253662,10.029999732971191,20.34666633605957,56.6974983215332,169.97735595703125,18.40399932861328,169.36190795898438,192.21958923339844,264.9034423828125,35.55489730834961
2017-12-05,4.635844707489014,9.90999984741211,20.246667861938477,57.07849884033203,171.32550048828125,18.42099952697754,167.80731201171875,191.06500244140625,262.5876770019531,35.57796096801758
2017-12-06,4.673377990722656,10.0,20.884000778198242,57.61750030517578,174.52737426757812,18.530000686645508,167.271240234375,190.93478393554688,265.1893005371094,35.72408676147461
2017-12-07,4.74078893661499,10.039999961853027,20.749332427978516,57.989498138427734,178.5718536376953,18.520000457763672,166.35992431640625,191.11709594726562,268.7154235839844,35.20881271362305
2017-12-08,4.728445053100586,9.9399995803833,21.0086669921875,58.099998474121094,177.44178771972656,18.854000091552734,168.03067016601562,194.38124084472656,272.4606628417969,34.84733963012695
2017-12-11,4.806719779968262,10.15999984741211,21.92733383178711,58.44599914550781,177.4814453125,18.621999740600586,168.7365264892578,193.39158630371094,269.84942626953125,34.86271667480469
2017-12-12,4.7123942375183105,9.899999618530273,22.735332489013672,58.25400161743164,175.41957092285156,18.572999954223633,168.2361297607422,193.1485137939453,276.3107604980469,34.83195114135742
2017-12-13,4.597323894500732,10.109999656677246,22.601999282836914,58.20650100708008,176.74786376953125,18.785999298095703,168.21827697753906,194.76319885253906,278.1214294433594,35.30110168457031
2017-12-14,4.6044840812683105,10.130000114440918,22.525999069213867,58.7130012512207,176.8371124267578,18.95599937438965,166.6547393798828,192.0720672607422,280.0655517578125,35.40108108520508
2017-12-15,4.730171203613281,10.289999961853027,22.89666748046875,58.957000732421875,178.61151123046875,19.011999130249023,172.1941375732422,192.56690979003906,280.1227111816406,35.524131774902344
2017-12-18,4.886725425720215,10.979999542236328,22.591333389282227,59.52899932861328,179.24594116210938,19.04199981689453,171.81887817382812,193.30477905273438,282.2193298339844,35.324161529541016
2017-12-19,4.842523574829102,10.949999809265137,22.073333740234375,59.36899948120117,177.94732666015625,18.70199966430664,168.26295471191406,192.75784301757812,283.2771301269531,35.47798538208008
2017-12-20,4.859562873840332,10.979999542236328,21.93199920654297,58.88100051879883,176.34144592285156,18.881999969482422,167.5303192138672,193.052978515625,283.8965759277344,35.43953323364258
2017-12-21,4.837090969085693,10.890000343322754,22.110666275024414,58.737998962402344,175.90528869628906,18.86199951171875,166.89601135253906,192.4540252685547,281.1614685058594,35.070369720458984
2017-12-22,4.821780204772949,10.539999961853027,21.68000030517578,58.417999267578125,175.65744018554688,18.993999481201172,166.74412536621094,190.9868621826172,281.2281494140625,35.062679290771484
2017-12-26,4.875365734100342,10.460000038146973,21.152666091918945,58.8380012512207,174.45799255371094,18.775999069213867,166.672607421875,190.63961791992188,281.4759521484375,35.23188018798828
2017-12-27,4.868698596954346,10.529999732971191,20.775999069213867,59.112998962402344,176.07379150390625,18.624000549316406,166.44921875,191.35147094726562,281.7237854003906,35.324161529541016
2017-12-28,4.874378681182861,10.550000190734863,21.02400016784668,59.30500030517578,176.37118530273438,19.270999908447266,166.7351531982422,193.39158630371094,282.4194641113281,35.162654876708984
2017-12-29,4.778075695037842,10.279999732971191,20.75666618347168,58.4734992980957,174.92388916015625,19.195999145507812,166.28842163085938,191.38624572753906,281.0471496582031,35.28571701049805
2018-01-02,4.922528266906738,10.979999542236328,21.368667602539062,59.45050048828125,179.84072875976562,20.10700035095215,168.25404357910156,191.99391174316406,282.88641357421875,35.02421951293945
2018-01-03,5.246499061584473,11.550000190734863,21.149999618530273,60.209999084472656,183.0624237060547,20.5049991607666,170.27320861816406,194.00791931152344,283.8013000488281,34.94731521606445
2018-01-04,5.274155616760254,12.119999885559082,20.974666595458984,60.47949981689453,182.72537231445312,20.562999725341797,168.9508819580078,194.85000610351562,282.72442626953125,35.43953323364258
2018-01-05,5.318850994110107,11.880000114440918,21.10533332824707,61.457000732421875,185.22344970703125,20.999000549316406,167.74478149414062,198.56556701660156,294.32232666015625,35.43184280395508
2018-01-08,5.481821537017822,12.279999732971191,22.42733383178711,62.34349822998047,186.64100646972656,21.204999923706055,168.39700317382812,195.1190948486328,295.5707092285156,35.37800216674805
2018-01-09,5.480342388153076,11.819999694824219,22.246000289916992,62.6349983215332,186.2345733642578,20.930999755859375,166.44039916992188,196.09146118164062,303.4615478515625,35.55489730834961
2018-01-10,5.5233073234558105,11.960000038146973,22.31999969482422,62.71649932861328,186.20481872558594,21.25200080871582,165.6630401611328,194.63302612304688,305.2055358886719,35.43184280395508
2018-01-11,5.533185005187988,12.140000343322754,22.530000686645508,63.83399963378906,186.13543701171875,21.724000930786133,169.20108032226562,195.66603088378906,312.6960144042969,35.40877151489258
2018-01-12,5.506021976470947,12.020000457763672,22.4146671295166,65.26000213623047,177.80856323242188,22.12299919128418,171.39898681640625,198.4874267578125,320.4056701660156,35.493377685546875
2018-01-16,5.435154914855957,11.90999984741211,22.67066764831543,65.24299621582031,176.8371124267578,22.152999877929688,171.1220245361328,202.18565368652344,319.4050598144531,35.78561019897461
2018-01-17,5.5489888191223145,12.180000305175781,23.143999099731445,64.75,176.05397033691406,21.75,171.80104064941406,206.98638916015625,334.510009765625,36.00865936279297
2018-01-18,5.542073726654053,12.470000267028809,22.971332550048828,64.66600036621094,178.23483276367188,22.033000946044922,171.10415649414062,211.09259033203125,324.17010498046875,36.05479431152344
2018-01-19,5.682084560394287,12.59000015258789,23.334667205810547,64.72899627685547,179.71185302734375,22.04599952697754,171.80104064941406,211.2574920654297,321.8543395996094,36.270137786865234
2018-01-22,5.770483493804932,12.649999618530273,23.437332153320312,66.3655014038086,183.75633239746094,22.757999420166016,173.66836547851562,211.43983459472656,322.11163330078125,36.43934631347656
2018-01-23,5.899381160736084,12.9399995803833,23.519332885742188,68.12699890136719,187.70172119140625,25.02899932861328,172.81063842773438,212.8722381591797,319.81488037109375,36.493186950683594
2018-01-24,5.822584629058838,12.710000038146973,23.05933380126953,67.87550354003906,184.92605590820312,26.1299991607666,173.54324340820312,212.55970764160156,318.9571838378906,36.78544616699219
2018-01-25,5.836166858673096,12.40999984741211,22.50933265686035,68.89749908447266,185.8479461669922,26.969999313354492,176.85789489746094,212.84617614746094,326.9813537597656,36.793128967285156
2018-01-26,6.0085225105285645,12.949999809265137,22.856666564941406,70.10250091552734,188.34603881835938,27.459999084472656,177.71560668945312,215.70228576660156,327.0862121582031,37.323795318603516
2018-01-29,6.095441818237305,13.319999694824219,23.302000045776367,70.88400268554688,184.3610382080078,28.458999633789062,177.18850708007812,214.78207397460938,324.799072265625,36.68545913696289
2018-01-30,5.993459701538086,12.869999885559082,23.05466651916504,71.89099884033203,185.49110412597656,27.8799991607666,176.82217407226562,205.44110107421875,321.83526611328125,36.462425231933594
2018-01-31,6.069515228271484,13.739999771118164,23.62066650390625,72.54450225830078,185.2631072998047,27.030000686645508,174.10610961914062,205.55397033691406,337.71209716796875,36.60084533691406
2018-02-01,5.938640594482422,13.25,23.28333282470703,69.5,191.40911865234375,26.506999969482422,172.8553009033203,204.19969177246094,340.1612548828125,36.493186950683594
2018-02-02,5.766284465789795,12.449999809265137,22.916667938232422,71.49749755859375,188.6235809326172,26.743000030517578,170.6395263671875,201.3001708984375,332.50872802734375,35.93942642211914
2018-02-05,5.276872158050537,11.569999694824219,22.208667755126953,69.5,179.68209838867188,25.426000595092773,163.29542541503906,191.0042724609375,313.42034912109375,34.52432632446289
2018-02-06,5.570224285125732,11.649999618530273,22.264667510986328,72.14199829101562,183.6968536376953,26.57200050354004,165.29669189453125,195.48374938964844,324.884765625,34.35512161254883
2018-02-07,5.649734020233154,11.600000381469727,23.0,70.83899688720703,178.61151123046875,26.45599937438965,163.67059326171875,196.03932189941406,331.7558898925781,34.27052307128906
2018-02-08,5.371199131011963,11.220000267028809,21.01533317565918,67.5250015258789,170.0863800048828,25.010000228881836,159.57861328125,187.91375732421875,315.7144470214844,33.147647857666016
2018-02-09,5.730727195739746,11.3100004196167,20.69466781616211,66.9800033569336,174.5769500732422,24.94700050354004,161.46377563476562,191.82028198242188,318.7503356933594,33.17073440551758
2018-02-12,5.630720615386963,11.680000305175781,21.048667907714844,69.3115005493164,174.87432861328125,25.795000076293945,161.767578125,195.9265594482422,329.2562561035156,33.81675720214844
2018-02-13,5.744309425354004,11.779999732971191,21.577333450317383,70.72550201416016,171.6427001953125,25.82699966430664,164.5283660888672,196.75119018554688,328.64337158203125,33.98595428466797
2018-02-14,5.961358547210693,12.199999809265137,21.487333297729492,72.55249786376953,177.957275390625,26.600000381469727,167.38739013671875,198.60899353027344,330.2618408203125,33.916744232177734
2018-02-15,6.086799144744873,12.1899995803833,22.271333694458008,73.08799743652344,178.3934326171875,28.027000427246094,171.53512573242188,196.2129669189453,341.3807373046875,34.43971633911133
2018-02-16,6.021115779876709,11.819999694824219,22.365999221801758,72.43450164794922,175.81605529785156,27.851999282836914,171.6067352294922,199.12120056152344,340.02081298828125,34.59353256225586
2018-02-20,6.15050745010376,12.020000457763672,22.31800079345703,73.4175033569336,174.47781372070312,27.854999542236328,168.52511596679688,196.76856994628906,338.4022521972656,33.83213424682617
2018-02-21,5.963581562042236,11.720000267028809,22.219999313354492,74.14600372314453,176.36126708984375,28.104000091552734,166.40196228027344,195.4403839111328,337.4637756347656,33.332237243652344
2018-02-22,5.983100891113281,11.84000015258789,23.077999114990234,74.26699829101562,177.43186950683594,27.81399917602539,167.15447998046875,197.141845703125,340.8636169433594,33.47067642211914
2018-02-23,6.076498508453369,12.069999694824219,23.469999313354492,75.0,181.69442749023438,28.593000411987305,170.03904724121094,199.80703735351562,341.572265625,33.87059020996094
2018-02-26,6.09255838394165,12.420000076293945,23.827999114990234,76.09750366210938,183.32017517089844,29.416000366210938,172.72654724121094,203.19268798828125,348.1037292480469,33.86289978027344
2018-02-27,6.079711437225342,12.529999732971191,23.39933204650879,75.5989990234375,179.88035583496094,29.06100082397461,170.2988739013672,201.8557891845703,349.2147216796875,33.547576904296875
2018-02-28,5.979394912719727,12.109999656677246,22.87066650390625,75.62249755859375,176.7677001953125,29.13800048828125,171.0155029296875,196.3345184326172,346.887451171875,33.23994064331055
2018-03-01,5.737502574920654,11.899999618530273,22.062000274658203,74.67250061035156,174.408447265625,29.038999557495117,169.34030151367188,194.85000610351562,334.8971252441406,33.40144729614258
2018-03-02,5.844488143920898,11.8100004196167,22.341333389282227,75.01249694824219,175.08251953125,30.104999542236328,169.6090087890625,195.49244689941406,330.0894775390625,33.62449645996094
2018-03-05,5.8224968910217285,11.90999984741211,22.22333335876465,76.18049621582031,178.82955932617188,31.5,171.53512573242188,198.26173400878906,337.8276672363281,33.75523376464844
2018-03-06,5.983348369598389,11.760000228881836,21.8799991607666,76.88200378417969,178.21498107910156,32.52199935913086,171.51718139648438,196.3518829345703,334.1596984863281,33.78599548339844
2018-03-07,5.975440502166748,12.239999771118164,22.15333366394043,77.25,182.1107940673828,32.11600112915039,167.84425354003906,197.29811096191406,332.3592529296875,33.70140075683594
2018-03-08,5.959134578704834,11.970000267028809,21.940000534057617,77.59300231933594,180.752685546875,31.700000762939453,166.3481903076172,195.739013671875,333.9777526855469,34.1859130859375
2018-03-09,6.061673641204834,11.699999809265137,21.81133270263672,78.94450378417969,183.6175537109375,33.14400100708008,168.9371795654297,196.34869384765625,339.5227966308594,34.47047805786133
2018-03-12,6.171131610870361,11.520000457763672,23.034000396728516,79.91950225830078,183.15167236328125,32.130001068115234,169.6448974609375,194.0319061279297,329.6297912597656,34.24744415283203
2018-03-13,6.120479106903076,11.640000343322754,22.78933334350586,79.40899658203125,180.29673767089844,31.58799934387207,167.93386840820312,197.66397094726562,324.34332275390625,34.2782096862793
2018-03-14,6.145927906036377,11.359999656677246,21.775333404541016,79.55000305175781,182.5865936279297,32.154998779296875,165.3986053466797,196.30517578125,316.2890930175781,33.967857360839844
2018-03-15,6.160754203796387,11.460000038146973,21.706666946411133,79.11599731445312,182.25950622558594,32.10900115966797,166.1869659423828,199.8762664794922,316.0209045410156,33.88251876831055
2018-03-16,6.188920974731445,11.470000267028809,21.42333221435547,78.58399963378906,183.47874450683594,31.844999313354492,166.50950622558594,198.46524047851562,316.4902038574219,33.719581604003906
2018-03-19,5.954687118530273,11.430000305175781,20.90399932861328,77.24649810791016,171.05784606933594,31.347999572753906,164.96861267089844,196.0177764892578,317.7256164550781,33.56439971923828
2018-03-20,6.166684627532959,11.109999656677246,20.703332901000977,79.32550048828125,166.6862335205078,31.75,167.8352813720703,197.52450561523438,323.3472900390625,33.48680877685547
2018-03-21,6.141481876373291,11.260000228881836,21.101999282836914,79.09300231933594,167.91543579101562,31.648000717163086,166.68862915039062,194.07545471191406,322.83966064453125,33.3626823425293
2018-03-22,5.975688457489014,10.90999984741211,20.606666564941406,77.24600219726562,163.45462036132812,30.670000076293945,163.6158905029297,187.44717407226562,306.0895690917969,33.17646408081055
2018-03-23,5.756279945373535,10.630000114440918,20.1026668548584,74.77799987792969,158.0024871826172,30.0939998626709,162.00341796875,185.1302947998047,307.4207458496094,32.84283447265625
2018-03-26,6.0406718254089355,10.4399995803833,20.278667449951172,77.79299926757812,158.66665649414062,32.03499984741211,167.71885681152344,190.8092041015625,315.0536804199219,33.122154235839844
2018-03-27,5.572204113006592,10.0,18.61199951171875,74.85250091552734,150.89491271972656,30.069000244140625,164.0727996826172,189.84242248535156,307.5357360839844,33.27733612060547
2018-03-28,5.4691691398620605,9.8100004196167,17.185333251953125,71.57099914550781,151.69784545898438,28.57699966430664,164.48486328125,190.31271362304688,306.4822082519531,33.610958099365234
2018-03-29,5.7221808433532715,10.050000190734863,17.742000579833984,72.36699676513672,158.3990020751953,29.53499984741211,168.80284118652344,186.39328002929688,314.009765625,33.6963005065918
2018-04-02,5.461759090423584,9.529999732971191,16.832000732421875,68.59950256347656,154.0373077392578,28.02899932861328,163.71450805664062,189.18043518066406,308.7998962402344,33.10663604736328
2018-04-03,5.568002223968506,9.550000190734863,17.8353328704834,69.60250091552734,154.7510528564453,28.367000579833984,163.58901977539062,195.6083984375,316.8254089355469,33.65752029418945
2018-04-04,5.589992523193359,9.770000457763672,19.12933349609375,70.52850341796875,153.74984741210938,28.893999099731445,166.1958770751953,199.2752685546875,313.5884094238281,34.324764251708984
2018-04-05,5.469911575317383,10.020000457763672,20.381332397460938,72.5875015258789,157.95291137695312,29.39699935913086,166.849853515625,199.5191650390625,322.1693420410156,34.44891357421875
2018-04-06,5.293743133544922,9.609999656677246,19.953332901000977,70.2614974975586,155.83155822753906,28.885000228881836,164.79843139648438,195.06838989257812,312.32421875,34.07646942138672
2018-04-09,5.3224029541015625,9.529999732971191,19.310667037963867,70.30400085449219,156.55517578125,28.993000030517578,165.2015380859375,193.99703979492188,308.8381652832031,34.00665283203125
2018-04-10,5.631255626678467,9.979999542236328,20.31333351135254,71.81099700927734,163.6033172607422,29.80699920654297,164.43109130859375,197.53323364257812,320.665771484375,34.130794525146484
2018-04-11,5.589992523193359,9.819999694824219,20.062000274658203,71.35250091552734,164.87217712402344,30.367000579833984,165.4165496826172,193.27410888671875,313.5117492675781,34.130794525146484
2018-04-12,5.796553134918213,10.079999923706055,19.60533332824707,72.42500305175781,162.4434814453125,30.924999237060547,169.15216064453125,195.31228637695312,323.20367431640625,34.16183090209961
2018-04-13,5.7199578285217285,9.930000305175781,20.022666931152344,71.53949737548828,163.08782958984375,31.165000915527344,169.2328338623047,195.3470916748047,315.35052490234375,34.53424835205078
2018-04-16,5.719710350036621,10.09000015258789,19.413999557495117,72.07499694824219,163.3951416015625,30.777999877929688,174.31222534179688,200.6078643798828,317.7351989746094,34.666160583496094
2018-04-17,5.869194984436035,10.520000457763672,19.179332733154297,75.19149780273438,167.19180297851562,33.60599899291992,175.58433532714844,207.7761993408203,322.47576904296875,34.821327209472656
2018-04-18,5.840288162231445,10.359999656677246,19.55666732788086,76.39199829101562,164.9118194580078,33.45199966430664,176.0411834716797,205.90359497070312,326.5747375488281,34.53424835205078
2018-04-19,5.659175872802734,10.109999656677246,20.005332946777344,77.84549713134766,166.6366729736328,33.27000045776367,174.7511749267578,205.3461151123047,326.22998046875,34.37907791137695
2018-04-20,5.651021957397461,9.989999771118164,19.349332809448242,76.37449645996094,164.83253479003906,32.777000427246094,173.39846801757812,204.7364044189453,324.34332275390625,33.936824798583984
2018-04-23,5.531683444976807,10.039999961853027,18.891332626342773,75.89299774169922,164.39633178710938,31.868999481201172,173.2103729248047,204.10928344726562,324.5060729980469,34.1230354309082
2018-04-24,5.465462684631348,10.09000015258789,18.8973331451416,73.00450134277344,158.29991149902344,30.70199966430664,172.45782470703125,204.00477600097656,315.1398010253906,33.416988372802734
2018-04-25,5.353288650512695,9.710000038146973,18.71266746520996,73.00849914550781,158.29991149902344,30.576000213623047,173.76573181152344,204.5970458984375,328.3560791015625,32.9204216003418
2018-04-26,5.564790725708008,11.039999961853027,19.031999588012695,75.89800262451172,172.6439208984375,31.398000717163086,174.92135620117188,206.4523162841797,328.2890319824219,33.16869354248047
2018-04-27,5.592216491699219,11.109999656677246,19.60533332824707,78.63099670410156,172.07887268066406,31.176000595092773,176.10391235351562,209.1959228515625,326.4598083496094,33.603206634521484
2018-04-30,5.556884288787842,10.880000114440918,19.593332290649414,78.30650329589844,170.5027313232422,31.246000289916992,176.62347412109375,205.90359497070312,319.4494934082031,33.525611877441406
2018-05-01,5.6122307777404785,11.130000114440918,19.994667053222656,79.11299896240234,172.34654235839844,31.329999923706055,176.07701110839844,206.29551696777344,315.5994873046875,33.0445671081543
2018-05-02,5.591721534729004,10.970000267028809,20.07666778564453,78.48400115966797,174.53729248046875,31.336000442504883,173.79263305664062,203.34280395507812,310.4758605957031,32.63335418701172
2018-05-03,5.75677490234375,10.930000305175781,18.963333129882812,78.60399627685547,172.505126953125,31.16900062561035,172.90573120117188,203.94383239746094,316.70086669921875,32.50145721435547
2018-05-04,5.906752586364746,11.279999732971191,19.606000900268555,79.04750061035156,175.07257080078125,32.00899887084961,174.858642578125,205.46807861328125,320.2826232910156,32.866111755371094
2018-05-07,6.144445419311523,11.59000015258789,20.184667587280273,80.00700378417969,176.4207763671875,32.625999450683594,172.9505157470703,203.6215362548828,326.02880859375,32.69542694091797
2018-05-08,6.186944484710693,11.609999656677246,20.131332397460938,79.61949920654297,177.36248779296875,32.68899917602539,174.2226104736328,202.0972900390625,324.0559387207031,32.43938446044922
2018-05-09,6.319875240325928,11.949999809265137,20.456666946411133,80.4000015258789,181.06991577148438,33.029998779296875,175.6201171875,199.64111328125,329.9266662597656,32.41611099243164
2018-05-10,6.42735481262207,12.130000114440918,20.334667205810547,80.4540023803711,183.91494750976562,32.959999084472656,175.60220336914062,203.5605926513672,331.1586608886719,32.726463317871094
2018-05-11,6.2889885902404785,11.949999809265137,20.070667266845703,80.14550018310547,185.36224365234375,32.645999908447266,175.88070678710938,207.54103088378906,329.6090393066406,32.69542694091797
2018-05-14,6.309496879577637,12.229999542236328,19.46466636657715,80.0770034790039,185.0152587890625,32.85300064086914,175.9884490966797,211.5650634765625,331.65911865234375,32.617835998535156
2018-05-15,6.067357063293457,12.449999809265137,18.94533348083496,78.80599975585938,182.71548461914062,32.612998962402344,175.6291046142578,208.60365295410156,329.2817687988281,32.36954879760742
2018-05-16,6.078474521636963,12.819999694824219,19.09866714477539,79.36399841308594,181.60520935058594,32.819000244140625,178.53109741210938,210.5373077392578,328.1749572753906,32.2376594543457
2018-05-17,6.120479106903076,12.819999694824219,18.96933364868164,79.08799743652344,182.1603546142578,32.52199935913086,179.3307647705078,211.6172637939453,331.2260437011719,32.81956100463867
2018-05-18,6.076744079589844,13.0,18.454666137695312,78.71849822998047,181.08975219726562,32.417999267578125,178.7557373046875,213.08058166503906,338.0499572753906,32.726463317871094
2018-05-21,6.034739971160889,12.989999771118164,18.965999603271484,79.27300262451172,182.8839874267578,33.18199920654297,179.3486785888672,215.9200439453125,350.2637939453125,32.904903411865234
2018-05-22,5.9966912269592285,12.979999542236328,18.333999633789062,79.06999969482422,182.1999969482422,33.1619987487793,178.76467895507812,213.55093383789062,341.6977233886719,32.780765533447266
2018-05-23,6.120060920715332,13.100000381469727,18.60466766357422,80.09300231933594,185.2729949951172,34.47200012207031,178.0189971923828,212.7495574951172,345.73046875,32.89714813232422
2018-05-24,6.123767852783203,13.40999984741211,18.523332595825195,80.15350341796875,184.3114776611328,34.92900085449219,178.6928253173828,211.41693115234375,345.52838134765625,32.835079193115234
2018-05-25,6.163079261779785,13.539999961853027,18.59000015258789,80.50749969482422,183.3102264404297,35.12900161743164,178.2166290283203,213.35060119628906,346.5774841308594,32.89714813232422
2018-05-29,6.146020889282227,13.359999656677246,18.917333602905273,80.64350128173828,184.1231231689453,34.972999572753906,176.76116943359375,210.92922973632812,339.2530212402344,33.11439895629883
2018-05-30,6.254805088043213,13.819999694824219,19.447999954223633,81.24449920654297,186.03631591796875,35.354000091552734,179.36668395996094,213.3418731689453,344.7488098144531,33.46354675292969
2018-05-31,6.235025882720947,13.729999542236328,18.98200035095215,81.48100280761719,190.1105194091797,35.15999984741211,178.10890197753906,210.3543701171875,338.9450378417969,33.3626823425293
2018-06-01,6.369272708892822,14.399999618530273,19.454666137695312,82.0770034790039,192.30128479003906,35.99300003051758,177.111572265625,211.95700073242188,343.3339538574219,33.45577621459961
2018-06-04,6.5480241775512695,14.850000381469727,19.78266716003418,83.26349639892578,191.59747314453125,36.180999755859375,178.4502410888672,213.07186889648438,347.1934814453125,33.74284744262695
2018-06-05,6.553464412689209,14.850000381469727,19.408666610717773,84.81749725341797,191.2604217529297,36.58000183105469,177.74945068359375,212.8976593017578,346.5871276855469,33.44802474975586
2018-06-06,6.555441856384277,15.670000076293945,21.299999237060547,84.7874984741211,189.67437744140625,36.744998931884766,177.58775329589844,216.5732421875,357.6170349121094,33.719581604003906
2018-06-07,6.499814987182617,14.890000343322754,21.07266616821289,84.46499633789062,186.54185485839844,36.13999938964844,181.99916076660156,216.86070251464844,354.7007751464844,33.70405960083008
2018-06-08,6.484485626220703,15.25,21.17733383178711,84.19950103759766,187.45388793945312,36.05699920654297,183.0682830810547,218.3413848876953,355.63433837890625,34.09975814819336
2018-06-11,6.44344425201416,15.729999542236328,22.139999389648438,84.45600128173828,189.8726043701172,36.14500045776367,183.73318481445312,221.04151916503906,357.02032470703125,34.23940658569336
2018-06-12,6.491903781890869,15.850000381469727,22.851333618164062,84.9375,190.7251434326172,36.382999420166016,184.07456970214844,220.86727905273438,356.71234130859375,34.456661224365234
2018-06-13,6.487452030181885,16.31999969482422,22.985332489013672,85.24299621582031,190.73504638671875,37.99300003051758,183.3827362060547,220.24887084960938,350.1963806152344,34.27821350097656
2018-06-14,6.598955154418945,16.25,23.847999572753906,86.19300079345703,195.09674072265625,39.2869987487793,184.29019165039062,222.39151000976562,348.8200378417969,34.113826751708984
2018-06-15,6.558162689208984,16.34000015258789,23.878000259399414,85.79850006103516,194.14511108398438,39.198001861572266,186.26681518554688,223.74635314941406,344.4504089355469,34.53653335571289
2018-06-18,6.553960800170898,17.110000610351562,24.722000122070312,86.18949890136719,196.5836639404297,39.040000915527344,185.26950073242188,222.77610778808594,341.42822265625,34.09033966064453
2018-06-19,6.432318687438965,16.690000534057617,23.503332138061523,86.73899841308594,195.77081298828125,40.49800109863281,186.4554443359375,221.15907287597656,328.3193359375,34.12948226928711
2018-06-20,6.485226631164551,16.520000457763672,24.148000717163086,87.50399780273438,200.2415771484375,41.67599868774414,186.85972595214844,220.97555541992188,329.8304443359375,33.86333084106445
2018-06-21,6.356665134429932,15.649999618530273,23.167333602905273,86.51100158691406,199.7459259033203,41.54399871826172,188.63868713378906,220.17140197753906,324.9891662597656,33.73025894165039
2018-06-22,6.2043681144714355,15.800000190734863,22.242000579833984,85.78350067138672,199.9838104248047,41.10900115966797,189.6629180908203,222.33908081054688,326.1922607421875,33.855499267578125
2018-06-25,5.911889553070068,15.109999656677246,22.200666427612305,83.15750122070312,194.6407470703125,38.448001861572266,190.24693298339844,219.13998413085938,318.7715759277344,34.113826751708984
2018-06-26,5.982845306396484,15.5,22.799999237060547,84.55449676513672,197.26768493652344,39.93899917602539,188.75546264648438,218.31834411621094,318.8678283691406,33.91812515258789
2018-06-27,5.827828884124756,14.970000267028809,22.96666717529297,83.02549743652344,194.13516235351562,39.03900146484375,188.70156860351562,216.91981506347656,317.4433898925781,33.71460723876953
2018-06-28,5.954907417297363,15.3100004196167,23.32866668701172,85.07250213623047,194.5218048095703,39.54199981689453,187.51564025878906,214.0615692138672,322.09210205078125,34.0277214050293
2018-06-29,5.857004165649414,14.989999771118164,22.863332748413086,84.98999786376953,192.62843322753906,39.143001556396484,187.75827026367188,214.4461669921875,322.91986083984375,34.3330078125
2018-07-02,5.989027500152588,15.15999984741211,22.33799934387207,85.68900299072266,195.6419677734375,39.81800079345703,186.8686981201172,216.31671142578125,323.4684753417969,34.24689483642578
2018-07-03,5.855518341064453,15.0,20.724000930786133,84.697998046875,191.05226135253906,39.051998138427734,186.08709716796875,215.87965393066406,320.4366760253906,34.43476104736328
2018-07-05,6.00114107131958,15.5,20.610666275024414,84.98650360107422,196.72250366210938,39.8390007019043,187.90194702148438,218.95639038085938,320.67730712890625,34.9592399597168
2018-07-06,6.114869594573975,16.360000610351562,20.593332290649414,85.53150177001953,201.4608612060547,40.82500076293945,188.33323669433594,219.1836700439453,322.08251953125,34.94358825683594
2018-07-09,6.162338733673096,16.610000610351562,21.233999252319336,86.95099639892578,202.95773315429688,41.89699935913086,189.51918029785156,221.72718811035156,329.0893249511719,34.75571060180664
2018-07-10,6.261232852935791,16.549999237060547,21.49799919128418,87.15350341796875,201.76815795898438,41.5629997253418,190.20201110839844,223.3617401123047,334.1326599121094,35.20189666748047
2018-07-11,6.119813919067383,16.270000457763672,21.263999938964844,87.75,200.77687072753906,41.8650016784668,189.52813720703125,222.5313720703125,327.8188781738281,35.060997009277344
2018-07-12,6.2112908363342285,16.559999465942383,21.11400032043457,89.83100128173828,205.11874389648438,41.349998474121094,192.28639221191406,223.80751037597656,333.04510498046875,34.96706008911133
2018-07-13,6.164069175720215,16.270000457763672,21.257999420166016,90.65149688720703,205.5152587890625,39.58000183105469,194.5504608154297,226.1238555908203,337.6264953613281,35.021846771240234
2018-07-16,6.136377811431885,16.579999923706055,20.67333221435547,91.12449645996094,205.426025390625,40.04800033569336,193.03211975097656,224.62046813964844,342.7372131347656,35.0140266418457
2018-07-17,6.272110939025879,16.8700008392334,21.512666702270508,92.19650268554688,208.16201782226562,37.948001861572266,193.16693115234375,218.77285766601562,343.4879455566406,35.42107391357422
2018-07-18,6.222912788391113,16.850000381469727,21.59000015258789,92.14600372314453,207.53750610351562,37.51300048828125,193.13995361328125,223.25685119628906,346.71221923828125,35.3193244934082
2018-07-19,6.231069087982178,16.709999084472656,21.34866714477539,90.64849853515625,206.278564453125,36.42300033569336,195.4488983154297,221.08038330078125,341.99609375,35.31148910522461
2018-07-20,6.202884674072266,16.5,20.905332565307617,90.68499755859375,208.11244201660156,36.10499954223633,196.48216247558594,220.87937927246094,341.5822448730469,35.44456100463867
2018-07-23,6.166293144226074,16.65999984741211,20.213333129882812,90.0999984741211,209.07400512695312,36.26599884033203,196.616943359375,220.9143524169922,340.0133972167969,35.18624496459961
2018-07-24,6.148987770080566,16.190000534057617,19.82866668701172,91.46199798583984,212.80126953125,35.731998443603516,196.3833465576172,221.80592346191406,344.82574462890625,35.42890167236328
2018-07-25,6.227113723754883,16.049999237060547,20.582666397094727,93.18049621582031,215.60662841796875,36.2869987487793,198.28802490234375,222.767333984375,342.56396484375,36.078609466552734
2018-07-26,6.30054235458374,18.350000381469727,20.44333267211914,90.4000015258789,174.7256317138672,36.308998107910156,199.20445251464844,224.63783264160156,345.8363342285156,36.196044921875
2018-07-27,6.230823993682861,18.940000534057617,19.812000274658203,90.8635025024414,173.36756896972656,35.520999908447266,197.34463500976562,223.72012329101562,347.1164245605469,36.172542572021484
2018-07-30,6.035754203796387,19.420000076293945,19.344667434692383,88.96099853515625,169.5708770751953,33.49599838256836,196.85951232910156,221.8758544921875,337.8863525390625,36.18820571899414
2018-07-31,6.053801536560059,18.329999923706055,19.875999450683594,88.87200164794922,171.0776824951172,33.744998931884766,196.50010681152344,221.3339080810547,342.9296875,36.50132751464844
2018-08-01,6.093606948852539,18.479999542236328,20.055999755859375,89.8584976196289,170.15576171875,33.8380012512207,195.08059692382812,221.46499633789062,339.52252197265625,36.31344985961914
2018-08-02,6.19620943069458,18.790000915527344,23.30266761779785,91.71649932861328,174.8346710205078,34.45000076293945,198.66537475585938,223.83372497558594,336.60626220703125,36.14906311035156
2018-08-03,6.232799530029297,18.489999771118164,23.211332321166992,91.16449737548828,176.232421875,34.308998107910156,199.48300170898438,224.83021545410156,335.3646545410156,36.493507385253906
2018-08-06,6.280517101287842,19.43000030517578,22.799333572387695,92.38749694824219,184.0735626220703,35.09199905395508,200.10289001464844,224.4281463623047,333.5648193359375,36.51698303222656
2018-08-07,6.352709770202637,19.559999465942383,25.30466651916504,93.1240005493164,182.20989990234375,35.18299865722656,201.1271514892578,225.20603942871094,337.5976257324219,36.39956283569336
2018-08-08,6.3890509605407715,19.579999923706055,24.689332962036133,94.32599639892578,183.56797790527344,34.76100158691406,201.7740478515625,226.22000122070312,334.72943115234375,36.125579833984375
2018-08-09,6.340595722198486,19.100000381469727,23.496667861938477,94.9260025024414,181.4961700439453,34.93600082397461,196.07786560058594,228.64993286132812,332.4563903808594,36.282142639160156
2018-08-10,6.299305438995361,19.059999465942383,23.69933319091797,94.31500244140625,178.69081115722656,34.58700180053711,197.93763732910156,227.5747833251953,328.28765869140625,36.07079315185547
2018-08-13,6.332189083099365,19.729999542236328,23.76066780090332,94.80999755859375,178.482666015625,34.13100051879883,197.26385498046875,228.05557250976562,327.27203369140625,35.875083923339844
2018-08-14,6.463469505310059,20.020000457763672,23.176000595092773,95.98249816894531,179.53341674804688,33.749000549316406,199.4560089111328,230.30189514160156,328.0265197753906,35.922061920166016
2018-08-15,6.40537166595459,19.700000762939453,22.57933235168457,94.13099670410156,177.96717834472656,32.63999938964844,199.1595458984375,227.79335021972656,320.88836669921875,36.07079315185547
2018-08-16,6.364823818206787,19.329999923706055,22.363332748413086,94.32599639892578,173.17921447753906,32.24399948120117,200.52516174316406,229.9697265625,334.64239501953125,36.18037796020508
2018-08-17,6.052813529968262,19.770000457763672,20.366666793823242,94.11100006103516,172.2870635986328,31.67799949645996,202.76234436035156,229.2967529296875,335.048583984375,36.47783279418945
2018-08-20,6.127477645874023,19.979999542236328,20.562667846679688,93.83550262451172,170.99835205078125,32.77299880981445,204.2627410888672,229.35791015625,339.246337890625,36.57959747314453
2018-08-21,6.26296329498291,20.399999618530273,21.459999084472656,94.1709976196289,171.11732482910156,33.801998138427734,205.33189392089844,228.73733520507812,342.17706298828125,36.18037796020508
2018-08-22,6.497836589813232,20.899999618530273,21.44266700744629,95.24500274658203,172.12844848632812,34.444000244140625,205.93389892578125,227.90696716308594,338.5596618652344,35.9533805847168
2018-08-23,6.597226619720459,22.290000915527344,21.34000015258789,95.1449966430664,171.39488220214844,33.91699981689453,206.203369140625,228.5013427734375,336.0932312011719,35.77333068847656
2018-08-24,6.73023796081543,23.979999542236328,21.521333694458008,95.26950073242188,173.12965393066406,35.88199996948242,207.79367065429688,231.00119018554688,337.93096923828125,35.71854019165039
2018-08-27,6.821218967437744,25.260000228881836,21.284666061401367,96.38400268554688,175.91519165039062,36.45800018310547,206.67054748535156,233.44857788085938,342.1481018066406,35.7655029296875
2018-08-28,6.783639430999756,25.049999237060547,20.790666580200195,96.64099884033203,174.7256317138672,36.8489990234375,206.87721252441406,234.69854736328125,339.70098876953125,35.51500701904297
2018-08-29,6.889019012451172,25.200000762939453,20.333999633789062,99.90499877929688,174.3687744140625,36.80400085449219,206.81439208984375,235.12680053710938,338.71441650390625,35.483707427978516
2018-08-30,6.872198104858398,24.889999389648438,20.209999084472656,100.11900329589844,176.09359741210938,37.097999572753906,207.90420532226562,234.59371948242188,335.53216552734375,35.18624496459961
2018-08-31,6.94319486618042,25.170000076293945,20.110666275024414,100.635498046875,174.20025634765625,36.768001556396484,209.97573852539062,234.65481567382812,331.556884765625,34.888790130615234
2018-09-04,7.017899036407471,28.059999465942383,19.26333236694336,101.97550201416016,169.6700439453125,36.36000061035156,211.37181091308594,234.69854736328125,334.90350341796875,35.037513732910156
2018-09-05,6.887288570404053,28.510000228881836,18.715999603271484,99.74099731445312,165.72467041015625,34.11800003051758,212.2093963623047,233.93809509277344,335.3194274902344,35.52284622192383
2018-09-06,6.746287822723389,27.84000015258789,18.729999542236328,97.91549682617188,161.11517333984375,34.645999908447266,213.1731414794922,236.49024963378906,339.7590026855469,35.82811737060547
2018-09-07,6.725014686584473,27.3799991607666,17.549333572387695,97.60350036621094,161.62071228027344,34.86800003051758,217.47840881347656,235.2886962890625,337.834228515625,35.78898239135742
2018-09-10,6.796008110046387,29.889999389648438,19.03333282470703,96.95050048828125,162.75079345703125,34.840999603271484,219.0275421142578,227.7901611328125,330.6573486328125,36.05513381958008
2018-09-11,6.748266220092773,30.100000381469727,18.62933349609375,99.35749816894531,164.49546813964844,35.59299850463867,219.9552459716797,228.93910217285156,333.936279296875,36.023826599121094
2018-09-12,6.6344757080078125,32.209999084472656,19.369333267211914,99.5,160.58975219726562,36.994998931884766,218.3610076904297,230.3686065673828,341.8288879394531,36.196044921875
2018-09-13,6.712152004241943,30.479999542236328,19.297332763671875,99.49349975585938,159.9553680419922,36.814998626708984,217.30726623535156,232.84176635742188,343.81170654296875,36.180240631103516
2018-09-14,6.8380608558654785,32.720001220703125,19.68000030517578,98.5094985961914,160.906982421875,36.45600128173828,212.00222778320312,232.68394470214844,348.00946044921875,36.306549072265625
2018-09-17,6.776217937469482,32.43000030517578,19.6560001373291,95.40149688720703,159.18212890625,35.03499984741211,208.95799255371094,231.4210205078125,344.2953186035156,36.567073822021484
2018-09-18,6.704233646392822,31.93000030517578,18.997333526611328,97.05249786376953,158.90457153320312,36.76499938964844,211.07461547851562,230.91236877441406,351.6656188964844,36.259193420410156
2018-09-19,6.7279815673828125,31.209999084472656,19.934667587280273,96.32099914550781,161.6405487060547,36.69599914550781,210.62420654296875,232.70144653320312,353.25189208984375,36.28287124633789
2018-09-20,6.586979866027832,31.18000030517578,19.8886661529541,97.21499633789062,164.5747833251953,36.5359992980957,210.68728637695312,233.6311798095703,355.41845703125,36.8196907043457
2018-09-21,6.516974925994873,31.020000457763672,19.940000534057617,95.75050354003906,161.5116729736328,36.11899948120117,211.44381713867188,233.87669372558594,360.03216552734375,36.77233123779297
2018-09-24,6.572633743286133,32.61000061035156,19.978666305541992,96.71800231933594,163.97007751464844,36.96099853515625,210.16485595703125,234.48187255859375,355.9311218261719,36.36970901489258
2018-09-25,6.639671802520752,32.56999969482422,20.06599998474121,98.72750091552734,163.47447204589844,36.94300079345703,209.79556274414062,231.105224609375,355.196044921875,36.06182861328125
2018-09-26,6.60281229019165,32.189998626708984,20.6386661529541,98.74250030517578,165.49667358398438,37.78799819946289,210.5882110595703,230.57911682128906,353.068115234375,36.19603729248047
2018-09-27,6.614686489105225,32.59000015258789,20.501333236694336,100.64900207519531,167.37020874023438,38.07099914550781,210.7593231201172,232.10513305664062,355.35076904296875,36.322349548339844
2018-09-28,6.951605319976807,30.889999389648438,17.65133285522461,100.1500015258789,163.0283660888672,37.41299819946289,211.55197143554688,233.32420349121094,359.71295166015625,36.464439392089844
2018-10-01,7.157912731170654,31.420000076293945,20.713333129882812,100.21800231933594,161.02593994140625,38.143001556396484,211.3447723388672,236.00779724121094,369.7624816894531,36.496028900146484
2018-10-02,7.086670398712158,29.020000457763672,20.06800079345703,98.56549835205078,157.94302368164062,37.7140007019043,212.8759002685547,237.3497772216797,373.70880126953125,36.717071533203125
2018-10-03,7.092852592468262,28.43000030517578,19.65333366394043,97.63800048828125,161.01600646972656,37.70500183105469,210.03875732421875,237.5865478515625,379.4444885253906,36.21181869506836
2018-10-04,6.908809661865234,27.780000686645508,18.788667678833008,95.47100067138672,157.46719360351562,36.3650016784668,208.6697235107422,235.32376098632812,377.2101745605469,36.19603729248047
2018-10-05,6.675539970397949,27.350000381469727,17.463333129882812,94.48249816894531,155.96044921875,35.1349983215332,197.08700561523438,236.0956268310547,373.8055114746094,36.21971893310547
2018-10-08,6.574363708496094,26.459999084472656,16.70400047302246,93.22100067138672,155.88111877441406,34.90999984741211,201.689453125,235.92889404296875,373.12847900390625,36.69339370727539
2018-10-09,6.568676471710205,27.239999771118164,17.520000457763672,93.51599884033203,156.52545166015625,35.57099914550781,201.90562438964844,236.89364624023438,372.8092956542969,36.62232971191406
2018-10-10,6.077645301818848,25.0,17.125333786010742,87.76249694824219,150.06222534179688,32.5890007019043,199.0955047607422,230.72811889648438,355.42816162109375,36.06182861328125
2018-10-11,5.8164215087890625,25.299999237060547,16.815332412719727,85.96800231933594,152.0150909423828,32.11000061035156,199.7890625,225.50106811523438,346.37481689453125,35.24081039428711
2018-10-12,6.098672866821289,26.34000015258789,17.25200080871582,89.43049621582031,152.40167236328125,33.95600128173828,204.4095001220703,227.68490600585938,348.309326171875,35.272377014160156
2018-10-15,5.822605609893799,26.260000228881836,17.305999755859375,88.04750061035156,152.18360900878906,33.3129997253418,202.2118682861328,228.24615478515625,347.1196594238281,35.45396041870117
2018-10-16,6.081108570098877,28.18000030517578,18.439332962036133,90.99800109863281,157.39781188964844,34.63999938964844,205.06700134277344,239.05113220214844,356.1826171875,35.911842346191406
2018-10-17,6.01258659362793,27.299999237060547,18.118667602539062,91.58650207519531,158.03224182128906,36.470001220703125,205.79652404785156,234.4292449951172,353.5227355957031,36.20393371582031
2018-10-18,5.925262928009033,26.6200008392334,17.5939998626709,88.53600311279297,153.5713653564453,34.67100143432617,205.87762451171875,233.99948120117188,347.57421875,36.00657272338867
2018-10-19,5.668989658355713,23.65999984741211,17.333332061767578,88.20149993896484,152.708984375,33.266998291015625,206.85935974121094,232.67520141601562,344.5855407714844,36.57496643066406
2018-10-22,5.719699382781982,25.030000686645508,17.39666748046875,89.46499633789062,153.43260192871094,32.95399856567383,206.3099365234375,229.94761657714844,344.3146667480469,36.290771484375
2018-10-23,5.468371868133545,25.09000015258789,19.609333038330078,88.43499755859375,153.04603576660156,33.316001892089844,206.03074645996094,232.28927612304688,338.5789794921875,36.59864807128906
2018-10-24,4.932814598083496,22.790000915527344,19.233333587646484,83.20999908447266,144.76869201660156,30.183000564575195,201.536376953125,224.7994842529297,343.02825927734375,36.890750885009766
2018-10-25,5.141347408294678,19.270000457763672,20.99066734313965,89.1084976196289,149.63592529296875,31.28700065612793,203.91412353515625,231.74549865722656,351.849365234375,36.717071533203125
2018-10-26,4.905108451843262,17.6299991607666,22.059999465942383,82.1405029296875,144.10452270507812,29.982999801635742,196.51953125,226.43072509765625,347.49688720703125,36.25128936767578
2018-10-29,4.591691017150879,16.850000381469727,22.323333740234375,76.94400024414062,140.85311889648438,28.483999252319336,200.3294677734375,224.97486877441406,324.59283447265625,36.67759704589844
2018-10-30,5.021622657775879,17.200000762939453,21.99333381652832,76.52100372314453,144.9471435546875,28.58099937438965,205.2831573486328,226.51844787597656,338.4435729980469,37.60124206542969
2018-10-31,5.215312480926514,18.209999084472656,22.488000869750977,79.90049743652344,150.4686279296875,30.17799949645996,205.9226837158203,229.2109375,343.2313537597656,37.79861068725586
2018-11-01,5.39539909362793,20.219999313354492,22.95199966430664,83.27649688720703,150.4290008544922,31.738000869750977,206.79637145996094,228.842529296875,351.1723327636719,37.68808364868164
2018-11-02,5.31648588180542,20.229999542236328,23.0939998626709,83.27649688720703,149.04119873046875,30.90999984741211,207.30072021484375,228.91273498535156,346.0266418457031,37.89334487915039
2018-11-05,5.238564491271973,19.899999618530273,22.760000228881836,81.38999938964844,147.38571166992188,31.54400062561035,211.1646270751953,228.91273498535156,350.1180725097656,38.438053131103516
2018-11-06,5.221001148223877,20.68000030517578,22.737333297729492,82.1405029296875,148.63475036621094,31.083999633789062,213.2001953125,231.13160705566406,354.4609375,38.769622802734375
2018-11-07,5.288532257080078,21.84000015258789,23.21066665649414,87.77449798583984,150.21090698242188,32.75,216.49664306640625,240.8578338623047,359.8290100097656,38.97487258911133
2018-11-08,5.095584392547607,21.200000762939453,23.426666259765625,87.74549865722656,146.58274841308594,31.79199981689453,215.50357055664062,242.62940979003906,360.2760314941406,38.943302154541016
2018-11-09,5.087666988372803,21.030000686645508,23.367332458496094,85.62149810791016,143.6981201171875,30.347000122070312,214.63681030273438,242.54171752929688,358.886474609375,39.2196159362793
2018-11-12,4.688661098480225,19.030000686645508,22.0853328704834,81.84249877929688,140.31781005859375,29.406999588012695,211.69366455078125,238.8844757080078,346.9249267578125,39.369598388671875
2018-11-13,4.930340766906738,19.610000610351562,22.582000732421875,81.55850219726562,140.9224853515625,29.440000534057617,211.38671875,236.11317443847656,339.61773681640625,39.36170959472656
2018-11-14,4.8778977394104,20.809999465942383,22.933332443237305,79.95050048828125,142.96456909179688,28.67300033569336,210.6373291015625,232.37701416015625,334.9632873535156,39.28276443481445
2018-11-15,5.00653076171875,21.489999771118164,23.229333877563477,80.97200012207031,142.59776306152344,29.006000518798828,207.5948486328125,232.35946655273438,331.9024963378906,39.2669792175293
2018-11-16,4.067512035369873,20.65999984741211,23.62066650390625,79.67050170898438,138.31539916992188,28.621000289916992,208.56991577148438,237.7706298828125,326.4415588378906,39.60643005371094
2018-11-19,3.579450845718384,19.110000610351562,23.564666748046875,75.614501953125,130.40484619140625,27.059999465942383,206.51145935058594,233.3329620361328,311.8563537597656,39.87483215332031
2018-11-20,3.6877992153167725,19.209999084472656,23.166000366210938,74.77300262451172,131.2771759033203,26.697999954223633,197.9978485107422,229.3424835205078,308.70806884765625,38.98278045654297
2018-11-21,3.5796988010406494,18.729999542236328,22.54599952697754,75.83650207519531,133.64639282226562,26.21299934387207,197.3297576904297,228.5092315673828,308.3388366699219,38.46961975097656
2018-11-23,3.5868711471557617,19.3799991607666,21.722000122070312,75.10299682617188,130.58326721191406,25.881999969482422,198.67495727539062,229.44776916503906,303.4803161621094,38.69857406616211
2018-11-26,3.7860050201416016,20.079999923706055,23.066667556762695,79.06649780273438,135.19277954101562,26.14299964904785,198.1242218017578,233.4293670654297,307.4059753417969,38.58015060424805
2018-11-27,3.8028268814086914,21.049999237060547,22.92799949645996,79.07099914550781,133.82479858398438,26.663000106811523,201.33827209472656,237.8057861328125,309.02874755859375,38.97487258911133
2018-11-28,3.9596590995788574,21.34000015258789,23.191333770751953,83.88749694824219,135.56948852539062,28.264999389648438,207.95596313476562,246.40069580078125,324.06085205078125,39.243282318115234
2018-11-29,3.896516799926758,21.43000030517578,22.744667053222656,83.67849731445312,137.4727783203125,28.875,208.55181884765625,247.80384826660156,332.8644714355469,38.972755432128906
2018-11-30,4.046820163726807,21.299999237060547,23.365333557128906,84.50849914550781,139.38595581054688,28.613000869750977,208.8046417236328,247.54869079589844,336.9455871582031,40.102638244628906
2018-12-03,4.2104973793029785,23.709999084472656,23.89933204650879,88.61799621582031,139.86178588867188,29.030000686645508,209.52688598632812,251.92149353027344,349.77197265625,39.53769302368164
2018-12-04,3.890326499938965,21.1200008392334,23.979999542236328,83.41999816894531,136.72930908203125,27.533000946044922,204.3536834716797,245.07638549804688,332.80615234375,39.4501838684082
2018-12-06,3.9195449352264404,21.299999237060547,24.20400047302246,84.95950317382812,138.41453552246094,28.288000106811523,210.53802490234375,243.5806427001953,322.50616455078125,39.29104232788086
2018-12-07,3.6550886631011963,19.459999084472656,23.864667892456055,81.45649719238281,136.22373962402344,26.513999938964844,203.00851440429688,236.83242797851562,314.0718078613281,39.06028747558594
2018-12-10,3.760326623916626,19.989999771118164,24.343332290649414,82.05149841308594,140.61520385742188,26.969999313354492,201.0222930908203,234.50083923339844,317.1132507324219,39.17963790893555
2018-12-11,3.6694509983062744,19.979999542236328,24.450666427612305,82.16200256347656,140.84315490722656,26.531999588012695,204.48915100097656,235.10797119140625,312.9155578613281,39.4183464050293
2018-12-12,3.6870317459106445,20.479999542236328,24.440000534057617,83.177001953125,143.24209594726562,27.488000869750977,205.66285705566406,238.11695861816406,317.4436340332031,39.16373062133789
2018-12-13,3.686784029006958,19.860000610351562,25.119333267211914,82.91899871826172,143.7476806640625,27.601999282836914,204.4981689453125,239.44549560546875,316.2581787109375,39.36264419555664
2018-12-14,3.626365900039673,19.899999618530273,24.380666732788086,79.59549713134766,142.80592346191406,26.68400001525879,186.93824768066406,233.17236328125,309.7283630371094,39.25919723510742
2018-12-17,3.5552985668182373,18.829999923706055,23.22800064086914,76.04550170898438,138.96961975097656,26.280000686645508,182.57763671875,227.05751037597656,307.1824951171875,38.4555549621582
2018-12-18,3.638498544692993,19.5,22.468666076660156,77.5739974975586,142.409423828125,27.0939998626709,183.26380920410156,222.57041931152344,318.7748718261719,38.447593688964844
2018-12-19,3.4297566413879395,18.15999984741211,22.197999954223633,74.75399780273438,132.08010864257812,26.677000045776367,181.83731079101562,220.23001098632812,310.5057067871094,38.113426208496094
2018-12-20,3.3453190326690674,17.940000534057617,21.025333404541016,73.04149627685547,132.2387237548828,26.058000564575195,177.97325134277344,213.30577087402344,304.1896667480469,37.826961517333984
2018-12-21,3.2083871364593506,16.93000030517578,21.31800079345703,68.87249755859375,123.86228942871094,24.638999938964844,175.6168975830078,209.698486328125,295.9302673339844,37.85083770751953
2018-12-24,3.146730422973633,16.649999618530273,19.69266700744629,67.197998046875,122.98003387451172,23.38800048828125,171.52711486816406,204.94741821289062,285.8343200683594,36.569786071777344
2018-12-26,3.295795440673828,17.899999618530273,21.73933219909668,73.54499816894531,133.01193237304688,25.367000579833984,179.32745361328125,214.10643005371094,305.0447998046875,37.34955978393555
2018-12-27,3.2480051517486572,17.489999771118164,21.075332641601562,73.08200073242188,133.34896850585938,25.55699920654297,181.5394287109375,216.4115447998047,308.16400146484375,37.819007873535156
2018-12-28,3.309414863586426,17.81999969482422,22.257999420166016,73.9010009765625,132.04046630859375,25.607999801635742,182.40615844726562,216.64913940429688,307.4254455566406,37.55644226074219
2018-12-31,3.3057000637054443,18.459999084472656,22.18666648864746,75.09850311279297,129.94883728027344,26.766000747680664,183.91387939453125,219.1830291748047,313.3721923828125,37.67578125
2019-01-02,3.373051881790161,18.829999923706055,20.674667358398438,76.95649719238281,134.49887084960938,26.766000747680664,184.86178588867188,214.22959899902344,314.6451110839844,37.34160614013672
2019-01-03,3.1692631244659424,17.049999237060547,20.02400016784668,75.01399993896484,130.59320068359375,27.1200008392334,180.94357299804688,208.3875274658203,302.10052490234375,37.1108512878418
2019-01-04,3.372309923171997,19.0,21.179332733154297,78.76950073242188,136.74913024902344,29.756999969482422,186.197998046875,210.8246612548828,317.8226013183594,37.85083770751953
2019-01-07,3.55084228515625,20.56999969482422,22.33066749572754,81.47550201416016,136.84823608398438,31.534000396728516,186.8840789794922,211.22940063476562,318.82342529296875,37.357513427734375
2019-01-08,3.462442398071289,20.75,22.356666564941406,82.8290023803711,141.28927612304688,32.027000427246094,188.2834930419922,214.0536346435547,330.89190673828125,37.77922439575195
2019-01-09,3.5305378437042236,20.190000534057617,22.568666458129883,82.97100067138672,142.9744415283203,31.996000289916992,189.5022735595703,214.36160278320312,334.0985107421875,37.05516052246094
2019-01-10,3.5961556434631348,19.739999771118164,22.99799919128418,82.81099700927734,142.94473266601562,32.465999603271484,190.17037963867188,215.4437255859375,342.6300048828125,37.4529914855957
2019-01-11,3.6852989196777344,20.270000457763672,23.150667190551758,82.02799987792969,142.54818725585938,33.75899887084961,190.052978515625,217.9073028564453,342.9118347167969,37.66783905029297
2019-01-14,3.7251648902893066,20.229999542236328,22.293333053588867,80.8604965209961,144.1243438720703,33.29399871826172,188.68975830078125,218.25039672851562,340.44366455078125,37.51665496826172
2019-01-15,3.711050510406494,20.3799991607666,22.961999893188477,83.72799682617188,147.6533660888672,35.4640007019043,190.52247619628906,226.001708984375,342.2704772949219,37.85083770751953
2019-01-16,3.6855459213256836,19.729999542236328,23.06999969482422,84.18900299072266,146.25563049316406,35.138999938964844,189.75506591796875,230.0401153564453,342.0956115722656,37.33363723754883
2019-01-17,3.75685977935791,20.25,23.15399932861328,84.66100311279297,147.00904846191406,35.319000244140625,190.91070556640625,228.55319213867188,348.9266052246094,37.44504165649414
2019-01-18,3.8858695030212402,20.770000457763672,20.150667190551758,84.80999755859375,148.73385620117188,33.90999984741211,192.8336944580078,233.59463500976562,354.406982421875,37.88267135620117
2019-01-22,3.6838126182556152,19.760000228881836,19.92799949645996,81.6084976196289,146.28536987304688,32.51599884033203,191.75936889648438,233.76181030273438,347.770263671875,37.97018814086914
2019-01-23,3.696688413619995,19.799999237060547,19.172666549682617,82.0009994506836,143.04385375976562,32.19900131225586,191.47946166992188,234.93197631835938,348.460205078125,38.40781784057617
2019-01-24,3.908402919769287,20.850000381469727,19.43400001525879,82.74649810791016,144.560546875,32.66699981689453,189.87242126464844,234.14889526367188,348.1297912597656,37.946319580078125
2019-01-25,3.9656026363372803,21.93000030517578,19.80266761779785,83.52850341796875,147.71282958984375,33.80500030517578,188.7530059814453,235.83822631835938,353.8919982910156,37.69169998168945
2019-01-28,3.4173755645751953,20.18000030517578,19.7586669921875,81.89450073242188,146.1862335205078,33.566001892089844,190.2877655029297,234.7120361328125,352.6968078613281,37.53255844116211
2019-01-29,3.258652925491333,19.25,19.83066749572754,79.69400024414062,142.93478393554688,32.88999938964844,189.87242126464844,235.2135009765625,354.5818786621094,37.715572357177734
2019-01-30,3.4020235538482666,23.09000015258789,20.584667205810547,83.52149963378906,149.11058044433594,34.066001892089844,190.81143188476562,237.87937927246094,376.7463073730469,38.08159255981445
2019-01-31,3.559508800506592,24.40999984741211,20.468000411987305,85.9365005493164,165.2389373779297,33.95000076293945,193.77261352539062,237.72984313964844,374.7057189941406,38.296424865722656
2019-02-01,3.583775281906128,24.510000228881836,20.81399917602539,81.3115005493164,164.26747131347656,33.98500061035156,189.83633422851562,236.4276885986328,376.4645080566406,38.74996566772461
2019-02-04,3.693965435028076,24.1299991607666,20.859333038330078,81.66549682617188,167.7766571044922,35.13399887084961,190.65789794921875,235.9789276123047,385.7636413574219,39.187591552734375
2019-02-05,3.713031768798828,23.309999465942383,21.42333221435547,82.94049835205078,169.6700439453125,35.58100128173828,191.04612731933594,234.30734252929688,398.570556640625,39.195556640625
2019-02-06,3.788555383682251,23.260000228881836,21.148000717163086,82.01300048828125,169.00588989257812,35.21900177001953,191.03709411621094,237.11392211914062,399.4742431640625,39.195556640625
2019-02-07,3.650383949279785,22.670000076293945,20.500667572021484,80.71849822998047,164.93165588378906,34.47100067138672,189.24464416503906,236.6739959716797,395.6802673339844,39.322853088378906
2019-02-08,3.6689558029174805,23.049999237060547,20.386667251586914,79.41100311279297,165.87338256835938,34.75699996948242,188.0677947998047,230.4272003173828,395.4263610839844,39.38652038574219
2019-02-11,3.626365900039673,22.959999084472656,20.856000900268555,79.55000305175781,164.3467559814453,34.573001861572266,188.9459686279297,226.23927307128906,394.48883056640625,39.47404098510742
2019-02-12,3.7432405948638916,22.81999969482422,20.78733253479004,81.90049743652344,163.6033172607422,35.99700164794922,191.82472229003906,231.83497619628906,401.10028076171875,39.51382827758789
2019-02-13,3.785583734512329,22.850000381469727,20.544666290283203,82.0,162.64175415039062,35.176998138427734,192.63943481445312,232.09890747070312,400.96356201171875,39.617271423339844
2019-02-14,3.8264410495758057,23.1299991607666,20.251333236694336,81.13249969482422,162.5227813720703,35.90700149536133,193.5808563232422,233.4450225830078,400.22137451171875,36.27538299560547
2019-02-15,3.896022081375122,23.68000030517578,20.525333404541016,80.39749908447266,161.0854034423828,35.6870002746582,195.9617462158203,238.548095703125,408.18048095703125,35.996891021728516
2019-02-19,3.878687620162964,23.950000762939453,20.375999450683594,81.37899780273438,160.87725830078125,36.19200134277344,197.4553985595703,237.91455078125,406.5105285644531,35.67066192626953
2019-02-20,3.925983190536499,23.950000762939453,20.17066764831543,81.1050033569336,161.14488220214844,35.99100112915039,196.5410919189453,237.12277221679688,411.6766052246094,35.885501861572266
2019-02-21,3.8571460247039795,23.920000076293945,19.415332794189453,80.97200012207031,158.64682006835938,35.696998596191406,194.83917236328125,234.386474609375,407.79962158203125,36.4902229309082
2019-02-22,3.941830635070801,24.360000610351562,19.6473331451416,81.5780029296875,160.48072814941406,36.301998138427734,195.79872131347656,235.01112365722656,414.1180725097656,36.02871322631836
2019-02-25,3.9294493198394775,24.709999084472656,19.917999267578125,81.6500015258789,163.1869659423828,36.39099884033203,196.48681640625,232.80276489257812,416.8720397949219,35.758174896240234
2019-02-26,3.89007830619812,24.209999084472656,19.857332229614258,81.81999969482422,162.7012481689453,36.49700164794922,196.9937286376953,231.37747192382812,416.77435302734375,35.55925750732422
2019-02-27,3.848231315612793,23.479999542236328,20.982667922973633,82.05449676513672,161.3927001953125,36.2869987487793,197.3920440673828,220.0276641845703,425.2413024902344,35.758174896240234
2019-02-28,3.8236916065216064,23.530000686645508,21.325332641601562,81.99150085449219,160.04452514648438,35.810001373291016,198.01663208007812,213.1122283935547,429.65545654296875,36.07645797729492
2019-03-01,3.877976417541504,23.68000030517578,19.652666091918945,83.58650207519531,160.86732482910156,35.731998443603516,198.6503143310547,216.5699462890625,430.29998779296875,36.1082878112793
2019-03-04,3.8861563205718994,23.3700008392334,19.02400016784668,84.80850219726562,165.91299438476562,35.104000091552734,197.71792602539062,207.65725708007812,422.55572509765625,36.32311248779297
2019-03-05,3.8797109127044678,23.5,18.43600082397461,84.62149810791016,169.76914978027344,35.43000030517578,198.99435424804688,212.4171600341797,420.0458984375,36.28333282470703
2019-03-06,3.768911600112915,22.40999984741211,18.416000366210938,83.44750213623047,171.00830078125,35.96099853515625,198.46023559570312,210.34078979492188,414.51849365234375,36.16399002075195
2019-03-07,3.699754476547241,22.079999923706055,18.439332962036133,81.29750061035156,167.65773010253906,35.2599983215332,196.2513885498047,208.2555694580078,412.6629943847656,36.02871322631836
2019-03-08,3.7339608669281006,22.010000228881836,18.94266700744629,81.04000091552734,168.1235809326172,34.959999084472656,206.2363739013672,209.57144165039062,412.6434631347656,35.678619384765625
2019-03-11,3.9942286014556885,22.959999084472656,19.39466667175293,83.53099822998047,170.57211303710938,35.88600158691406,207.9292449951172,214.7469940185547,390.6411437988281,36.74482727050781
2019-03-12,4.028434753417969,23.489999771118164,18.890666961669922,83.65499877929688,170.4234161376953,35.62699890136719,210.8894500732422,217.15809631347656,366.6172790527344,36.641387939453125
2019-03-13,4.1796369552612305,23.3799991607666,19.263999938964844,84.54049682617188,171.86077880859375,36.12099838256836,213.98541259765625,222.78399658203125,368.3067932128906,36.77665710449219
2019-03-14,4.103787899017334,22.81999969482422,19.33066749572754,84.31099700927734,168.68865966796875,35.88199996948242,211.68606567382812,223.68482971191406,364.5567321777344,36.68035125732422
2019-03-15,4.209135055541992,23.290000915527344,18.36199951171875,85.61799621582031,164.53512573242188,36.145999908447266,211.4687957763672,222.03326416015625,370.1134338378906,36.35929870605469
2019-03-18,4.187817096710205,23.25,17.965999603271484,87.10749816894531,159.0730743408203,36.34400177001953,214.175537109375,225.21275329589844,363.56060791015625,36.44758224487305
2019-03-19,4.355380058288574,26.0,17.83133316040039,88.09249877929688,160.16351318359375,35.87799835205078,214.5919647216797,227.09393310546875,364.68365478515625,36.567970275878906
2019-03-20,4.322908401489258,25.700000762939453,18.239999771118164,89.8635025024414,163.99984741210938,37.52199935913086,214.5286102294922,221.23841857910156,367.3497619628906,36.54390335083008
2019-03-21,4.559378623962402,27.889999389648438,18.26799964904785,90.96299743652344,164.63427734375,37.7869987487793,216.84608459472656,222.5808563232422,363.97076416015625,36.5278434753418
2019-03-22,4.399749279022217,26.3700008392334,17.635332107543945,88.2385025024414,162.90939331054688,36.10100173950195,215.05368041992188,218.22674560546875,353.6874084472656,36.86495590209961
2019-03-25,4.3075408935546875,25.969999313354492,17.3613338470459,88.71299743652344,164.8424072265625,36.62300109863281,214.51956176757812,218.0236358642578,361.7832336425781,36.945220947265625
2019-03-26,4.3841328620910645,25.690000534057617,17.851333618164062,89.18800354003906,166.22030639648438,35.99700164794922,216.42062377929688,214.95895385742188,361.7051086425781,37.434818267822266
2019-03-27,4.3749613761901855,24.889999389648438,18.32200050354004,88.28500366210938,164.4260711669922,35.33700180053711,216.72840881347656,213.4752197265625,365.4454040527344,37.410736083984375
2019-03-28,4.393552780151367,25.059999465942383,18.57466697692871,88.6709976196289,164.10887145996094,35.46099853515625,218.3668975830078,213.9344482421875,365.6700439453125,37.386661529541016
2019-03-29,4.450810432434082,25.520000457763672,18.657333374023438,89.0374984741211,165.2389373779297,35.65599822998047,219.1997528076172,218.3768768310547,372.4866027832031,37.61139678955078
2019-04-01,4.518233299255371,26.360000610351562,19.278667449951172,90.70950317382812,167.23146057128906,36.69599914550781,221.05551147460938,216.85780334472656,382.3695373535156,37.4990348815918
2019-04-02,4.5360798835754395,26.75,19.058666229248047,90.6989974975586,172.68359375,36.77199935913086,217.71511840820312,215.85983276367188,381.5980224609375,37.37863540649414
2019-04-03,4.675383567810059,29.020000457763672,19.45400047302246,91.03500366210938,172.02931213378906,36.974998474121094,219.5075225830078,217.1227569580078,375.728759765625,37.06561279296875
2019-04-04,4.66646146774292,29.09000015258789,17.851999282836914,90.94300079345703,174.4877166748047,36.78799819946289,221.24563598632812,218.49168395996094,386.58831787109375,37.30640411376953
2019-04-05,4.7331390380859375,28.979999542236328,18.33066749572754,91.86399841308594,174.19032287597656,36.54899978637695,222.57635498046875,219.71932983398438,382.7503662109375,37.298370361328125
2019-04-08,4.753961563110352,28.530000686645508,18.213333129882812,92.49299621582031,173.40721130371094,36.14099884033203,223.1647491455078,219.69281005859375,365.7481689453125,37.36258316040039
2019-04-09,4.691247463226318,27.239999771118164,18.15399932861328,91.79199981689453,176.03414916992188,36.47100067138672,221.70733642578125,219.72817993164062,360.3965148925781,37.45890426635742
2019-04-10,4.761643886566162,27.829999923706055,18.40399932861328,92.36650085449219,176.2720489501953,36.391998291015625,222.34097290039062,217.29055786132812,356.39251708984375,37.434818267822266
2019-04-11,4.7477617263793945,27.790000915527344,17.89466667175293,92.20349884033203,175.96473693847656,36.76499938964844,218.3850555419922,207.91993713378906,361.49029541015625,37.49100112915039
2019-04-12,4.709838390350342,27.850000381469727,17.84666633605957,92.15299987792969,177.54092407226562,35.11399841308594,219.02777099609375,197.1450653076172,370.7482604980469,37.51508712768555
2019-04-15,4.578217506408691,27.329999923706055,17.7586669921875,92.24349975585938,178.08612060546875,34.887001037597656,222.9927978515625,203.30967712402344,366.6661376953125,37.723777770996094
2019-04-16,4.665219783782959,27.93000030517578,18.224000930786133,93.1520004272461,177.3129119873047,35.94599914550781,222.09657287597656,195.14907836914062,372.7795104980469,37.68363571166992
2019-04-17,4.642416954040527,27.489999771118164,18.082000732421875,93.24099731445312,177.2236785888672,35.4739990234375,222.2957305908203,191.5102996826172,368.6778869628906,37.948509216308594
2019-04-18,4.6178765296936035,27.68000030517578,18.21733283996582,93.08450317382812,176.72805786132812,36.03499984741211,222.5220184326172,195.84678649902344,371.1681823730469,38.10903549194336
2019-04-22,4.671665668487549,28.18000030517578,17.516666412353516,94.3655014038086,179.8605499267578,37.73400115966797,220.35848999023438,200.5806427001953,366.3829650878906,38.04481887817383
2019-04-23,4.726197242736816,27.969999313354492,17.593332290649414,96.1884994506836,182.18019104003906,38.18899917602539,222.3138427734375,203.6453857421875,365.2598571777344,38.6949577331543
2019-04-24,4.738593578338623,28.459999084472656,17.243999481201172,95.0875015258789,180.9906005859375,37.42300033569336,224.46839904785156,203.44215393066406,366.6661376953125,38.510353088378906
2019-04-25,4.632998943328857,27.65999984741211,16.5086669921875,95.11250305175781,191.57762145996094,36.83300018310547,222.33197021484375,203.83078002929688,373.8341979980469,38.39797592163086
2019-04-26,4.41437292098999,27.8799991607666,15.675999641418457,97.53150177001953,189.82305908203125,37.48500061035156,220.72059631347656,209.31539916992188,371.8713073730469,38.735076904296875
2019-04-29,4.44511079788208,27.690000534057617,16.097999572753906,96.92150115966797,193.0844268798828,37.18299865722656,221.1370086669922,209.7128143310547,370.1720275878906,38.86351776123047
2019-04-30,4.48650598526001,27.6299991607666,15.912667274475098,96.32599639892578,191.7164306640625,37.05400085449219,222.2686004638672,205.84445190429688,368.8438720703125,39.377193450927734
2019-05-01,4.473365783691406,26.809999465942383,15.600666999816895,95.57599639892578,191.34962463378906,37.88100051879883,218.70181274414062,204.85531616210938,367.9747314453125,38.99995803833008
2019-05-02,4.540789604187012,28.290000915527344,16.273332595825195,95.04100036621094,190.85400390625,37.90599822998047,219.69761657714844,205.296875,366.9981689453125,38.83942413330078
2019-05-03,4.536327838897705,28.219999313354492,17.00200080871582,98.12300109863281,193.76841735839844,38.50299835205078,221.4447784423828,204.85531616210938,367.6426696777344,39.104305267333984
2019-05-06,4.458000183105469,27.420000076293945,17.022666931152344,97.52749633789062,192.19224548339844,37.867000579833984,221.09176635742188,212.4065399169922,362.89654541015625,38.903648376464844
2019-05-07,4.290931701660156,26.65999984741211,16.470666885375977,96.05000305175781,188.11802673339844,37.04600143432617,217.42543029785156,210.2427520751953,348.8631286621094,38.526397705078125
2019-05-08,4.311009883880615,27.09000015258789,16.32266616821289,95.88849639892578,187.89002990722656,36.4370002746582,218.47552490234375,211.2142333984375,351.3240661621094,38.40601348876953
2019-05-09,4.218553066253662,27.209999084472656,16.131999969482422,94.99349975585938,187.0077667236328,36.275001525878906,220.99891662597656,210.17205810546875,347.82257080078125,38.04481887817383
2019-05-10,4.184594631195068,27.959999084472656,15.968000411987305,94.4990005493164,186.7004852294922,36.104000091552734,224.2212677001953,212.48602294921875,348.35296630859375,38.67890167236328
2019-05-13,3.92755126953125,26.239999771118164,15.133999824523926,91.13400268554688,179.95968627929688,34.5260009765625,219.59201049804688,211.56752014160156,331.361083984375,38.5665283203125
2019-05-14,4.016537189483643,27.31999969482422,15.487333297729492,92.00599670410156,179.15675354003906,34.56100082397461,220.32723999023438,208.81195068359375,336.93011474609375,39.08021926879883
2019-05-15,3.955559730529785,27.579999923706055,15.463333129882812,93.55750274658203,184.6485137939453,35.499000549316406,222.08819580078125,208.5028533935547,339.4837951660156,39.473506927490234
2019-05-16,3.9706807136535645,28.010000228881836,15.222000122070312,95.37850189208984,185.36224365234375,35.930999755859375,224.6025390625,209.12989807128906,347.5082702636719,39.79457092285156
2019-05-17,3.879957914352417,27.5,14.0686674118042,93.44999694824219,183.6869354248047,35.44499969482422,225.42855834960938,213.18374633789062,348.6966857910156,39.48955535888672
2019-05-20,3.7614758014678955,26.68000030517578,13.690667152404785,92.94850158691406,181.12939453125,34.81100082397461,225.92776489257812,217.25527954101562,346.5064392089844,39.20863723754883
2019-05-21,3.8435218334198,27.350000381469727,13.67199993133545,92.8759994506836,183.2111358642578,35.426998138427734,226.8627166748047,220.74386596679688,352.36029052734375,39.00798034667969
2019-05-22,3.772629737854004,27.40999984741211,12.84866714477539,92.98400115966797,183.70677185058594,35.972999572753906,226.48147583007812,220.21389770507812,346.4966125488281,39.850746154785156
2019-05-23,3.651668071746826,26.360000610351562,13.03266716003418,90.77400207519531,179.29551696777344,35.22100067138672,225.5919189453125,217.70565795898438,344.3063049316406,40.011268615722656
2019-05-24,3.59787917137146,26.440000534057617,12.708666801452637,91.16400146484375,179.48385620117188,35.43899917602539,224.47547912597656,218.70370483398438,348.5788879394531,39.818634033203125
2019-05-28,3.5527665615081787,29.049999237060547,12.579999923706055,91.82150268554688,182.70556640625,35.50600051879883,223.5768280029297,213.78427124023438,348.5592041015625,39.4093017578125
2019-05-29,3.478652238845825,28.09000015258789,12.657333374023438,90.95950317382812,180.60398864746094,34.91899871826172,218.47555541992188,214.0846405029297,342.58746337890625,39.016021728515625
2019-05-30,3.452099084854126,28.030000686645508,12.54800033569336,90.81600189208984,181.41688537597656,35.185001373291016,219.24710083007812,215.05609130859375,343.638427734375,39.529693603515625
2019-05-31,3.361522912979126,27.40999984741211,12.343999862670898,88.75350189208984,175.92510986328125,34.327999114990234,217.46795654296875,213.55470275878906,335.5255432128906,39.433372497558594
2019-06-03,3.3198323249816895,27.579999923706055,11.9313325881958,84.6344985961914,162.72103881835938,33.66299819946289,218.82046508789062,208.92678833007812,332.8540344238281,40.11560821533203
2019-06-04,3.548632860183716,29.56999969482422,12.90666675567627,86.47799682617188,166.04188537597656,35.34000015258789,222.9414825439453,212.6361846923828,338.4819641113281,40.13166427612305
2019-06-05,3.5059494972229004,29.5,13.105999946594238,86.92500305175781,166.7060546875,35.573001861572266,225.07456970214844,214.411376953125,342.53839111328125,40.757720947265625
2019-06-06,3.5679891109466553,31.81999969482422,13.729999542236328,87.71800231933594,166.86463928222656,35.7130012512207,228.0245819091797,213.57235717773438,344.3947448730469,41.25535202026367
2019-06-07,3.6106717586517334,32.40999984741211,13.633333206176758,90.20149993896484,171.84097290039062,36.08700180053711,232.38160705566406,217.94410705566406,347.4002380371094,41.32759475708008
2019-06-10,3.6833813190460205,33.22999954223633,14.192000389099121,93.03150177001953,173.2981719970703,35.20100021362305,233.14405822753906,219.15408325195312,347.4984130859375,41.23929977416992
2019-06-11,3.7409539222717285,32.40999984741211,14.473333358764648,93.18499755859375,176.54962158203125,35.12699890136719,233.38002014160156,217.14923095703125,343.1080322265625,41.19917678833008
2019-06-12,3.628041982650757,32.18000030517578,13.950667381286621,92.76599884033203,173.5162353515625,34.555999755859375,233.48895263671875,215.9392852783203,340.8490295410156,41.44799041748047
2019-06-13,3.6791627407073975,31.389999389648438,14.260666847229004,93.51499938964844,175.92510986328125,34.34299850463867,235.7400665283203,216.34559631347656,342.64642333984375,41.3590087890625
2019-06-14,3.5893301963806152,30.360000610351562,14.32800006866455,93.4834976196289,179.75149536132812,33.972999572753906,236.13946533203125,217.66734313964844,340.9766845703125,41.50462341308594
2019-06-17,3.5990076065063477,29.200000762939453,15.001999855041504,94.30149841308594,187.3646240234375,35.0620002746582,237.3013153076172,218.19961547851562,348.5788879394531,41.1486930847168
2019-06-18,3.7938106060028076,30.450000762939453,14.982666969299316,95.06849670410156,186.829345703125,35.71200180053711,238.49041748046875,217.9600830078125,367.29937744140625,40.96263885498047
2019-06-19,3.799766778945923,30.5,15.095333099365234,95.43949890136719,185.8479461669922,36.35200119018555,239.32553100585938,221.94313049316406,361.9955749511719,41.350914001464844
2019-06-20,3.8240859508514404,30.010000228881836,14.641332626342773,95.90950012207031,187.88011169433594,36.520999908447266,242.67498779296875,219.78749084472656,368.2029724121094,41.787723541259766
2019-06-21,3.766017436981201,29.100000381469727,14.790666580200195,95.56500244140625,189.47610473632812,36.92100143432617,241.5675506591797,223.79718017578125,365.2171325683594,41.6987419128418
2019-06-24,3.788350820541382,29.260000228881836,14.909333229064941,95.69499969482422,190.92340087890625,37.104000091552734,242.14846801757812,221.45521545410156,367.3288269042969,41.99803161621094
2019-06-25,3.759068727493286,28.860000610351562,14.650667190551758,93.91349792480469,187.1960906982422,36.029998779296875,241.77633666992188,219.69879150390625,362.74200439453125,41.86861801147461
2019-06-26,3.952133893966675,29.920000076293945,14.618000030517578,94.8915023803711,186.02639770507812,36.220001220703125,240.0063018798828,215.98187255859375,368.2619323730469,41.350914001464844
2019-06-27,4.050652027130127,30.739999771118164,14.855999946594238,95.21399688720703,187.85037231445312,37.00199890136719,241.06829833984375,218.52783203125,357.5364074707031,41.31856918334961
2019-06-28,4.075467109680176,30.3700008392334,14.897333145141602,94.68150329589844,191.3199005126953,36.731998443603516,239.87013244628906,216.46084594726562,357.526611328125,41.18914031982422
2019-07-01,4.1236090660095215,31.200000762939453,15.14466667175293,96.1094970703125,191.3199005126953,37.459999084472656,239.22569274902344,215.2455291748047,350.111083984375,41.73918914794922
2019-07-02,4.0258355140686035,31.239999771118164,14.970000267028809,96.71549987792969,193.30252075195312,37.542999267578125,240.9684600830078,216.42538452148438,347.85205078125,42.04658126831055
2019-07-03,4.0387396812438965,31.190000534057617,15.65999984741211,96.94999694824219,195.4833221435547,38.172000885009766,244.29977416992188,217.52540588378906,348.1565246582031,42.14363098144531
2019-07-05,3.976205587387085,31.5,15.539999961853027,97.14550018310547,194.6903076171875,38.05500030517578,243.4918670654297,219.10443115234375,349.521728515625,42.151729583740234
2019-07-08,3.901261806488037,32.040000915527344,15.355999946594238,97.61599731445312,194.0558624267578,37.61600112915039,244.5357208251953,219.85845947265625,344.8662109375,42.062747955322266
2019-07-09,3.9037435054779053,33.150001525878906,15.337332725524902,99.41500091552734,197.47584533691406,37.99300003051758,245.0531768798828,218.22622680664062,346.80108642578125,41.73109436035156
2019-07-10,3.971987009048462,33.790000915527344,15.928000450134277,100.87049865722656,200.9652099609375,38.099998474121094,246.369384765625,219.5391082763672,346.025146484375,41.91714096069336
2019-07-11,4.126339435577393,33.060001373291016,15.90666675567627,100.05349731445312,199.47824096679688,37.95000076293945,251.0167694091797,231.67462158203125,352.6058349609375,42.09511184692383
2019-07-12,4.159343719482422,33.209999084472656,16.338666915893555,100.55000305175781,203.0865478515625,37.32500076293945,253.6490936279297,235.87939453125,358.8230895996094,42.15982437133789
2019-07-15,4.150906562805176,34.38999938964844,16.899999618530273,101.04949951171875,202.1349334716797,36.65999984741211,254.68380737304688,235.93264770507812,355.1693115234375,42.167911529541016
2019-07-16,4.1461920738220215,33.849998474121094,16.825332641601562,100.49500274658203,202.06556701660156,36.5989990234375,254.74734497070312,234.77944946289062,356.2890319824219,42.17599868774414
2019-07-17,4.2114577293396,33.599998474121094,16.99066734313965,99.60150146484375,200.04331970214844,36.24399948120117,255.57337951660156,236.54481506347656,362.9384765625,42.20834732055664
2019-07-18,4.223119258880615,33.0,16.902666091918945,98.8949966430664,199.0321807861328,32.520999908447266,256.7989196777344,231.17784118652344,354.67822265625,42.08700942993164
2019-07-19,4.179941654205322,32.5099983215332,17.211999893188477,98.22599792480469,196.6332550048828,31.510000228881836,255.52801513671875,227.67381286621094,370.6388244628906,41.569313049316406
2019-07-22,4.251410484313965,32.849998474121094,17.045333862304688,99.28150177001953,200.55880737304688,31.062000274658203,254.31175231933594,226.4939727783203,366.7690124511719,41.43180465698242
2019-07-23,4.3591108322143555,33.4900016784668,17.344667434692383,99.72450256347656,200.5984344482422,30.729999542236328,254.24818420410156,226.2189483642578,366.42523193359375,43.947486877441406
2019-07-24,4.433557033538818,34.11000061035156,17.658666610717773,100.04049682617188,202.87841796875,31.79400062561035,254.9107666015625,222.77708435058594,354.9925537109375,43.50258255004883
2019-07-25,4.302529811859131,33.66999816894531,15.254667282104492,98.69100189208984,198.9628143310547,32.645999908447266,253.9759063720703,220.6212921142578,341.89013671875,42.92827224731445
2019-07-26,4.3444695472717285,34.02000045776367,15.202667236328125,97.15249633789062,198.01116943359375,33.577999114990234,255.4010009765625,224.38267517089844,338.85516357421875,43.818058013916016
2019-07-29,4.3382649421691895,33.47999954223633,15.718000411987305,95.62249755859375,194.2342987060547,33.27000045776367,254.27548217773438,225.1632843017578,334.1505126953125,43.67247009277344
2019-07-30,4.353899955749512,33.869998931884766,16.150667190551758,94.92649841308594,195.32473754882812,32.59299850463867,253.70359802246094,226.14801025390625,341.2713623046875,43.45405197143555
2019-07-31,4.1868896484375,30.450000762939453,16.107332229614258,93.33899688720703,192.53919982910156,32.29899978637695,250.19076538085938,220.89634704589844,335.10321044921875,42.572357177734375
2019-08-01,4.092591285705566,29.860000610351562,15.59000015258789,92.76599884033203,191.05226135253906,31.950000762939453,249.22857666015625,221.10923767089844,328.3359680175781,42.08700942993164
2019-08-02,4.000027656555176,29.440000534057617,15.62266731262207,91.16200256347656,187.37457275390625,31.882999420166016,247.34963989257812,221.81895446777344,333.5120849609375,42.32969665527344
2019-08-05,3.7419464588165283,27.989999771118164,15.221332550048828,88.25650024414062,180.14801025390625,30.76300048828125,240.632568359375,217.392333984375,325.1634521484375,41.77963638305664
2019-08-06,3.78065824508667,28.860000610351562,15.383333206176758,89.3915023803711,182.90380859375,31.010000228881836,244.45399475097656,220.24879455566406,326.5287170410156,42.281158447265625
2019-08-07,3.8188741207122803,29.190000534057617,15.561332702636719,89.66999816894531,183.53823852539062,30.429000854492188,248.98348999023438,218.6253662109375,325.477783203125,43.01725769042969
2019-08-08,3.927319049835205,33.91999816894531,15.886667251586914,91.64450073242188,188.50460815429688,31.59000015258789,249.4373321533203,219.663330078125,332.42071533203125,43.42980194091797
2019-08-09,3.826070547103882,34.189998626708984,15.667332649230957,90.37899780273438,186.21475219726562,30.89299964904785,248.6567840576172,220.55929565429688,333.606689453125,43.21138381958008
2019-08-12,3.758324384689331,32.43000030517578,15.267333030700684,89.24600219726562,183.75633239746094,31.08300018310547,246.26947021484375,215.7423095703125,329.050537109375,43.03342819213867
2019-08-13,3.87247633934021,32.11000061035156,15.666666984558105,91.21700286865234,186.80953979492188,31.22800064086914,250.76266479492188,221.08267211914062,328.9714660644531,43.27610397338867
2019-08-14,3.724079132080078,30.239999771118164,14.641332626342773,88.14800262451172,178.14559936523438,29.910999298095703,243.40106201171875,215.7423095703125,316.6767883300781,42.86355972290039
2019-08-15,3.6918187141418457,29.670000076293945,14.37600040435791,88.80599975585938,181.0005340576172,29.576000213623047,246.4600067138672,216.6737823486328,324.1682434082031,43.57539367675781
2019-08-16,3.9595789909362793,31.18000030517578,14.662667274475098,89.62850189208984,182.10086059570312,30.280000686645508,248.80206298828125,217.95118713378906,326.58966064453125,44.0121955871582
2019-08-19,4.238011360168457,31.479999542236328,15.121999740600586,90.80599975585938,184.5493927001953,30.937999725341797,250.17259216308594,217.08187866210938,329.8807067871094,44.23868942260742
2019-08-20,4.165796279907227,30.719999313354492,15.057332992553711,90.06900024414062,182.20989990234375,29.89900016784668,247.7761688232422,213.04556274414062,327.87445068359375,43.58348846435547
2019-08-21,4.249176502227783,31.700000762939453,14.722000122070312,91.177001953125,181.95217895507812,29.7810001373291,250.23609924316406,213.214111328125,336.0181884765625,43.761436462402344
2019-08-22,4.255379676818848,31.899999618530273,14.8100004196167,90.23300170898438,180.45530700683594,29.69300079345703,254.0848388671875,206.64071655273438,350.26971435546875,44.07691192626953
2019-08-23,4.031047344207764,29.540000915527344,14.09333324432373,87.48100280761719,176.20266723632812,29.143999099731445,248.72027587890625,204.61813354492188,351.8510437011719,43.47023391723633
2019-08-26,4.105743408203125,30.280000686645508,14.333333015441895,88.44349670410156,178.78993225097656,29.49799919128418,252.75955200195312,204.99069213867188,354.84564208984375,44.11735916137695
2019-08-27,4.015166282653809,30.200000762939453,14.272000312805176,88.09149932861328,179.7217559814453,29.10300064086914,265.39483642578125,197.76084899902344,350.58599853515625,44.262962341308594
2019-08-28,4.004734039306641,30.780000686645508,14.37266731262207,88.2125015258789,180.17774963378906,29.177000045776367,267.31005859375,201.68182373046875,355.7647705078125,44.57843017578125
2019-08-29,4.148309707641602,31.450000762939453,14.780667304992676,89.31999969482422,183.95458984375,29.67799949645996,269.7936706542969,204.5826416015625,358.5024108886719,44.52988815307617
2019-08-30,4.160976886749268,31.450000762939453,15.040666580200195,88.81449890136719,184.05374145507812,29.375,268.14703369140625,207.5810089111328,359.8366394042969,44.52179718017578
2019-09-03,4.078011512756348,30.899999618530273,15.000666618347168,89.49199676513672,180.80226135253906,28.929000854492188,265.6816711425781,204.5826416015625,350.2796325683594,44.732112884521484
2019-09-04,4.192027568817139,30.950000762939453,14.711999893188477,90.03099822998047,185.5109405517578,29.152000427246094,269.3842468261719,201.1318359375,352.3649597167969,45.112300872802734
2019-09-05,4.464772701263428,31.5,15.305333137512207,92.03600311279297,189.23817443847656,29.325000762939453,270.1575012207031,203.6688995361328,356.09088134765625,44.586509704589844
2019-09-06,4.437696933746338,30.559999465942383,15.16333293914795,91.67549896240234,185.85787963867188,29.017000198364258,276.3344421386719,203.1455078125,358.7593688964844,44.675498962402344
2019-09-09,4.483652114868164,30.5,15.452667236328125,91.56749725341797,187.11685180664062,29.43400001525879,272.0041198730469,204.6358642578125,354.5886535644531,44.10117721557617
2019-09-10,4.550222873687744,30.229999542236328,15.702667236328125,91.02749633789062,184.5493927001953,28.798999786376953,270.1846923828125,206.21490478515625,365.17352294921875,44.00410842895508
2019-09-11,4.57879114151001,29.760000228881836,16.47333335876465,91.14949798583984,186.8491973876953,28.82699966430664,264.4445495605469,207.767333984375,378.4664306640625,44.303401947021484
2019-09-12,4.57729959487915,30.209999084472656,16.391332626342773,92.17749786376953,185.83807373046875,28.88599967956543,263.7166748046875,204.121337890625,371.2418212890625,44.57843017578125
2019-09-13,4.519421100616455,30.690000534057617,16.34666633605957,91.96700286865234,185.56048583984375,29.415000915527344,265.5453186035156,208.21234130859375,375.3235778808594,44.21176528930664
2019-09-16,4.4764485359191895,30.829999923706055,16.187332153320312,90.39199829101562,184.5989227294922,29.429000854492188,262.62506103515625,208.9431915283203,374.4241943359375,43.967308044433594
2019-09-17,4.497812271118164,30.989999771118164,16.319332122802734,91.12750244140625,186.4427490234375,29.860000610351562,265.0994567871094,207.24078369140625,379.7117004394531,44.19546890258789
2019-09-18,4.470734596252441,30.420000076293945,16.232667922973633,90.87300109863281,186.50222778320312,29.1560001373291,266.02734375,205.53848266601562,381.8959045410156,44.18731689453125
2019-09-19,4.3952202796936035,30.290000915527344,16.440000534057617,91.07499694824219,188.4848175048828,28.65999984741211,261.8426818847656,207.5349578857422,379.94891357421875,44.423614501953125
2019-09-20,4.289649486541748,30.049999237060547,16.041332244873047,89.70800018310547,188.27662658691406,27.075000762939453,260.5054016113281,207.5706024169922,374.9579162597656,43.92656707763672
2019-09-23,4.343055248260498,30.639999389648438,16.082000732421875,89.26499938964844,185.1937255859375,26.591999053955078,261.60626220703125,203.89852905273438,372.6254577636719,44.113983154296875
2019-09-24,4.285674095153809,29.520000457763672,14.880666732788086,87.08049774169922,179.701904296875,25.458999633789062,261.9154968261719,200.5384063720703,377.1914978027344,44.244354248046875
2019-09-25,4.427265644073486,29.540000915527344,15.24666690826416,88.41649627685547,181.20870971679688,26.475000381469727,262.4613037109375,198.0160369873047,381.6883544921875,44.138423919677734
2019-09-26,4.405157089233398,29.469999313354492,16.17066764831543,86.99199676513672,178.5421142578125,26.33099937438965,262.2339172363281,192.05340576171875,382.37030029296875,44.317684173583984
2019-09-27,4.266548156738281,28.719999313354492,16.142000198364258,86.27249908447266,175.558349609375,26.308000564575195,260.1324462890625,191.85728454589844,378.3873596191406,44.25249481201172
2019-09-30,4.3239288330078125,28.989999771118164,16.058000564575195,86.79550170898438,176.52978515625,26.761999130249023,262.0973815917969,193.69337463378906,376.0252685546875,44.35843276977539
2019-10-01,4.32219123840332,28.760000228881836,16.312667846679688,86.78250122070312,174.27955627441406,26.95800018310547,258.29486083984375,193.59535217285156,370.55987548828125,44.529544830322266
2019-10-02,4.298344612121582,28.309999465942383,16.208667755126953,85.6614990234375,173.08010864257812,26.80299949645996,259.3682556152344,193.18528747558594,363.06842041015625,43.25028610229492
2019-10-03,4.503772735595703,28.68000030517578,15.535332679748535,86.22100067138672,177.8184814453125,26.815000534057617,262.9070739746094,191.94644165039062,367.7234191894531,43.869544982910156
2019-10-04,4.520167350769043,29.010000228881836,15.428667068481445,86.98249816894531,178.879150390625,27.27899932861328,265.33599853515625,195.90374755859375,371.31103515625,44.43990707397461
2019-10-07,4.57879114151001,28.93000030517578,15.847999572753906,86.63300323486328,178.1158447265625,27.445999145507812,266.9189453125,197.18719482421875,372.1412048339844,43.89398193359375
2019-10-08,4.402423858642578,28.229999542236328,16.003332138061523,85.27549743652344,176.20266723632812,27.07200050354004,265.5361328125,196.18002319335938,369.7297058105469,43.65769958496094
2019-10-09,4.48886775970459,28.459999084472656,16.302000045776367,86.09950256347656,178.2843780517578,26.753000259399414,270.0937805175781,197.93582153320312,370.57965087890625,43.861392974853516
2019-10-10,4.54649543762207,28.3799991607666,16.31599998474121,86.01300048828125,178.46282958984375,28.04800033569336,270.3121337890625,199.40647888183594,366.6659240722656,43.722869873046875
2019-10-11,4.62002420425415,29.75,16.525999069213867,86.59600067138672,182.5865936279297,28.292999267578125,270.7305603027344,197.9269561767578,370.5401306152344,43.42953872680664
2019-10-14,4.633437156677246,30.530000686645508,17.130666732788086,86.82150268554688,181.6845245361328,28.55299949645996,270.65777587890625,196.60784912109375,368.8204345703125,43.42953872680664
2019-10-15,4.877865791320801,30.719999313354492,17.19266700744629,88.36900329589844,187.2456817626953,28.424999237060547,271.4493103027344,212.65089416503906,366.6263732910156,43.60064697265625
2019-10-16,4.824211120605469,30.809999465942383,17.316667556762695,88.87149810791016,187.8999481201172,28.628000259399414,271.80401611328125,211.22488403320312,368.0792236328125,43.584354400634766
2019-10-17,4.826197624206543,31.139999389648438,17.46466636657715,89.3740005493164,188.73263549804688,29.334999084472656,275.0972595214844,217.17861938476562,364.74859619140625,43.82880401611328
2019-10-18,4.731804370880127,30.969999313354492,17.1299991607666,87.87550354003906,184.23214721679688,27.530000686645508,275.515625,218.66705322265625,339.9813537597656,44.63546371459961
2019-10-21,4.868922233581543,32.029998779296875,16.899999618530273,89.28299713134766,188.1081085205078,27.80500030517578,273.8963928222656,217.4014434814453,327.1924743652344,44.18731689453125
2019-10-22,4.858987808227539,31.510000228881836,17.038667678833008,88.2864990234375,180.752685546875,26.66900062561035,272.88665771484375,222.35696411132812,333.0631103515625,43.877681732177734
2019-10-23,4.846068382263184,31.360000610351562,16.978666305541992,88.1084976196289,184.529541015625,27.12700080871582,270.4758605957031,220.8595733642578,336.522216796875,44.52139663696289
2019-10-24,4.890037536621094,31.719999313354492,19.978666305541992,89.03900146484375,184.75753784179688,27.149999618530273,270.23016357421875,217.92727661132812,340.52490234375,44.496952056884766
2019-10-25,5.080810070037842,32.709999084472656,21.875333786010742,88.06649780273438,186.25439453125,27.68199920654297,269.7298889160156,218.28384399414062,335.86004638671875,43.796199798583984
2019-10-28,5.13670015335083,33.689998626708984,21.847333908081055,88.85399627685547,187.75123596191406,28.18600082397461,271.9496154785156,220.19113159179688,336.89776611328125,43.6495361328125
2019-10-29,5.040568828582764,33.029998779296875,21.08133316040039,88.135498046875,187.6620330810547,28.121000289916992,269.14764404296875,224.86146545410156,344.8537292480469,43.5191764831543
2019-10-30,5.042555332183838,33.130001068115234,21.000667572021484,88.99949645996094,186.61126708984375,29.145000457763672,272.768310546875,227.09864807128906,342.01727294921875,43.95103073120117
2019-10-31,4.993372440338135,33.93000030517578,20.994667053222656,88.83300018310547,189.98162841796875,28.740999221801758,270.8720397949219,225.2268829345703,335.9391174316406,44.35028076171875
2019-11-01,5.032370567321777,34.88999938964844,20.887332916259766,89.5719985961914,191.93447875976562,28.680999755859375,269.942138671875,224.79013061523438,341.1574401855469,43.91843032836914
2019-11-04,5.228856563568115,36.290000915527344,21.1646671295166,90.23300170898438,193.0249481201172,29.285999298095703,270.60760498046875,223.93450927734375,346.9884948730469,43.299163818359375
2019-11-05,5.2067484855651855,36.150001525878906,21.148000717163086,90.08550262451172,192.62843322753906,28.80299949645996,272.75933837890625,223.08779907226562,354.1044006347656,42.71250534057617
2019-11-06,5.157566070556641,35.93000030517578,21.77199935913086,89.78849792480469,189.8825225830078,28.858999252319336,274.9381408691406,223.283935546875,350.05230712890625,43.02213668823242
2019-11-07,5.175201416015625,36.279998779296875,22.369333267211914,89.41000366210938,188.7623748779297,28.957000732421875,278.2567443847656,228.578125,355.1966857910156,42.606571197509766
2019-11-08,5.161291122436523,36.290000915527344,22.47599983215332,89.29399871826172,189.17869567871094,29.156999588012695,275.8954162597656,229.0326690673828,348.92401123046875,42.54139709472656
2019-11-11,5.171226501464844,36.310001373291016,23.006000518798828,88.5824966430664,187.95941162109375,29.417999267578125,274.27264404296875,226.46578979492188,364.78961181640625,42.23991775512695
2019-11-12,5.2067484855651855,36.709999084472656,23.32866668701172,88.9000015258789,192.77711486816406,29.201000213623047,273.9626159667969,227.4996795654297,360.7337341308594,42.13398361206055
2019-11-13,5.180914402008057,37.52000045776367,23.073999404907227,87.65550231933594,191.5082550048828,28.31100082397461,276.1507568359375,226.00233459472656,360.3559875488281,42.70436096191406
2019-11-14,5.21121883392334,38.349998474121094,23.290000915527344,87.7300033569336,191.46859741210938,28.961999893188477,277.6914367675781,228.0166015625,365.26678466796875,42.883609771728516
2019-11-15,5.072116374969482,38.560001373291016,23.47800064086914,86.97450256347656,193.4016571044922,29.503000259399414,276.8436279296875,240.11131286621094,369.481689453125,42.916202545166016
2019-11-18,5.273072242736816,39.880001068115234,23.332666397094727,87.62650299072266,195.68157958984375,30.256999969482422,277.6458740234375,243.2575225830078,367.2748107910156,43.209537506103516
2019-11-19,5.166508674621582,41.290000915527344,23.968000411987305,87.6395034790039,197.5848846435547,30.260000228881836,275.5489807128906,244.41619873046875,364.8293762207031,43.25028610229492
2019-11-20,5.245748519897461,40.97999954223633,23.481332778930664,87.27649688720703,195.7906494140625,30.516000747680664,274.0264892578125,245.6015167236328,368.71624755859375,43.36436080932617
2019-11-21,5.220906734466553,39.52000045776367,23.655332565307617,86.7354965209961,196.2069854736328,31.16900062561035,273.7528991699219,246.48394775390625,364.2726745605469,43.152496337890625
2019-11-22,5.23854398727417,39.150001525878906,22.202667236328125,87.28600311279297,197.0892333984375,31.04800033569336,272.87774658203125,246.74244689941406,369.1437072753906,43.209537506103516
2019-11-25,5.494895935058594,39.790000915527344,22.422666549682617,88.69200134277344,198.05079650878906,31.55500030517578,272.6406555175781,251.9386749267578,370.9231262207031,43.36436080932617
2019-11-26,5.390318870544434,38.9900016784668,21.92799949645996,89.84700012207031,197.2379608154297,31.249000549316406,274.6373291015625,250.80670166015625,371.3008728027344,43.91843032836914
2019-11-27,5.4251203536987305,39.40999984741211,22.086000442504883,90.92549896240234,200.2415771484375,31.593000411987305,274.1996765136719,250.15609741210938,365.8234558105469,43.959171295166016
2019-11-29,5.387832164764404,39.150001525878906,21.996000289916992,90.04000091552734,199.8847198486328,31.465999603271484,273.33355712890625,249.44297790527344,364.01422119140625,43.83603286743164
2019-12-02,5.2016425132751465,38.72999954223633,22.32466697692871,89.08000183105469,197.96156311035156,30.999000549316406,271.1272888183594,249.25584411621094,353.07928466796875,44.12334060668945
2019-12-03,5.162117004394531,38.900001525878906,22.413333892822266,88.49800109863281,197.0892333984375,30.615999221801758,269.5591735839844,246.79592895507812,349.99761962890625,44.164390563964844
2019-12-04,5.205867767333984,39.689998626708984,22.20199966430664,88.03450012207031,196.98020935058594,30.43199920654297,270.3341369628906,248.95278930664062,346.7767639160156,44.56663131713867
2019-12-05,5.18896484375,39.619998931884766,22.024667739868164,87.02400207519531,197.6245574951172,30.285999298095703,267.21612548828125,251.34141540527344,343.6354675292969,44.48455047607422
2019-12-06,5.274229049682617,39.630001068115234,22.392667770385742,87.58000183105469,199.2998504638672,30.735000610351562,268.9028625488281,250.68833923339844,351.9957275390625,44.67334747314453
2019-12-09,5.274229049682617,38.93000030517578,22.635332107543945,87.47550201416016,199.58729553222656,30.25,269.0942077636719,248.3173370361328,349.13275146484375,44.38603973388672
2019-12-10,5.319223403930664,39.439998626708984,23.256000518798828,86.96050262451172,199.12139892578125,29.312000274658203,269.659423828125,250.0888214111328,345.84234619140625,44.139766693115234
2019-12-11,5.402747631072998,39.470001220703125,23.51333236694336,87.43599700927734,200.4993133544922,29.89299964904785,269.2218933105469,250.9656982421875,347.929931640625,44.28753662109375
2019-12-12,5.570043563842773,42.59000015258789,23.978666305541992,88.0165023803711,195.03724670410156,29.8439998626709,271.0816650390625,253.74813842773438,344.24188232421875,44.44350051879883
2019-12-13,5.568055629730225,41.150001525878906,23.892667770385742,88.0469970703125,192.42025756835938,29.850000381469727,266.0947265625,255.4212646484375,339.6492004394531,44.67334747314453
2019-12-16,5.596889972686768,42.349998474121094,25.433332443237305,88.46050262451172,196.19708251953125,30.42099952697754,267.58087158203125,261.28167724609375,325.0659484863281,44.67334747314453
2019-12-17,5.674948692321777,42.77000045776367,25.266000747680664,89.53299713134766,196.66297912597656,31.54800033569336,269.4497985839844,259.8859558105469,325.0659484863281,44.67334747314453
2019-12-18,5.705275535583496,42.29999923706055,26.209999084472656,89.20149993896484,200.73721313476562,32.08000183105469,266.0947265625,262.0600280761719,328.72418212890625,44.25469207763672
2019-12-19,5.853183269500732,42.83000183105469,26.93600082397461,89.61399841308594,204.26622009277344,33.22200012207031,267.7722473144531,263.5989685058594,331.5274963378906,44.59126281738281
2019-12-20,5.950380802154541,44.150001525878906,27.03933334350586,89.32499694824219,204.50411987304688,33.689998626708984,268.79339599609375,261.78271484375,326.0600280761719,45.124847412109375
2019-12-23,5.936707496643066,45.459999084472656,27.947999954223633,89.6500015258789,204.3851776123047,33.310001373291016,267.4076232910156,264.01947021484375,335.5535583496094,45.075599670410156
2019-12-24,5.931735038757324,46.540000915527344,28.350000381469727,89.46050262451172,203.3343963623047,33.31999969482422,268.2464294433594,263.5274353027344,331.03045654296875,44.91142272949219
2019-12-26,5.945905685424805,46.630001068115234,28.729333877563477,93.4384994506836,205.98114013671875,33.26300048828125,269.6139221191406,264.5204772949219,327.96868896484375,45.165889739990234
2019-12-27,5.888233661651611,46.18000030517578,28.691999435424805,93.48999786376953,206.28846740722656,32.909000396728516,268.1368713378906,264.806884765625,328.1874084472656,45.4367790222168
2019-12-30,5.775127410888672,45.52000045776367,27.64666748046875,92.34449768066406,202.63058471679688,32.33100128173828,269.07598876953125,262.9100036621094,324.4695129394531,45.3711051940918
2019-12-31,5.849206924438477,45.86000061035156,27.8886661529541,92.39199829101562,203.46327209472656,32.356998443603516,267.9637756347656,263.0263977050781,323.83331298828125,45.4367790222168
2020-01-02,5.963802814483643,49.099998474121094,28.68400001525879,94.90049743652344,207.95382690429688,32.98099899291992,265.748291015625,261.7021789550781,331.34857177734375,45.141265869140625
2020-01-03,5.868348598480225,48.599998474121094,29.534000396728516,93.74849700927734,206.85350036621094,32.59000015258789,265.9671630859375,259.0538635253906,330.7919006347656,44.89500045776367
2020-01-06,5.8929572105407715,48.38999938964844,30.1026668548584,95.14399719238281,210.7493133544922,33.58300018310547,266.0400695800781,260.8521728515625,331.7660827636719,44.87857437133789
2020-01-07,5.964301109313965,48.25,31.270666122436523,95.34300231933594,211.2052764892578,33.07500076293945,265.6206359863281,259.27752685546875,335.28515625,44.53379821777344
2020-01-08,5.975487232208252,47.83000183105469,32.80933380126953,94.59850311279297,213.3464813232422,33.92599868774414,268.6658630371094,264.74420166015625,329.41009521484375,44.61589431762695
2020-01-09,6.041113376617432,48.970001220703125,32.089332580566406,95.05249786376953,216.3997039794922,33.566001892089844,272.97802734375,263.2410583496094,334.3507080078125,45.428585052490234
2020-01-10,6.073429107666016,48.16999816894531,31.876667022705078,94.15799713134766,216.16175842285156,32.904998779296875,270.9906005859375,264.05523681640625,327.96868896484375,45.584556579589844
2020-01-13,6.263847351074219,48.75,34.990665435791016,94.56500244140625,219.97825622558594,33.891998291015625,273.3883361816406,255.7523651123047,328.26690673828125,46.07709503173828
2020-01-14,6.1470112800598145,48.209999084472656,35.861331939697266,93.47200012207031,217.15304565429688,33.86899948120117,273.2789306640625,257.8907165527344,330.3843078613281,45.970367431640625
2020-01-15,6.1045026779174805,48.54999923706055,34.56666564941406,93.10099792480469,219.224853515625,33.90700149536133,274.25439453125,265.20050048828125,327.8493957519531,46.545005798339844
2020-01-16,6.1880269050598145,49.77000045776367,34.232666015625,93.89700317382812,219.8394775390625,33.86199951171875,276.2692565917969,269.0746154785156,330.036376953125,46.64351272583008
2020-01-17,6.196727752685547,50.93000030517578,34.03333282470703,93.23600006103516,220.20623779296875,33.96699905395508,277.7735290527344,267.0435485839844,322.2328186035156,46.74201965332031
2020-01-21,6.163417339324951,51.04999923706055,36.47999954223633,94.5999984741211,219.5123291015625,33.81100082397461,285.5957946777344,268.88665771484375,311.5165710449219,46.93082046508789
2020-01-22,6.21735954284668,51.43000030517578,37.97066879272461,94.37300109863281,219.3933563232422,32.599998474121094,284.34686279296875,268.9403991699219,307.17242431640625,47.292015075683594
2020-01-23,6.285720348358154,51.709999084472656,38.14666748046875,94.22899627685547,217.84695434570312,34.959999084472656,285.24932861328125,267.9294128417969,315.9104309082031,47.472618103027344
2020-01-24,6.22655725479126,50.349998474121094,37.654666900634766,93.08200073242188,216.0428009033203,35.316001892089844,283.08868408203125,261.97955322265625,321.1393127441406,47.34947967529297
2020-01-27,5.971014022827148,49.2599983215332,37.201332092285156,91.41699981689453,212.99951171875,34.28799819946289,282.1222839355469,254.17764282226562,314.72747802734375,47.185302734375
2020-01-28,6.164162635803223,50.529998779296875,37.793331146240234,92.6624984741211,215.8940887451172,34.85200119018555,283.3986511230469,255.7703094482422,314.6877136230469,46.79948425292969
2020-01-29,6.103756904602051,47.5099983215332,38.732666015625,92.9000015258789,221.2867431640625,34.316001892089844,282.2407531738281,253.11294555664062,320.1153869628906,46.79948425292969
2020-01-30,6.110469341278076,48.779998779296875,42.72066879272461,93.53399658203125,207.7060089111328,34.77399826049805,282.1405334472656,251.39508056640625,321.3878173828125,48.318145751953125
2020-01-31,5.877295970916748,47.0,43.371334075927734,100.43599700927734,200.15234375,34.50899887084961,278.53924560546875,243.76333618164062,316.3875732421875,47.94053268432617
2020-02-03,5.974245548248291,48.02000045776367,52.0,100.20999908447266,202.41249084472656,35.79999923706055,275.3302001953125,245.16793823242188,314.1310119628906,48.088294982910156
2020-02-04,6.143281936645508,49.45000076293945,59.137332916259766,102.4834976196289,208.00338745117188,36.9010009765625,277.97406005859375,251.26986694335938,316.0595397949219,48.30173110961914
2020-02-05,6.233517646789551,49.84000015258789,48.97999954223633,101.99349975585938,208.2809600830078,36.96699905395508,281.66644287109375,264.5920715332031,327.6008605957031,48.3099365234375
2020-02-06,6.3202738761901855,49.31999969482422,49.930667877197266,102.5114974975586,209.0145263671875,36.69499969482422,283.77685546875,261.6663513183594,339.4106140136719,48.424869537353516
2020-02-07,6.254151821136475,49.72999954223633,49.871334075927734,103.96399688720703,210.48165893554688,36.676998138427734,286.5360412597656,258.76751708984375,334.75830078125,48.589046478271484
2020-02-10,6.537041187286377,52.2599983215332,51.41866683959961,106.69550323486328,211.2052764892578,37.106998443603516,286.68218994140625,256.8080749511719,342.6314697265625,49.04875183105469
2020-02-11,6.6593427658081055,53.79999923706055,51.62533187866211,107.54000091552734,205.3863983154297,37.36899948120117,283.8407897949219,260.1722412109375,342.3829345703125,48.91740417480469
2020-02-12,6.774936199188232,53.88999938964844,51.15266799926758,108.0,208.92530822753906,38.000999450683594,287.8972473144531,271.526123046875,345.39501953125,48.76963424682617
2020-02-13,6.7311859130859375,54.529998779296875,53.599998474121094,107.49349975585938,211.2846221923828,38.13999938964844,290.71124267578125,270.3808898925781,342.82000732421875,48.93382263183594
2020-02-14,7.203746318817139,55.310001373291016,53.33533477783203,106.74349975585938,212.31553649902344,38.040000915527344,290.8116149902344,267.3209533691406,340.489990234375,49.21293258666992
2020-02-18,7.372286796569824,56.88999938964844,57.22666549682617,107.78350067138672,215.904052734375,38.77799987792969,294.2286376953125,270.3271789550781,338.8800048828125,48.86814498901367
2020-02-19,7.822972297668457,58.900001525878906,61.16133117675781,108.51100158691406,215.5967254638672,38.61899948120117,295.1147766113281,273.1634216308594,338.29998779296875,49.06516647338867
2020-02-20,7.6738200187683105,57.27000045776367,59.96066665649414,107.65499877929688,212.7120361328125,38.599998474121094,296.08319091796875,270.3182067871094,336.2799987792969,49.02412033081055
2020-02-21,7.3101396560668945,53.279998779296875,60.06666564941406,104.79850006103516,208.3503875732422,38.00699996948242,294.1373291015625,269.6919860839844,330.3800048828125,49.360687255859375
2020-02-24,6.793332576751709,49.119998931884766,55.58599853515625,100.4645004272461,198.9727020263672,36.869998931884766,286.52685546875,248.541015625,317.8999938964844,48.145755767822266
2020-02-25,6.514170169830322,47.56999969482422,53.32733154296875,98.63700103759766,195.0570831298828,36.00899887084961,278.53277587890625,235.65724182128906,304.1400146484375,47.46441650390625
2020-02-26,6.653377532958984,47.4900016784668,51.91999816894531,98.97949981689453,195.4833221435547,37.92399978637695,279.2818603515625,235.30828857421875,305.5899963378906,47.2838134765625
2020-02-27,6.283012866973877,44.0099983215332,45.266666412353516,94.21499633789062,188.09820556640625,37.17100143432617,267.8069763183594,227.18429565429688,287.760009765625,45.09200668334961
2020-02-28,6.7175517082214355,45.47999954223633,44.53266525268555,94.1875,190.79452514648438,36.90299987792969,256.8527526855469,228.1148681640625,275.1099853515625,43.90991973876953
2020-03-02,6.875746250152588,47.459999084472656,49.574668884277344,97.69750213623047,194.72994995117188,38.10499954223633,282.43389892578125,244.35369873046875,289.2699890136719,45.904685974121094
2020-03-03,6.613580226898193,46.75,49.70066833496094,95.44950103759766,184.2718048095703,36.87699890136719,276.5776062011719,233.87673950195312,280.6199951171875,46.01962661743164
2020-03-04,7.076723575592041,50.11000061035156,49.96666717529297,98.79149627685547,190.0906982421875,38.37900161743164,293.03179931640625,258.94647216796875,283.1199951171875,48.36740493774414
2020-03-05,6.797644138336182,48.11000061035156,48.30266571044922,96.20149993896484,183.55807495117188,37.27799987792969,288.48199462890625,253.1666259765625,260.3699951171875,46.57783126831055
2020-03-06,6.617312908172607,48.59000015258789,46.89866638183594,95.05449676513672,179.51358032226562,36.89699935913086,284.44378662109375,253.98080444335938,262.3299865722656,45.36290740966797
2020-03-09,6.104920864105225,43.27000045776367,40.53333282470703,90.03050231933594,168.0244903564453,34.64899826049805,275.8924255371094,244.64906311035156,227.1699981689453,42.57184982299805
2020-03-10,6.4939398765563965,45.380001068115234,43.02199935913086,94.59100341796875,176.6388397216797,36.41299819946289,282.6714172363281,250.51829528808594,231.00999450683594,44.049468994140625
2020-03-11,6.130539894104004,45.70000076293945,42.28200149536133,91.04299926757812,168.75804138183594,34.992000579833984,271.7355651855469,248.53207397460938,189.0800018310547,42.859161376953125
2020-03-12,5.380359649658203,39.0099983215332,37.369998931884766,83.83049774169922,153.12533569335938,31.524999618530273,255.6741485595703,224.0438995361328,154.83999633789062,38.713619232177734
2020-03-13,5.990503311157227,43.900001525878906,36.44133377075195,89.25,168.79769897460938,33.630001068115234,276.15728759765625,244.45069885253906,170.1999969482422,40.13795471191406
2020-03-16,4.885129928588867,38.709999084472656,29.67133331298828,84.4574966430664,144.7389678955078,29.884000778198242,258.71661376953125,202.21725463867188,129.61000061035156,37.47975540161133
2020-03-17,5.404236793518066,41.880001068115234,28.68000030517578,90.39199829101562,148.1192626953125,31.975000381469727,280.4696044921875,219.45213317871094,124.13999938964844,39.0697021484375
2020-03-18,5.044816493988037,39.119998931884766,24.08133316040039,91.5,145.6807098388672,31.547000885009766,280.9355163574219,195.04660034179688,101.88999938964844,37.14024353027344
2020-03-19,5.297281742095947,39.81999969482422,28.50933265686035,94.04650115966797,151.79696655273438,33.202999114990234,278.8525085449219,197.5087432861328,97.70999908447266,34.63938522338867
2020-03-20,5.1176958084106445,39.61000061035156,28.50200080871582,92.30449676513672,148.42660522460938,33.28300094604492,265.33111572265625,185.63844299316406,95.01000213623047,31.716176986694336
2020-03-23,5.290317535400391,41.63999938964844,28.952667236328125,95.1415023803711,146.81077575683594,36.027000427246094,260.8635559082031,175.0980224609375,105.62000274658203,31.10338592529297
2020-03-24,6.197946548461914,46.220001220703125,33.66666793823242,97.00499725341797,159.57864379882812,35.731998443603516,260.324462890625,197.5087432861328,127.68000030517578,32.66850662231445
2020-03-25,6.1093974113464355,44.630001068115234,35.95000076293945,94.29199981689453,154.85015869140625,34.23899841308594,256.59698486328125,210.70892333984375,158.72999572753906,34.45719528198242
2020-03-26,6.398426532745361,47.5,35.21066665649414,97.77449798583984,161.91807556152344,36.29899978637695,267.0486145019531,229.48931884765625,180.5500030517578,36.67649841308594
2020-03-27,6.286248683929443,46.58000183105469,34.29066848754883,95.00499725341797,155.42514038085938,35.71200180053711,259.7671813964844,217.8616485595703,162.0,35.45092010498047
2020-03-30,6.606121063232422,47.86000061035156,33.47533416748047,98.19750213623047,164.50538635253906,37.09600067138672,265.9706115722656,225.796142578125,152.27999877929688,37.26445388793945
2020-03-31,6.556621074676514,45.47999954223633,34.93333435058594,97.48600006103516,165.3479766845703,37.54999923706055,260.498046875,224.08883666992188,149.13999938964844,36.64337158203125
2020-04-01,6.045969486236572,43.65999984741211,32.104000091552734,95.38500213623047,158.21063232421875,36.40800094604492,262.00555419921875,213.25189208984375,130.6999969482422,34.879520416259766
2020-04-02,6.354400157928467,44.4900016784668,30.29800033569336,95.94149780273438,156.8129119873047,37.007999420166016,266.29962158203125,216.05551147460938,123.2699966430664,36.39495849609375
2020-04-03,6.066864490509033,42.59000015258789,32.000667572021484,95.32949829101562,152.83782958984375,36.17599868774414,263.7139587402344,206.21597290039062,124.5199966430664,36.29557800292969
2020-04-06,6.676013469696045,47.52000045776367,34.41600036621094,99.87950134277344,164.10887145996094,37.99599838256836,278.7610778808594,223.15431213378906,148.77000427246094,38.64737319946289
2020-04-07,6.442947864532471,47.560001373291016,36.36333465576172,100.58000183105469,167.3603057861328,37.22800064086914,277.3998718261719,222.88473510742188,141.5800018310547,38.51487350463867
2020-04-08,6.639946460723877,48.790000915527344,36.589332580566406,102.1500015258789,172.7628936767578,37.11199951171875,279.5377502441406,240.66769409179688,146.8699951171875,39.59968948364258
2020-04-09,6.5404534339904785,48.380001068115234,38.20000076293945,102.13800048828125,173.66494750976562,37.071998596191406,274.0924987792969,237.3429412841797,151.83999633789062,40.57684326171875
2020-04-13,6.712080478668213,50.939998626708984,43.39666748046875,108.44349670410156,173.2684326171875,39.672000885009766,273.73626708984375,236.78579711914062,147.3300018310547,38.86267852783203
2020-04-14,7.062795162200928,54.93000030517578,47.32600021362305,114.16600036621094,176.6190185546875,41.35499954223633,287.00189208984375,243.06695556640625,141.0,40.51059341430664
2020-04-15,6.985438346862793,54.9900016784668,48.65533447265625,115.38400268554688,175.42947387695312,42.67499923706055,283.4661865234375,253.11300659179688,145.97999572753906,39.4257926940918
2020-04-16,7.3301825523376465,56.95000076293945,49.680667877197266,120.40950012207031,174.71572875976562,43.91699981689453,293.7809143066406,268.1643371582031,134.24000549316406,39.00345993041992
2020-04-17,7.270984649658203,56.599998474121094,50.259334564208984,118.75,177.6797332763672,42.29600143432617,290.45550537109375,261.0924987792969,154.0,39.79844284057617
2020-04-20,7.139902114868164,56.970001220703125,49.75733184814453,119.68049621582031,176.68841552734375,43.749000549316406,285.1198425292969,253.52639770507812,143.61000061035156,38.531436920166016
2020-04-21,6.7036237716674805,52.91999816894531,45.781333923339844,116.40599822998047,169.31317138671875,43.382999420166016,275.298583984375,246.38265991210938,136.3300018310547,37.579132080078125
2020-04-22,7.1175150871276855,55.91999816894531,48.807334899902344,118.17449951171875,180.6932373046875,42.141998291015625,282.6897277832031,248.9256591796875,134.97000122070312,37.827552795410156
2020-04-23,7.064287185668945,55.900001525878906,47.04199981689453,119.97250366210938,183.5184326171875,42.66999816894531,279.0169677734375,256.3928527832031,137.74000549316406,37.322410583496094
2020-04-24,7.203079700469971,56.18000030517578,48.34333419799805,120.51100158691406,188.41543579101562,42.499000549316406,283.72210693359375,261.7484436035156,128.97999572753906,37.62053298950195
2020-04-27,7.389381408691406,56.4900016784668,53.25,118.80000305175781,185.8677978515625,42.13800048828125,282.10491943359375,264.16571044921875,128.67999267578125,38.73845672607422
2020-04-28,7.247106075286865,55.5099983215332,51.27466583251953,115.7040023803711,181.31776428222656,40.382999420166016,278.6058349609375,259.1155700683594,131.3000030517578,38.70533752441406
2020-04-29,7.423706531524658,53.65999984741211,53.367332458496094,118.635498046875,192.4995574951172,41.18899917602539,280.5609130859375,258.4776611328125,139.0,39.02001190185547
2020-04-30,7.269989967346191,52.38999938964844,52.12533187866211,123.69999694824219,202.92796325683594,41.98500061035156,277.45672607421875,262.8088684082031,141.02000427246094,38.0014533996582
2020-05-01,7.033692359924316,49.880001068115234,46.75466537475586,114.302001953125,200.50918579101562,41.527000427246094,276.46783447265625,255.65606689453125,133.3699951171875,37.76129913330078
2020-05-04,7.245364665985107,52.560001373291016,50.74599838256836,115.79949951171875,203.4731903076172,42.814998626708984,278.8211364746094,258.37872314453125,131.4600067138672,37.380374908447266
2020-05-05,7.306303977966309,52.189998626708984,51.2140007019043,115.88999938964844,205.26742553710938,42.46799850463867,281.9620361328125,263.32098388671875,125.4000015258789,37.59568405151367
2020-05-06,7.407041072845459,52.15999984741211,52.172000885009766,117.56300354003906,206.6552276611328,43.42599868774414,282.8502502441406,259.4841003417969,121.86000061035156,37.05742263793945
2020-05-07,7.5831451416015625,51.95000076293945,52.00266647338867,118.38050079345703,209.4209442138672,43.65299987792969,279.2881164550781,256.09637451171875,128.64999389648438,36.933197021484375
2020-05-08,7.7729291915893555,53.189998626708984,54.62799835205078,118.98049926757812,210.50148010253906,43.55500030517578,280.1489562988281,257.8935546875,133.44000244140625,38.18363952636719
2020-05-11,8.02464771270752,55.7400016784668,54.08599853515625,120.44999694824219,211.32424926757812,44.051998138427734,284.16876220703125,259.4122009277344,128.91000366210938,37.71162796020508
2020-05-12,7.762979507446289,53.7599983215332,53.96066665649414,117.84750366210938,208.2710723876953,43.18199920654297,279.14166259765625,258.52252197265625,125.22000122070312,37.11539077758789
2020-05-13,7.740594387054443,52.18000030517578,52.73066711425781,118.39600372314453,203.3145751953125,43.82699966430664,276.6693115234375,249.80638122558594,121.5,36.386661529541016
2020-05-14,7.98982572555542,54.5099983215332,53.55533218383789,119.44249725341797,205.0096893310547,44.19499969482422,274.47149658203125,261.1373596191406,122.5199966430664,36.18792724609375
2020-05-15,8.447744369506836,54.20000076293945,53.27799987792969,120.48899841308594,209.0442657470703,45.41899871826172,273.9862060546875,261.451904296875,120.0,35.82355499267578
2020-05-18,8.705930709838867,54.59000015258789,54.242000579833984,121.31300354003906,211.33416748046875,45.257999420166016,277.2369079589844,263.60858154296875,135.44000244140625,37.2396125793457
2020-05-19,8.760899543762207,55.470001220703125,53.867332458496094,122.46649932861328,214.99203491210938,45.104000091552734,278.9493408203125,259.7356872558594,130.44000244140625,36.88352966308594
2020-05-20,8.924566268920898,56.38999938964844,54.37066650390625,124.89700317382812,227.9680633544922,44.766998291015625,279.2057800292969,258.7831726074219,133.32000732421875,38.0014533996582
2020-05-21,8.730804443359375,54.650001525878906,55.17333221435547,122.33699798583984,229.375732421875,43.625,276.5135803222656,257.8126525878906,139.0,37.40522003173828
2020-05-22,8.9805326461792,55.16999816894531,54.45866775512695,121.84400177001953,232.8650665283203,42.93199920654297,276.93487548828125,260.535400390625,137.52999877929688,37.289283752441406
2020-05-26,8.673592567443848,53.189998626708984,54.591331481933594,121.09300231933594,230.1786651611328,41.47700119018555,279.10504150390625,264.9833984375,144.72999572753906,38.167076110839844
2020-05-27,8.482070922851562,52.7400016784668,54.68199920654297,120.51950073242188,227.1453094482422,41.98899841308594,280.21307373046875,272.9628601074219,149.52000427246094,38.697059631347656
2020-05-28,8.444014549255371,51.7400016784668,53.72066879272461,120.05500030517578,223.49734497070312,41.34400177001953,283.4638366699219,273.142578125,149.82000732421875,38.99517822265625
2020-05-29,8.830543518066406,53.79999923706055,55.66666793823242,122.11849975585938,223.13055419921875,41.972999572753906,282.465576171875,273.93328857421875,145.85000610351562,38.6556510925293
2020-06-01,8.761645317077637,53.630001068115234,59.87333297729492,123.552001953125,229.8911895751953,42.59199905395508,282.30078125,274.90374755859375,151.38999938964844,38.9123649597168
2020-06-02,8.780549049377441,53.540000915527344,58.770668029785156,123.62049865722656,230.69415283203125,42.73099899291992,281.2019348144531,275.2452697753906,153.30999755859375,38.83783721923828
2020-06-03,8.725082397460938,52.72999954223633,58.86399841308594,123.91999816894531,228.15643310546875,42.196998596191406,280.7898864746094,274.382568359375,173.16000366210938,39.66593551635742
2020-06-04,8.72607707977295,52.630001068115234,57.62533187866211,123.02999877929688,224.3201141357422,41.43299865722656,284.5534362792969,267.849853515625,184.3000030517578,39.6824836730957
2020-06-05,8.878870010375977,53.099998474121094,59.04399871826172,124.1500015258789,228.76112365722656,41.959999084472656,285.7346496582031,280.2233581542969,205.42999267578125,40.65138244628906
2020-06-08,8.764398574829102,52.970001220703125,63.327999114990234,126.2030029296875,229.38560485839844,41.94900131225586,281.29351806640625,278.09368896484375,230.5,41.28071975708008
2020-06-09,9.004287719726562,56.38999938964844,62.711334228515625,130.04299926757812,236.59234619140625,43.404998779296875,279.791748046875,277.8510437011719,216.74000549316406,40.57684326171875
2020-06-10,9.323559761047363,57.439998626708984,68.336669921875,132.37249755859375,234.66921997070312,43.448001861572266,281.4217224121094,274.74200439453125,203.41000366210938,40.262168884277344
2020-06-11,8.755690574645996,52.83000183105469,64.85600280761719,127.89800262451172,222.47630310058594,42.555999755859375,275.4697265625,254.95523071289062,170.0,37.71162796020508
2020-06-12,8.891310691833496,53.5,62.35200119018555,127.2509994506836,226.5902099609375,41.80699920654297,273.519287109375,256.2311706542969,189.50999450683594,38.10435485839844
2020-06-15,9.131450653076172,54.68000030517578,66.05999755859375,128.63400268554688,230.47605895996094,42.54999923706055,272.12738037109375,257.2466125488281,190.94000244140625,38.689292907714844
2020-06-16,9.026681900024414,54.459999084472656,65.47533416748047,130.7635040283203,233.59861755371094,43.612998962402344,275.95501708984375,263.28509521484375,197.77000427246094,39.08204650878906
2020-06-17,9.193410873413086,54.54999923706055,66.11933135986328,132.0489959716797,233.47967529296875,44.777000427246094,274.3525390625,262.9256286621094,192.5399932861328,38.923282623291016
2020-06-18,9.175497055053711,54.040000915527344,66.9306640625,132.69900512695312,233.8861083984375,44.98699951171875,274.3158264160156,261.919189453125,192.2899932861328,39.26588439941406
2020-06-19,9.218546867370605,54.22999954223633,66.72666931152344,133.75050354003906,236.71131896972656,45.37200164794922,274.6180725097656,262.8306579589844,187.02000427246094,38.455326080322266
2020-06-22,9.482820510864258,54.7599983215332,66.28800201416016,135.6909942626953,237.1375732421875,46.80400085449219,275.1217346191406,264.1211853027344,188.52000427246094,38.221351623535156
2020-06-23,9.406426429748535,53.9900016784668,66.78533172607422,138.2205047607422,240.13125610351562,46.625999450683594,275.8908996582031,268.5703430175781,187.8800048828125,38.13779067993164
2020-06-24,9.192914009094238,52.38999938964844,64.0566635131836,136.72000122070312,231.9828338623047,45.78499984741211,272.8964538574219,260.9715576171875,176.69000244140625,37.310523986816406
2020-06-25,9.446242332458496,51.93000030517578,65.73200225830078,137.72900390625,233.6283721923828,46.590999603271484,275.1948547363281,267.32489013671875,174.8800048828125,37.544490814208984
2020-06-26,9.112784385681152,50.099998474121094,63.982666015625,134.64349365234375,214.19900512695312,44.34000015258789,271.5597229003906,258.8960266113281,170.00999450683594,36.40804672241211
2020-06-29,9.15757942199707,50.279998779296875,67.29000091552734,134.0189971923828,218.71929931640625,44.7239990234375,276.1656799316406,261.4951477050781,194.49000549316406,37.06819152832031
2020-06-30,9.453954696655273,52.61000061035156,71.98733520507812,137.9409942626953,225.0933380126953,45.50400161743164,277.6490173339844,266.1788024902344,183.3000030517578,37.335601806640625
2020-07-01,9.486054420471191,52.58000183105469,74.64199829101562,143.93499755859375,235.48211669921875,48.56399917602539,279.0592346191406,268.68756103515625,180.32000732421875,37.452579498291016
2020-07-02,9.567926406860352,52.34000015258789,80.57733154296875,144.51499938964844,231.3880615234375,47.68899917602539,279.9657897949219,269.1658935546875,180.80999755859375,37.50271987915039
2020-07-06,9.793878555297852,53.400001525878906,91.43866729736328,152.8520050048828,238.18833923339844,49.38100051879883,285.23101806640625,273.2720031738281,187.91000366210938,37.79518508911133
2020-07-07,9.826231002807617,52.93000030517578,92.65733337402344,150.00599670410156,238.76327514648438,49.316001892089844,289.5714111328125,267.7129821777344,178.8800048828125,37.778465270996094
2020-07-08,10.168895721435547,53.43000030517578,91.05867004394531,154.0554962158203,241.45960998535156,50.27799987792969,289.6539306640625,269.2561340332031,180.0800018310547,37.66148376464844
2020-07-09,10.460541725158691,57.2599983215332,92.9520034790039,159.13150024414062,242.37158203125,50.7760009765625,298.0965576171875,262.7584533691406,173.27999877929688,36.69216537475586
2020-07-10,10.430932998657227,55.880001068115234,102.97666931152344,160.0,242.9365997314453,54.87300109863281,298.72845458984375,262.8216857910156,178.44000244140625,37.72834396362305
2020-07-13,10.005900382995605,53.59000015258789,99.80400085449219,155.1999969482422,236.9194793701172,52.54999923706055,295.6976013183594,270.4744567871094,175.64999389648438,37.81189727783203
2020-07-14,10.32915210723877,54.720001220703125,101.12000274658203,154.1999969482422,237.6431121826172,52.487998962402344,300.3492431640625,278.4251403808594,179.9600067138672,38.32998275756836
2020-07-15,10.18009090423584,55.34000015258789,103.06732940673828,150.44349670410156,238.18833923339844,52.32600021362305,299.1588134765625,274.4091491699219,187.94000244140625,38.77286148071289
2020-07-16,10.088018417358398,54.91999816894531,100.04266357421875,149.9949951171875,238.83265686035156,52.73899841308594,298.76507568359375,277.1887512207031,178.6999969482422,38.563961029052734
2020-07-17,10.154459953308105,55.040000915527344,100.05599975585938,148.09849548339844,239.92311096191406,49.29899978637695,297.4097595214844,276.62921142578125,175.66000366210938,39.12382507324219
2020-07-20,10.462282180786133,57.459999084472656,109.53333282470703,159.8419952392578,243.28359985351562,50.24100112915039,298.98486328125,273.858642578125,174.4199981689453,38.53888702392578
2020-07-21,10.280875205993652,57.0,104.55733489990234,156.9145050048828,239.64553833007812,49.0099983215332,300.11114501953125,275.3476867675781,178.6300048828125,39.441375732421875
2020-07-22,10.390615463256836,61.790000915527344,106.15533447265625,154.99549865722656,237.78189086914062,48.981998443603516,300.62396240234375,276.7916259765625,179.7899932861328,40.510948181152344
2020-07-23,10.083043098449707,59.56999969482422,100.87133026123047,149.32749938964844,230.57518005371094,47.757999420166016,298.61859130859375,273.41644287109375,176.4499969482422,40.34382629394531
2020-07-24,10.147494316101074,69.4000015258789,94.46666717529297,150.44549560546875,228.70164489746094,48.04499816894531,298.3163146972656,271.4490661621094,173.75999450683594,40.519309997558594
2020-07-27,10.37344741821289,68.97000122070312,102.63999938964844,152.760498046875,231.4673614501953,49.564998626708984,299.98291015625,269.4727783203125,170.2100067138672,40.510948181152344
2020-07-28,10.168396949768066,67.61000061035156,98.43267059326172,150.01649475097656,228.1167755126953,48.85100173950195,299.9554443359375,270.6730041503906,170.83999633789062,40.26027297973633
2020-07-29,10.417244911193848,76.08999633789062,99.94066619873047,151.67649841308594,231.25918579101562,48.448001861572266,298.6460876464844,276.7646179199219,166.00999450683594,40.12656784057617
2020-07-30,10.565058708190918,78.19999694824219,99.16600036621094,152.593994140625,232.45863342285156,48.58000183105469,298.0770568847656,275.4560546875,161.9499969482422,39.850807189941406
2020-07-31,10.565804481506348,77.43000030517578,95.38400268554688,158.23399353027344,251.46176147460938,48.88800048828125,298.72857666015625,273.2450256347656,158.0,39.47478103637695
2020-08-03,10.959480285644531,77.66999816894531,99.0,155.59449768066406,249.76669311523438,49.86199951171875,302.20654296875,273.9940490722656,162.27000427246094,38.689292907714844
2020-08-04,11.175978660583496,85.04000091552734,99.13333129882812,156.94149780273438,247.65521240234375,50.9640007019043,311.8146057128906,274.7972106933594,165.07000732421875,39.01519775390625
2020-08-05,11.234704971313477,85.30999755859375,99.00133514404297,160.25149536132812,246.95138549804688,50.21099853515625,311.979736328125,281.9897155761719,174.27999877929688,39.45807647705078
2020-08-06,11.283231735229492,86.70999908447266,99.30533599853516,161.25,262.9706726074219,50.90800094604492,315.0447998046875,283.4246826171875,172.1999969482422,39.67534255981445
2020-08-07,11.147857666015625,84.8499984741211,96.84733581542969,158.3730010986328,266.10321044921875,49.472999572753906,312.8423767089844,286.10504150390625,170.02000427246094,39.94273376464844
2020-08-10,11.113515853881836,82.23999786376953,94.57133483886719,157.4080047607422,260.71063232421875,48.3380012512207,312.00726318359375,287.9730224609375,179.41000366210938,39.875885009765625
2020-08-11,10.799972534179688,76.87999725341797,91.6259994506836,154.0334930419922,253.90036010742188,46.69300079345703,305.06060791015625,284.76934814453125,180.1300048828125,40.051368713378906
2020-08-12,11.387499809265137,82.61000061035156,103.65066528320312,158.11199951171875,257.6275939941406,47.547000885009766,309.0340270996094,290.83380126953125,175.44000244140625,40.46917724609375
2020-08-13,11.390235900878906,81.83999633789062,108.06666564941406,158.05099487304688,259.02532958984375,48.132999420166016,308.06134033203125,290.156982421875,174.72999572753906,40.42739486694336
2020-08-14,11.510677337646484,81.30000305175781,110.04733276367188,157.4010009765625,258.96588134765625,48.268001556396484,308.593505859375,292.1242980957031,178.0800018310547,40.48588180541992
2020-08-17,12.280113220214844,82.41999816894531,122.3759994506836,159.12049865722656,258.8865661621094,48.23500061035156,311.9705505371094,289.2454833984375,172.00999450683594,40.28533935546875
2020-08-18,12.204215049743652,81.66000366210938,125.80599975585938,165.62449645996094,260.0562744140625,49.1870002746582,312.6955871582031,285.9064025878906,170.22999572753906,40.460819244384766
2020-08-19,12.082528114318848,81.08999633789062,125.23533630371094,163.0240020751953,260.3040771484375,48.452999114990234,312.83319091796875,284.6340026855469,169.27000427246094,39.58341598510742
2020-08-20,12.085018157958984,82.7699966430664,133.45533752441406,164.86849975585938,266.6682434082031,49.790000915527344,312.8056640625,282.765869140625,169.5800018310547,39.56669235229492
2020-08-21,12.625014305114746,83.80999755859375,136.6653289794922,164.23599243164062,264.6856384277344,49.23099899291992,316.2376708984375,283.4969177246094,167.5,39.50821304321289
2020-08-24,12.661598205566406,83.08000183105469,134.27999877929688,165.3730010986328,269.0274963378906,48.88100051879883,315.7972717285156,278.71380615234375,178.27000427246094,40.08478927612305
2020-08-25,12.69120979309082,86.3499984741211,134.8893280029297,167.32449340820312,278.3753967285156,49.05799865722656,316.32952880859375,281.7641296386719,174.72999572753906,40.03464889526367
2020-08-26,12.714103698730469,86.0199966430664,143.54466247558594,172.09249877929688,301.26446533203125,54.75299835205078,315.92572021484375,278.69586181640625,171.89999389648438,40.24355697631836
2020-08-27,12.570019721984863,83.80000305175781,149.25,170.0,290.6674499511719,52.62699890136719,317.8435974121094,281.26788330078125,174.1999969482422,40.30204772949219
2020-08-28,13.087124824523926,85.55000305175781,147.55999755859375,170.08999633789062,291.10369873046875,52.388999938964844,319.6882019042969,283.7043762207031,175.8000030517578,41.63905715942383
2020-08-31,13.312829971313477,90.81999969482422,166.10667419433594,172.54800415039062,290.6476745605469,52.95600128173828,319.03662109375,282.0619201660156,171.82000732421875,41.388362884521484
2020-09-01,13.761385917663574,92.18000030517578,158.35000610351562,174.95599365234375,292.8681335449219,55.654998779296875,322.4504089355469,282.31463623046875,172.10000610351562,41.04574966430664
2020-09-02,14.284621238708496,90.22000122070312,149.1233367919922,176.57249450683594,299.86669921875,55.284000396728516,329.3144226074219,289.0018005371094,174.77999877929688,42.77548599243164
2020-09-03,12.959360122680664,82.54000091552734,135.6666717529297,168.39999389648438,288.58575439453125,52.57500076293945,319.62384033203125,285.383056640625,168.77000427246094,42.18219757080078
2020-09-04,12.5680570602417,82.01000213623047,139.44000244140625,164.7310028076172,280.2688293457031,51.60499954223633,318.036376953125,281.5657043457031,171.0500030517578,42.65015411376953
2020-09-08,11.861616134643555,78.69000244140625,110.06999969482422,157.49200439453125,268.79949951171875,50.70199966430664,310.9610900878906,277.27899169921875,161.0800018310547,41.62232971191406
2020-09-09,12.66015911102295,81.91000366210938,122.09333038330078,163.4304962158203,271.3372497558594,50.01900100708008,317.9078369140625,281.5836181640625,160.77999877929688,41.93987274169922
2020-09-10,12.258645057678223,78.9800033569336,123.77999877929688,158.7554931640625,265.75628662109375,48.06700134277344,311.5759582519531,274.8874206542969,157.69000244140625,41.78110122680664
2020-09-11,12.112031936645508,76.33999633789062,124.23999786376953,155.81100463867188,264.2891540527344,48.202999114990234,311.20892333984375,273.19293212890625,160.22999572753906,42.66685485839844
2020-09-14,12.816729545593262,77.9000015258789,139.8733367919922,155.14849853515625,263.8330993652344,47.625999450683594,314.6867980957031,279.6177673339844,165.35000610351562,42.717403411865234
2020-09-15,12.934966087341309,78.93000030517578,149.9199981689453,157.80650329589844,270.048583984375,49.5989990234375,315.59539794921875,278.4034118652344,163.49000549316406,43.003814697265625
2020-09-16,12.460522651672363,76.66000366210938,147.25332641601562,153.90499877929688,261.22601318359375,48.38600158691406,315.4301452636719,277.760009765625,167.4600067138672,42.7847900390625
2020-09-17,12.40973949432373,76.55000305175781,141.14332580566406,150.43649291992188,252.60177612304688,47.02000045776367,310.9794921875,276.3645324707031,167.52999877929688,42.58262634277344
2020-09-18,12.136673927307129,74.93000030517578,147.38333129882812,147.74549865722656,250.33169555664062,46.99599838256836,308.2999267578125,279.11932373046875,161.13999938964844,42.498382568359375
2020-09-21,12.463263511657715,77.94000244140625,149.79666137695312,148.02349853515625,245.9898223876953,48.73500061035156,311.6127624511719,271.1177978515625,156.35000610351562,41.352745056152344
2020-09-22,12.583240509033203,77.69999694824219,141.41000366210938,156.44949340820312,252.53236389160156,49.117000579833984,316.0908508300781,266.6503601074219,156.8000030517578,41.832908630371094
2020-09-23,12.071457862854004,74.7300033569336,126.78666687011719,149.9929962158203,246.85227966308594,47.06100082397461,316.256103515625,264.7292785644531,151.17999267578125,40.6114387512207
2020-09-24,12.294739723205566,75.81999969482422,129.26333618164062,150.989501953125,247.3577880859375,47.30799865722656,318.430908203125,265.20050048828125,146.0500030517578,41.02421188354492
2020-09-25,12.818222999572754,78.05999755859375,135.77999877929688,154.75650024414062,252.60177612304688,48.28799819946289,314.3748779296875,274.1171875,156.02999877929688,41.04105758666992
2020-09-28,12.978776931762695,79.4800033569336,140.39999389648438,158.70249938964844,254.5843505859375,49.064998626708984,320.83526611328125,274.7786865234375,166.0800018310547,41.51279067993164
2020-09-29,13.168704986572266,81.7699966430664,139.69000244140625,157.24400329589844,259.5111083984375,49.347999572753906,323.14776611328125,275.6123046875,163.60000610351562,41.20952606201172
2020-09-30,13.472139358520508,81.98999786376953,143.00332641601562,157.43649291992188,259.6201171875,50.00299835205078,325.7723083496094,282.5174255371094,165.25999450683594,41.588600158691406
2020-10-01,13.555780410766602,84.86000061035156,149.3866729736328,161.06300354003906,264.3089294433594,52.750999450683594,328.94744873046875,283.6954345703125,167.86000061035156,41.428550720214844
2020-10-02,13.00590705871582,81.80000305175781,138.3633270263672,156.25,257.6772155761719,50.305999755859375,325.781494140625,282.7076721191406,168.0800018310547,41.58018493652344
2020-10-05,13.583656311035156,86.1500015258789,141.89332580566406,159.9600067138672,262.3462219238281,52.064998626708984,329.05755615234375,288.2987976074219,171.1999969482422,41.59703826904297
2020-10-06,13.677250862121582,84.4800033569336,137.9933319091797,154.9980010986328,256.4083557128906,50.58700180053711,328.84649658203125,284.94598388671875,159.5399932861328,41.22637176513672
2020-10-07,13.903766632080078,86.69000244140625,141.76666259765625,159.7845001220703,255.8730926513672,53.465999603271484,333.13201904296875,292.8478088378906,164.61000061035156,41.74866485595703
2020-10-08,13.779060363769531,86.51000213623047,141.97332763671875,159.52749633789062,261.4639892578125,53.17900085449219,335.0316467285156,292.1590881347656,168.0,42.50680923461914
2020-10-09,13.703388214111328,83.0999984741211,144.6666717529297,164.33250427246094,262.14794921875,53.944000244140625,339.04180908203125,297.0796203613281,167.3300018310547,42.8016471862793
2020-10-12,14.164639472961426,84.29000091552734,147.43333435058594,172.14649963378906,273.3495788574219,53.98099899291992,345.48382568359375,299.0097961425781,167.35000610351562,43.03751754760742
2020-10-13,14.18679428100586,85.27999877929688,148.88333129882812,172.18150329589844,273.7361755371094,55.409000396728516,349.33795166015625,300.3236999511719,162.13999938964844,42.30463790893555
2020-10-14,14.034452438354492,84.20999908447266,153.76666259765625,168.1855010986328,269.4538269042969,54.14500045776367,347.19061279296875,291.6515808105469,163.24000549316406,42.22039031982422
2020-10-15,13.909746170043945,83.12999725341797,149.6266632080078,166.9324951171875,264.3981628417969,54.194000244140625,345.57562255859375,294.11639404296875,164.24000549316406,42.11089324951172
2020-10-16,13.751925468444824,83.16999816894531,146.55667114257812,163.635498046875,263.614990234375,53.07899856567383,350.12725830078125,298.94635009765625,167.35000610351562,42.14458084106445
2020-10-19,13.439529418945312,82.0,143.61000061035156,160.36050415039062,259.12445068359375,53.071998596191406,344.6396179199219,293.7992858886719,167.11000061035156,41.79920959472656
2020-10-20,13.586644172668457,81.55999755859375,140.64666748046875,160.85049438476562,265.2308349609375,52.54199981689453,347.1631774902344,293.0653076171875,167.24000549316406,42.329898834228516
2020-10-21,13.466414451599121,79.19999694824219,140.8800048828125,159.2469940185547,276.3036193847656,48.904998779296875,346.7134704589844,292.50347900390625,163.86000061035156,42.11089324951172
2020-10-22,13.303370475769043,79.41999816894531,141.92999267578125,158.82000732421875,275.69891357421875,48.52299880981445,344.81396484375,295.16766357421875,169.07000732421875,42.692142486572266
2020-10-23,13.531631469726562,81.95999908447266,140.2100067138672,160.22000122070312,282.3109436035156,48.827999114990234,343.7586669921875,299.5806579589844,167.36000061035156,42.55736541748047
2020-10-26,13.084568977355957,82.2300033569336,140.0933380126953,160.3520050048828,274.69769287109375,48.82400131225586,340.1888427734375,292.74810791015625,160.8300018310547,41.950828552246094
2020-10-27,13.338967323303223,78.87999725341797,141.55999755859375,164.31649780273438,280.8239440917969,48.893001556396484,342.0334167480469,290.4373779296875,155.24000549316406,42.035072326660156
2020-10-28,12.572537422180176,76.4000015258789,135.33999633789062,158.13900756835938,265.33990478515625,48.624000549316406,334.9122619628906,279.10113525390625,148.13999938964844,40.40083312988281
2020-10-29,12.967826843261719,78.0199966430664,136.94332885742188,160.55050659179688,278.3853454589844,50.42100143432617,335.4638977050781,275.18646240234375,148.2899932861328,40.451385498046875
2020-10-30,12.479938507080078,75.29000091552734,129.34666442871094,151.8074951171875,260.8195495605469,47.57400131225586,328.8072814941406,276.50946044921875,144.38999938964844,40.48508834838867
2020-11-02,12.52648639678955,74.69999694824219,133.50332641601562,150.2239990234375,259.0848388671875,48.4119987487793,335.0318908691406,282.8164367675781,148.60000610351562,40.956817626953125
2020-11-03,12.96334171295166,76.58000183105469,141.3000030517578,152.42050170898438,262.99053955078125,48.72200012207031,341.9918518066406,291.1985168457031,153.64999389648438,41.57175827026367
2020-11-04,13.73475456237793,81.3499984741211,140.32666015625,162.05799865722656,284.87835693359375,49.69499969482422,345.86279296875,321.2926330566406,151.6300048828125,41.420135498046875
2020-11-05,14.098921775817871,83.0,146.02999877929688,166.10000610351562,292.11474609375,51.375999450683594,354.19281005859375,321.14752197265625,157.08999633789062,41.64756774902344
2020-11-06,14.499191284179688,85.87999725341797,143.31666564941406,165.56849670410156,290.8558044433594,51.472999572753906,354.588134765625,314.8587951660156,157.74000549316406,41.6559944152832
2020-11-09,13.571958541870117,83.12000274658203,140.4199981689453,157.18699645996094,276.34326171875,47.04999923706055,335.59271240234375,317.160400390625,179.36000061035156,44.28424835205078
2020-11-10,12.714920043945312,77.98999786376953,136.7866668701172,151.75100708007812,270.0585021972656,48.02399826049805,337.0821533203125,320.5042419433594,188.69000244140625,45.472007751464844
2020-11-11,13.360124588012695,81.27999877929688,139.0433349609375,156.8695068359375,274.0732727050781,49.07600021362305,342.8746337890625,318.70086669921875,182.14999389648438,45.13505172729492
2020-11-12,13.39870834350586,81.83999633789062,137.25332641601562,155.51400756835938,272.68536376953125,48.676998138427734,345.4397277832031,321.15655517578125,176.72000122070312,44.65488815307617
2020-11-13,13.23964786529541,81.43000030517578,136.1666717529297,156.4405059814453,274.53912353515625,48.284000396728516,348.3175354003906,322.2983703613281,187.11000061035156,45.025535583496094
2020-11-16,13.45695686340332,83.7300033569336,136.02999877929688,156.55299377441406,276.53155517578125,47.90999984741211,349.1910400390625,323.3404846191406,202.39999389648438,45.36249542236328
2020-11-17,13.364355087280273,83.36000061035156,147.20333862304688,156.7830047607422,272.6061096191406,48.0629997253418,351.14947509765625,319.0633850097656,210.0500030517578,45.21929168701172
2020-11-18,13.370827674865723,82.54000091552734,162.2133331298828,155.2729949951172,269.60247802734375,48.17900085449219,351.4344482421875,312.185546875,203.3000030517578,44.31793975830078
2020-11-19,13.382278442382812,85.54000091552734,166.42333984375,155.8509979248047,270.56402587890625,48.46699905395508,352.6389465332031,305.3802490234375,205.6699981689453,44.755977630615234
2020-11-20,13.031302452087402,84.63999938964844,163.20333862304688,154.97000122070312,267.3522644042969,48.82400131225586,350.41387939453125,303.2960510253906,199.6199951171875,44.36848068237305
2020-11-23,13.083322525024414,85.30999755859375,173.9499969482422,154.91949462890625,266.0932922363281,47.6619987487793,350.9563903808594,303.6221923828125,211.52999877929688,44.37691116333008
2020-11-24,12.901864051818848,85.06999969482422,185.1266632080078,155.9029998779297,274.50933837890625,48.28799819946289,353.2641296386719,304.4830322265625,218.49000549316406,44.83179473876953
2020-11-25,13.177665710449219,86.70999908447266,191.3333282470703,159.2534942626953,273.19091796875,48.5,356.5096740722656,301.92767333984375,217.61000061035156,44.587501525878906
2020-11-27,13.204052925109863,87.19000244140625,195.25332641601562,159.76699829101562,275.3916015625,49.13600158691406,357.0982360839844,306.2319641113281,216.5,44.39374923706055
2020-11-30,13.34369945526123,92.66000366210938,189.1999969482422,158.40199279785156,274.55889892578125,49.06999969482422,360.205810546875,304.78204345703125,210.7100067138672,43.80794906616211
2020-12-01,13.332245826721191,92.62999725341797,194.9199981689453,161.00399780273438,284.0555419921875,50.45800018310547,365.6687316894531,309.17706298828125,213.00999450683594,44.18149948120117
2020-12-02,13.486080169677734,93.73999786376953,189.60667419433594,160.17649841308594,285.0170593261719,50.3380012512207,361.838134765625,314.9494323730469,223.85000610351562,44.24094009399414
2020-12-03,13.342159271240234,92.30999755859375,197.7933349609375,159.3365020751953,279.3964538574219,49.75199890136719,352.9218444824219,315.9642333984375,237.1999969482422,44.80976104736328
2020-12-04,13.50375747680664,94.04000091552734,199.67999267578125,158.12899780273438,277.2651672363281,49.83100128173828,352.3369445800781,318.2014465332031,232.7100067138672,45.71817398071289
2020-12-07,13.552062034606934,94.06999969482422,213.9199981689453,157.89999389648438,283.093994140625,51.577999114990234,352.2425537109375,316.3553771972656,238.1699981689453,44.9880485534668
2020-12-08,13.296344757080078,92.91999816894531,216.6266632080078,158.864501953125,280.9329528808594,51.26599884033203,356.2713928222656,316.3553771972656,236.57000732421875,45.149356842041016
2020-12-09,12.87878131866455,89.83000183105469,201.4933319091797,155.2100067138672,275.50067138671875,49.36000061035156,353.1483459472656,313.2177734375,232.05999755859375,45.27671432495117
2020-12-10,12.920111656188965,91.66000366210938,209.02333068847656,155.07449340820312,274.7076416015625,50.10900115966797,351.7330627441406,308.8888854980469,234.42999267578125,45.03898239135742
2020-12-11,12.960947036743164,91.6500015258789,203.3300018310547,155.8209991455078,271.1687316894531,50.321998596191406,353.9126281738281,306.54254150390625,230.3300018310547,45.293678283691406
2020-12-14,13.255263328552246,94.77999877929688,213.27667236328125,157.84849548339844,271.8031311035156,52.242000579833984,353.2332458496094,305.687744140625,228.6199951171875,45.225765228271484
2020-12-15,13.306804656982422,97.12000274658203,211.0833282470703,158.25599670410156,273.1512756347656,51.97800064086914,350.8744812011719,308.9071044921875,229.5,45.709693908691406
2020-12-16,13.18928050994873,96.8499984741211,207.58999633789062,162.04800415039062,273.270263671875,52.483001708984375,348.5723571777344,308.6069641113281,225.8699951171875,45.047481536865234
2020-12-17,13.287629127502441,96.83999633789062,218.63333129882812,161.8040008544922,272.0906066894531,53.290000915527344,349.374267578125,310.72589111328125,221.24000549316406,45.225765228271484
2020-12-18,13.218657493591309,95.91999816894531,231.6666717529297,160.08250427246094,273.9939270019531,53.44499969482422,346.2701416015625,307.73388671875,219.75,45.62480545043945
2020-12-21,13.278665542602539,93.2300033569336,216.6199951171875,160.3090057373047,270.4153747558594,52.89099884033203,344.35479736328125,305.6421813964844,219.30999755859375,44.835235595703125
2020-12-22,13.224882125854492,93.16000366210938,213.44667053222656,160.3260040283203,264.7649230957031,52.733001708984375,341.5808410644531,304.66912841796875,218.77999877929688,44.79278564453125
2020-12-23,12.956964492797852,91.55000305175781,215.32666015625,159.2635040283203,265.7760009765625,51.448001861572266,341.4486999511719,307.01544189453125,219.69000244140625,45.06446075439453
2020-12-24,12.941526412963867,91.80999755859375,220.58999633789062,158.63450622558594,265.072265625,51.39699935913086,343.98675537109375,309.92572021484375,217.14999389648438,45.37009048461914
2020-12-28,12.848153114318848,91.5999984741211,221.22999572753906,164.197998046875,274.588623046875,51.9119987487793,350.10076904296875,314.6182861328125,216.08999633789062,45.98136901855469
2020-12-29,12.891229629516602,90.62000274658203,221.99667358398438,166.10000610351562,274.37060546875,53.08700180053711,351.6671142578125,315.8914794921875,216.25,45.95589828491211
2020-12-30,13.092915534973145,92.29000091552734,231.5933380126953,164.29249572753906,269.50335693359375,52.45899963378906,353.29931640625,313.74517822265625,216.6699981689453,46.21908950805664
2020-12-31,13.002530097961426,91.70999908447266,235.22332763671875,162.84649658203125,270.7820739746094,54.073001861572266,355.4977111816406,318.9199523925781,214.05999755859375,46.55868148803711
2021-01-04,13.06079387664795,92.30000305175781,243.2566680908203,159.3314971923828,266.59881591796875,52.2859992980957,358.67730712890625,317.84674072265625,202.72000122070312,44.79278564453125
2021-01-05,13.350875854492188,92.7699966430664,245.0366668701172,160.92550659179688,268.61114501953125,52.08000183105469,354.5164794921875,313.57244873046875,211.6300048828125,44.30036544799805
2021-01-06,12.563800811767578,90.33000183105469,251.9933319091797,156.91900634765625,261.017822265625,50.04899978637695,349.1195373535156,326.7319641113281,211.02999877929688,42.89103698730469
2021-01-07,13.29036808013916,95.16000366210938,272.0133361816406,158.10800170898438,266.4006042480469,50.888999938964844,347.13812255859375,331.9703063964844,212.7100067138672,42.41560363769531
2021-01-08,13.223387718200684,94.58000183105469,293.3399963378906,159.13499450683594,265.2408142089844,51.040000915527344,349.0440673828125,330.4788513183594,209.89999389648438,43.36648178100586
2021-01-11,13.566752433776855,97.25,270.39666748046875,155.7104949951172,254.6041717529297,49.90999984741211,343.448974609375,328.07794189453125,206.7899932861328,42.619361877441406
2021-01-12,13.430553436279297,95.36000061035156,283.14666748046875,156.04150390625,248.90420532226562,49.42499923706055,343.6283264160156,325.00396728515625,208.41000366210938,42.54295349121094
2021-01-13,13.47736644744873,91.77999877929688,284.8033447265625,158.29449462890625,249.449462890625,50.77899932861328,346.22296142578125,322.8850402832031,207.2100067138672,42.58540725708008
2021-01-14,13.147195816040039,90.79000091552734,281.6666564941406,156.37350463867188,243.50169372558594,50.08599853515625,341.88275146484375,318.7834777832031,209.91000366210938,41.795841217041016
2021-01-15,12.807816505432129,88.20999908447266,275.38665771484375,155.21249389648438,249.17189025878906,49.79800033569336,341.7034912109375,319.4837646484375,204.32000732421875,41.34588623046875
2021-01-19,12.972900390625,89.44999694824219,281.51666259765625,156.03799438476562,258.8271179199219,50.176998138427734,334.4479064941406,320.2931823730469,210.7100067138672,41.1845703125
2021-01-20,13.312033653259277,88.75,283.48333740234375,163.16900634765625,265.15155029296875,58.63399887084961,340.89202880859375,319.0654296875,211.4499969482422,41.328895568847656
2021-01-21,13.811765670776367,91.52999877929688,281.663330078125,165.34950256347656,270.49462890625,57.98400115966797,342.3073425292969,322.84869384765625,207.41000366210938,41.55812454223633
2021-01-22,13.657389640808105,92.79000091552734,282.21331787109375,164.6114959716797,272.1104431152344,56.516998291015625,341.83563232421875,316.0734558105469,205.83999633789062,41.16758346557617
2021-01-25,13.59837532043457,94.12999725341797,293.6000061035156,164.6999969482422,275.58990478515625,55.678001403808594,341.4393615722656,316.3097839355469,203.36000061035156,41.413795471191406
2021-01-26,13.38124942779541,94.70999908447266,294.36334228515625,166.30650329589844,279.5947265625,56.19300079345703,344.3642578125,312.0354919433594,202.05999755859375,41.846778869628906
2021-01-27,12.86583423614502,88.83999633789062,288.0533447265625,161.62899780273438,269.7710266113281,52.327999114990234,336.2594299316406,302.8320617675781,194.02999877929688,41.201541900634766
2021-01-28,12.99854564666748,87.5199966430664,278.4766540527344,161.88099670410156,262.6931457519531,53.86000061035156,336.8916015625,307.52471923828125,197.22999572753906,41.72792053222656
2021-01-29,12.937542915344238,85.63999938964844,264.510009765625,160.30999755859375,256.0811767578125,53.23899841308594,332.5231018066406,303.3685607910156,194.19000244140625,40.878929138183594
2021-02-01,13.183797836303711,87.66000366210938,279.9366760253906,167.1439971923828,259.7291564941406,53.90399932861328,330.7209167480469,303.7506408691406,195.83999633789062,41.15909957885742
2021-02-02,13.502264022827148,88.86000061035156,290.92999267578125,169.0,264.7549743652344,54.816001892089844,335.4951477050781,308.0430603027344,200.94000244140625,41.56661605834961
2021-02-03,13.476120948791504,87.88999938964844,284.89666748046875,165.62649536132812,264.32879638671875,53.94499969482422,335.1460266113281,307.28826904296875,207.38999938964844,41.405303955078125
2021-02-04,13.609333038330078,87.83999633789062,283.3299865722656,166.5500030517578,264.1701354980469,55.215999603271484,336.41290283203125,299.4944152832031,210.63999938964844,41.60905838012695
2021-02-05,13.536375045776367,87.9000015258789,284.07666015625,167.6074981689453,265.76617431640625,55.07899856567383,335.7701721191406,295.12005615234375,207.92999267578125,42.15242004394531
2021-02-08,14.380719184875488,91.47000122070312,287.8066711425781,166.14700317382812,264.2594299316406,54.79199981689453,340.1754455566406,294.9654235839844,211.9499969482422,42.38164138793945
2021-02-09,14.20592212677002,90.91000366210938,283.1533203125,165.25,267.1044616699219,55.90700149536133,339.92022705078125,299.7763671875,215.1199951171875,42.19487762451172
2021-02-10,14.704910278320312,92.3499984741211,268.2733459472656,164.32899475097656,269.50335693359375,56.35900115966797,336.6681823730469,303.2049255371094,211.9199981689453,42.109962463378906
2021-02-11,15.18945598602295,92.66000366210938,270.5533447265625,163.10650634765625,268.0362854003906,55.75899887084961,332.9622497558594,302.9048156738281,210.66000366210938,42.704261779785156
2021-02-12,14.901118278503418,93.7699966430664,272.0400085449219,163.885498046875,268.145263671875,55.652000427246094,333.4821472167969,298.5122375488281,210.97999572753906,43.03537368774414
2021-02-16,15.268635749816895,91.45999908447266,265.40667724609375,163.44749450683594,271.5850830078125,55.72800064086914,334.6639404296875,295.2200927734375,217.17999267578125,42.678794860839844
2021-02-17,14.846091270446777,89.94000244140625,266.04998779296875,165.4320068359375,271.1885070800781,55.13399887084961,338.4832763671875,297.2572326660156,215.52000427246094,42.55992889404297
2021-02-18,14.769400596618652,88.63999938964844,262.4599914550781,166.4114990234375,267.0449523925781,54.821998596191406,337.42437744140625,298.6668701171875,208.47999572753906,43.1032829284668
2021-02-19,14.866508483886719,89.58000183105469,260.4333190917969,162.4949951171875,259.2830810546875,54.02199935913086,335.3918762207031,295.1837158203125,217.47000122070312,42.54295349121094
2021-02-22,14.298052787780762,85.37000274658203,238.1666717529297,159.03700256347656,258.0637512207031,53.37799835205078,331.0809020996094,297.966552734375,212.8800048828125,42.98443603515625
2021-02-23,14.085163116455078,84.73999786376953,232.94667053222656,159.72500610351562,263.545654296875,54.6150016784668,323.46112060546875,299.667236328125,212.1199951171875,42.908016204833984
2021-02-24,14.440727233886719,86.94000244140625,247.33999633789062,157.97650146484375,262.0091857910156,55.340999603271484,322.0904235839844,302.1227111816406,229.33999633789062,43.052345275878906
2021-02-25,13.254016876220703,82.41999816894531,227.4066619873047,152.85800170898438,252.472900390625,54.66999816894531,315.6618347167969,299.0852355957031,216.4499969482422,42.593894958496094
2021-02-26,13.659379005432129,84.51000213623047,225.1666717529297,154.64649963378906,255.37741088867188,53.8849983215332,312.9202575683594,302.1318359375,212.00999450683594,41.592079162597656
2021-03-01,13.786117553710938,86.38999938964844,239.47666931152344,157.3070068359375,262.6039123535156,55.06399917602539,313.64813232421875,304.3416442871094,224.38999938964844,42.364662170410156
2021-03-02,13.35236930847168,84.12999725341797,228.81333923339844,154.72650146484375,256.745361328125,54.78200149536133,310.5190124511719,304.3326110839844,223.13999938964844,42.534454345703125
2021-03-03,12.753286361694336,80.86000061035156,217.73333740234375,150.25,253.1866455078125,52.06999969482422,306.2269287109375,302.7229309082031,228.55999755859375,42.432586669921875
2021-03-04,12.320530891418457,77.75,207.14666748046875,148.8784942626953,255.39723205566406,51.12900161743164,301.613525390625,303.57781982421875,224.7100067138672,42.398624420166016
2021-03-05,12.411416053771973,78.5199966430664,199.31666564941406,150.0229949951172,261.97943115234375,51.638999938964844,299.9874572753906,315.6640930175781,223.22000122070312,43.12025833129883
2021-03-08,11.546656608581543,73.95999908447266,187.6666717529297,147.59750366210938,253.08749389648438,49.33300018310547,294.4096984863281,318.45611572265625,224.02999877929688,43.84191131591797
2021-03-09,12.474234580993652,78.52999877929688,224.52667236328125,153.1425018310547,263.42669677734375,50.64400100708008,301.3677673339844,320.1022033691406,230.61000061035156,43.17969512939453
2021-03-10,12.4224271774292,77.5199966430664,222.68666076660156,152.8820037841797,262.593994140625,50.45399856567383,306.141845703125,317.9377136230469,245.33999633789062,43.67211151123047
2021-03-11,12.945745468139648,81.2300033569336,233.1999969482422,155.67950439453125,271.4958190917969,52.305999755859375,310.69854736328125,321.1206970214844,252.0,43.19668960571289
2021-03-12,12.80875015258789,81.05000305175781,231.2433319091797,154.47450256347656,266.0635681152344,51.801998138427734,313.05267333984375,324.9265441894531,269.19000244140625,43.11106872558594
2021-03-15,13.142767906188965,82.5,235.97999572753906,154.08399963378906,271.3669738769531,52.025001525878906,312.45703125,322.9734191894531,265.6300048828125,43.684635162353516
2021-03-16,13.242400169372559,82.75,225.6266632080078,154.59300231933594,276.8487854003906,52.40299987792969,309.375,323.63067626953125,255.2100067138672,43.8472785949707
2021-03-17,13.292216300964355,82.62999725341797,233.93666076660156,156.7864990234375,281.53765869140625,52.444000244140625,311.2091369628906,321.4219055175781,263.5899963378906,43.86439895629883
2021-03-18,12.675743103027344,78.12000274658203,217.72000122070312,151.39950561523438,276.194580078125,50.479000091552734,305.3383483886719,330.4299621582031,256.05999755859375,43.29084777832031
2021-03-19,12.798538208007812,79.05999755859375,218.2899932861328,153.7480010986328,287.58453369140625,51.21799850463867,310.9443664550781,333.651611328125,255.82000732421875,43.496299743652344
2021-03-22,13.137784957885742,80.30000305175781,223.3333282470703,155.5435028076172,290.9847106933594,52.31100082397461,316.2196044921875,334.8198547363281,251.22999572753906,43.658935546875
2021-03-23,13.022709846496582,78.37999725341797,220.72000122070312,156.875,288.1000671386719,53.50899887084961,321.7500915527344,336.316650390625,241.25,43.9928092956543
2021-03-24,12.59653377532959,76.4800033569336,210.08999633789062,154.35350036621094,279.6839599609375,52.08100128173828,319.5756530761719,338.2331848144531,239.24000549316406,44.10409927368164
2021-03-25,12.489177703857422,76.22000122070312,213.4633331298828,152.31300354003906,276.3134765625,50.2859992980957,327.4223327636719,338.680419921875,247.19000244140625,44.53212356567383
2021-03-26,12.79206371307373,77.41000366210938,206.23666381835938,152.60150146484375,280.5562744140625,50.80500030517578,332.79205322265625,343.59967041015625,244.8699951171875,45.405303955078125
2021-03-29,12.900662422180176,77.13999938964844,203.76333618164062,153.7864990234375,288.28839111328125,51.39500045776367,336.69647216796875,345.9543151855469,250.52000427246094,46.09870910644531
2021-03-30,12.824440956115723,76.0,211.8733367919922,152.76449584960938,285.4929504394531,51.3390007019043,330.6460266113281,340.9346923828125,252.00999450683594,45.49946975708008
2021-03-31,13.299192428588867,78.5,222.64332580566406,154.70399475097656,291.966064453125,52.16600036621094,333.2269287109375,339.5748291015625,254.72000122070312,45.122802734375
2021-04-01,13.760987281799316,81.08999633789062,220.5833282470703,158.0500030517578,296.06011962890625,53.94200134277344,335.5525817871094,335.011474609375,252.9600067138672,44.95159149169922
2021-04-05,13.936091423034668,81.43000030517578,230.35000610351562,161.3365020751953,306.22088623046875,54.06700134277344,341.1114807128906,337.849853515625,259.3599853515625,45.20841979980469
2021-04-06,13.810553550720215,81.44000244140625,230.5399932861328,161.1909942626953,303.59393310546875,54.452999114990234,340.4496765136719,332.5473327636719,255.1699981689453,45.533714294433594
2021-04-07,14.091519355773926,82.19999694824219,223.6566619873047,163.96949768066406,310.36456298828125,54.69900131225586,339.2111511230469,333.7064208984375,252.5800018310547,45.61076354980469
2021-04-08,14.264381408691406,83.3499984741211,227.93333435058594,164.96499633789062,310.2951354980469,55.45800018310547,341.48956298828125,333.0218811035156,254.9499969482422,45.473793029785156
2021-04-09,14.347076416015625,82.76000213623047,225.67333984375,168.61000061035156,309.7399597167969,55.53099822998047,343.3708801269531,343.4353332519531,252.36000061035156,45.525150299072266
2021-04-12,15.15310001373291,78.58000183105469,233.9933319091797,168.96949768066406,308.8280029296875,55.27799987792969,344.88348388671875,343.4171447753906,249.52000427246094,45.670677185058594
2021-04-13,15.621870040893555,80.19000244140625,254.10667419433594,170.0,307.06353759765625,55.37300109863281,345.26165771484375,341.7926330566406,253.27000427246094,45.44810485839844
2021-04-14,15.220852851867676,78.55000305175781,244.07666015625,166.64999389648438,300.1839294433594,54.00199890136719,343.3331298828125,342.8238830566406,252.42999267578125,45.439552307128906
2021-04-15,16.07794189453125,83.01000213623047,246.28334045410156,168.95449829101562,305.140380859375,54.922000885009766,348.65557861328125,355.947998046875,251.11000061035156,45.653564453125
2021-04-16,15.854015350341797,82.1500015258789,246.5933380126953,169.9720001220703,303.5146484375,54.65399932861328,350.4706115722656,356.86065673828125,248.17999267578125,45.953182220458984
2021-04-19,15.305290222167969,81.11000061035156,238.2100067138672,168.60049438476562,299.6089782714844,55.444000244140625,349.3645324707031,355.79290771484375,244.14999389648438,46.22712326049805
2021-04-20,15.115490913391113,79.2699966430664,239.663330078125,166.7344970703125,300.0153503417969,54.957000732421875,351.425537109375,361.89862060546875,234.05999755859375,46.37264633178711
2021-04-21,15.304046630859375,81.61000061035156,248.0399932861328,168.1009979248047,298.84564208984375,50.88999938964844,353.6565856933594,363.97943115234375,235.9199981689453,46.74931335449219
2021-04-22,14.795670509338379,79.05999755859375,239.89666748046875,165.45199584960938,293.93878173828125,50.87799835205078,350.9811706542969,361.90765380859375,234.3300018310547,46.60379409790039
2021-04-23,15.209145545959473,82.76000213623047,243.13333129882812,167.04400634765625,298.5086669921875,50.55500030517578,352.890869140625,365.3484191894531,238.3800048828125,46.629459381103516
2021-04-26,15.421112060546875,85.41000366210938,246.06666564941406,170.4499969482422,300.4020080566406,51.029998779296875,348.390869140625,361.28704833984375,241.44000244140625,45.93606185913086
2021-04-27,15.325217247009277,85.20999908447266,234.913330078125,170.8715057373047,300.9273986816406,50.55500030517578,349.988525390625,360.0458679199219,242.47000122070312,45.86757278442383
2021-04-28,15.220603942871094,84.0199966430664,231.46665954589844,172.9250030517578,304.4266357421875,50.652000427246094,349.40234375,360.1279296875,235.4600067138672,45.876136779785156
2021-04-29,15.268425941467285,83.91000366210938,225.6666717529297,173.5655059814453,326.6416015625,50.900001525878906,353.89312744140625,366.4801330566406,235.94000244140625,46.44969177246094
2021-04-30,14.954336166381836,81.62000274658203,236.47999572753906,173.37100219726562,322.2501220703125,51.34700012207031,352.51934814453125,363.97027587890625,234.30999755859375,46.21000289916992
2021-05-03,14.782219886779785,78.55000305175781,228.3000030517578,169.32449340820312,319.7718811035156,50.9109992980957,359.3690490722656,370.4501953125,235.19000244140625,46.63802719116211
2021-05-04,14.298503875732422,78.61000061035156,224.53334045410156,165.593505859375,315.5886535644531,50.31800079345703,355.55096435546875,375.41510009765625,233.6300048828125,46.34696578979492
2021-05-05,14.405359268188477,77.83000183105469,223.64666748046875,163.52699279785156,312.2777099609375,49.608001708984375,352.90771484375,376.4737854003906,228.17999267578125,46.22712326049805
2021-05-06,14.469622611999512,77.88999938964844,221.17999267578125,165.31849670410156,317.2341613769531,49.95500183105469,362.6281433105469,378.7281188964844,229.80999755859375,46.68938446044922
2021-05-07,14.757810592651367,78.80999755859375,224.1233367919922,164.58050537109375,316.3023681640625,50.38399887084961,364.1060791015625,381.17401123046875,235.47000122070312,46.6637077331543
2021-05-10,14.213319778442383,75.98999786376953,209.67999267578125,159.52450561523438,303.3064880371094,48.66899871826172,361.4154357910156,384.1310119628906,232.92999267578125,47.00613784790039
2021-05-11,14.253668785095215,76.83000183105469,205.73333740234375,161.19549560546875,303.8616027832031,49.507999420166016,358.28912353515625,375.7436218261719,228.8800048828125,46.501060485839844
2021-05-12,13.707931518554688,74.63999938964844,196.6300048828125,157.5970001220703,299.9162292480469,48.49800109863281,352.62353515625,369.9664306640625,220.77999877929688,46.261356353759766
2021-05-13,13.615025520324707,73.08999633789062,190.56333923339844,158.07350158691406,302.6026611328125,48.66600036621094,359.5680236816406,372.8779296875,222.63999938964844,46.6637077331543
2021-05-14,14.190652847290039,74.58999633789062,196.5800018310547,161.14500427246094,313.1897277832031,49.33700180053711,364.2008972167969,374.009521484375,228.47000122070312,46.85203552246094
2021-05-17,14.11343765258789,74.6500015258789,192.27667236328125,163.51950073242188,312.7138977050781,48.89400100708008,363.7650146484375,372.9418029785156,227.97999572753906,46.77499008178711
2021-05-18,13.964238166809082,74.44000244140625,192.6233367919922,161.61399841308594,307.26171875,48.62799835205078,362.6754455566406,374.53887939453125,227.5500030517578,46.51818084716797
2021-05-19,14.014056205749512,76.2300033569336,187.82000732421875,161.58999633789062,310.8601379394531,48.77000045776367,359.6911926269531,373.73577880859375,224.4199981689453,46.37264633178711
2021-05-20,14.558797836303711,78.05999755859375,195.5933380126953,162.38400268554688,315.83648681640625,50.16699981689453,363.4049987792969,372.950927734375,227.64999389648438,46.78355407714844
2021-05-21,14.936650276184082,77.16999816894531,193.6266632080078,160.1540069580078,313.4771423339844,49.78900146484375,360.6954040527344,375.6797790527344,234.82000732421875,46.75788116455078
2021-05-24,15.554617881774902,77.44000244140625,202.14666748046875,162.24949645996094,321.80401611328125,50.290000915527344,363.2818298339844,375.0591735839844,237.44000244140625,46.9119758605957
2021-05-25,15.59023666381836,77.86000061035156,201.56333923339844,162.95249938964844,324.9365234375,50.13399887084961,365.1103515625,376.9757995605469,240.74000549316406,46.90340805053711
2021-05-26,15.642298698425293,78.33999633789062,206.3766632080078,163.25799560546875,324.8077087402344,50.236000061035156,365.3377380371094,377.1217956542969,241.3699951171875,47.10885238647461
2021-05-27,15.431076049804688,78.41999816894531,210.28334045410156,161.5054931640625,329.85333251953125,50.38600158691406,367.1187744140625,376.6563415527344,250.6999969482422,47.502655029296875
2021-05-28,16.184799194335938,80.08000183105469,208.4066619873047,161.15350341796875,325.868408203125,50.28099822998047,358.3742370605469,375.9444580078125,247.02000427246094,47.33143997192383
2021-06-01,16.204727172851562,80.80999755859375,207.96665954589844,160.9324951171875,326.2648620605469,49.90800094604492,358.33642578125,371.1985778808594,254.72999572753906,47.32286834716797
2021-06-02,16.716585159301758,81.97000122070312,201.7066650390625,161.69949340820312,326.28472900390625,49.92399978637695,360.5722351074219,370.40460205078125,255.6199951171875,47.511207580566406
2021-06-03,16.907381057739258,80.27999877929688,190.94667053222656,159.35049438476562,323.2018127441406,48.94300079345703,363.67974853515625,372.33026123046875,250.32000732421875,47.63105392456055
2021-06-04,17.51364517211914,81.58000183105469,199.68333435058594,160.31100463867188,327.4742736816406,49.4739990234375,367.13775634765625,370.2129211425781,249.9199981689453,48.144691467285156
2021-06-07,17.554243087768555,81.3499984741211,201.7100067138672,159.90049743652344,333.6500244140625,49.465999603271484,360.39227294921875,365.29364013671875,252.66000366210938,47.97346878051758
2021-06-08,17.392839431762695,80.88999938964844,201.19667053222656,163.20550537109375,330.77520751953125,49.23899841308594,359.72906494140625,366.6534729003906,252.75999450683594,47.639625549316406
2021-06-09,17.298416137695312,79.95999908447266,199.5933380126953,164.0574951171875,327.3751525878906,48.58100128173828,359.9754333496094,366.0694885253906,248.05999755859375,47.494083404541016
2021-06-10,17.36493492126465,81.55999755859375,203.3733367919922,167.4824981689453,329.56585693359375,48.72700119018555,362.864990234375,366.4253845214844,248.33999633789062,47.86219024658203
2021-06-11,17.763805389404297,81.30999755859375,203.29666137695312,167.3415069580078,328.3763427734375,48.87699890136719,361.74700927734375,363.13983154296875,247.27999877929688,48.07619857788086
2021-06-14,17.956632614135742,81.55000305175781,205.89666748046875,169.19349670410156,333.83837890625,49.98899841308594,363.5755310058594,364.2989501953125,245.13999938964844,47.91231918334961
2021-06-15,17.727184295654297,80.47000122070312,199.7866668701172,169.156494140625,333.81854248046875,49.189998626708984,363.7176513671875,365.3210144042969,246.5399932861328,47.79158401489258
2021-06-16,17.748859405517578,80.11000061035156,201.6233367919922,170.7624969482422,328.1979064941406,49.24100112915039,359.4543762207031,362.5556640625,242.27000427246094,47.1533203125
2021-06-17,18.59293556213379,84.55999755859375,205.53334045410156,174.46200561523438,333.58062744140625,49.83399963378906,364.5134582519531,362.64697265625,239.22000122070312,47.394832611083984
2021-06-18,18.574504852294922,84.6500015258789,207.77000427246094,174.34500122070312,326.790283203125,50.07699966430664,360.8469543457031,356.66546630859375,237.35000610351562,46.3770637512207
2021-06-21,18.363727569580078,82.58999633789062,206.94332885742188,172.697998046875,329.3973693847656,49.70000076293945,366.45556640625,364.6346740722656,245.27999877929688,46.88595199584961
2021-06-22,18.8216495513916,83.58000183105469,207.90333557128906,175.27200317382812,336.0787353515625,50.88199996948242,371.55267333984375,365.20263671875,243.77999877929688,47.05844497680664
2021-06-23,18.991559982299805,83.81999969482422,218.85667419433594,175.1909942626953,337.6251220703125,51.27399826049805,371.3537292480469,362.33551025390625,243.57000732421875,46.67893981933594
2021-06-24,19.13929557800293,86.0999984741211,226.60667419433594,172.45399475097656,340.1925354003906,51.805999755859375,371.4485168457031,365.367431640625,250.57000732421875,46.91182327270508
2021-06-25,18.96540641784668,85.62000274658203,223.9566650390625,170.072998046875,338.3982849121094,52.707000732421875,373.7601318359375,370.9368591308594,248.3800048828125,46.8514404296875
2021-06-28,19.916112899780273,87.08000183105469,229.57333374023438,172.1945037841797,352.5440979003906,53.303001403808594,375.6832580566406,367.7399597167969,239.9600067138672,46.79969024658203
2021-06-29,19.957721710205078,89.5199966430664,226.9199981689453,172.40699768066406,348.8267517089844,53.349998474121094,377.81494140625,364.6622009277344,235.75999450683594,46.45468521118164
2021-06-30,19.933551788330078,93.93000030517578,226.56666564941406,172.00799560546875,344.6831359863281,52.82099914550781,374.8591003417969,366.80560302734375,239.55999755859375,46.67032241821289
2021-07-01,20.14232635498047,93.30999755859375,225.97332763671875,171.64849853515625,351.3050231933594,53.354000091552734,373.77911376953125,370.8818664550781,239.72999572753906,46.54093551635742
2021-07-02,20.4163818359375,94.69999694824219,226.3000030517578,175.5489959716797,351.61236572265625,53.39799880981445,377.9571533203125,374.976318359375,236.67999267578125,46.73069763183594
2021-07-06,20.627151489257812,94.47000122070312,219.86000061035156,183.78700256347656,349.708984375,54.16400146484375,377.8813171386719,375.8007507324219,236.13999938964844,46.47193908691406
2021-07-07,20.301530838012695,90.54000091552734,214.88333129882812,184.82899475097656,347.43896484375,53.59600067138672,383.3951721191406,377.0831298828125,231.77999877929688,46.8514404296875
2021-07-08,19.834142684936523,89.73999786376953,217.60333251953125,186.57049560546875,342.64105224609375,53.07600021362305,385.7352600097656,375.516845703125,236.77000427246094,46.68757247924805
2021-07-09,19.98113441467285,90.9000015258789,218.98333740234375,185.9669952392578,347.3695983886719,53.597999572753906,390.68072509765625,377.4953918457031,239.58999633789062,46.97219467163086
2021-07-12,20.44179344177246,90.80999755859375,228.56666564941406,185.92750549316406,350.085693359375,53.73099899291992,386.4268493652344,381.0953369140625,238.2899932861328,46.989444732666016
2021-07-13,20.180204391479492,90.26000213623047,222.84666442871094,183.8679962158203,349.0249938964844,54.06800079345703,385.6499938964844,383.38531494140625,228.1999969482422,47.4552001953125
2021-07-14,19.773107528686523,89.05000305175781,217.7933349609375,184.08399963378906,344.6038513183594,54.79499816894531,388.3880310058594,379.904541015625,224.4499969482422,48.52471160888672
2021-07-15,18.900876998901367,86.93000030517578,216.86666870117188,181.55999755859375,341.4613952636719,54.29499816894531,390.15966796875,384.7685241699219,222.75999450683594,48.67995834350586
2021-07-16,18.098398208618164,85.88999938964844,214.74000549316406,178.68150329589844,338.19012451171875,53.03099822998047,388.7859191894531,384.4479675292969,217.74000549316406,48.64546585083008
2021-07-19,18.715015411376953,86.58000183105469,215.4066619873047,177.47950744628906,334.0168151855469,53.22800064086914,392.3670654296875,374.70159912109375,206.99000549316406,48.06758499145508
2021-07-20,18.547842025756836,87.11000061035156,220.1666717529297,178.6595001220703,338.6858215332031,53.10499954223633,394.3470764160156,378.2831726074219,217.14999389648438,48.153831481933594
2021-07-21,19.343093872070312,89.41000366210938,218.42999267578125,179.25999450683594,343.2160339355469,51.362998962402344,393.181884765625,379.81292724609375,222.5399932861328,48.77484130859375
2021-07-22,19.526458740234375,91.20999908447266,216.4199981689453,181.90150451660156,348.13287353515625,51.176998138427734,395.5788269042969,380.8480224609375,220.8699951171875,48.70583724975586
2021-07-23,19.490585327148438,92.1500015258789,214.4600067138672,182.83200073242188,366.5709228515625,51.54100036621094,401.1590270996094,382.61590576171875,221.52000427246094,49.171592712402344
2021-07-26,19.22749900817871,91.81999969482422,219.2066650390625,184.99099731445312,369.2176818847656,51.64899826049805,400.9695739746094,378.80535888671875,225.85000610351562,49.214717864990234
2021-07-27,19.141786575317383,91.02999877929688,214.92666625976562,181.3195037841797,364.6081848144531,51.89099884033203,402.0211486816406,380.23431396484375,222.27000427246094,49.38721466064453
2021-07-28,19.435775756835938,97.93000030517578,215.66000366210938,181.51600646972656,370.030517578125,51.93000030517578,400.0126647949219,374.8023986816406,231.57000732421875,48.938720703125
2021-07-29,19.594226837158203,102.94999694824219,225.78334045410156,179.99600219726562,355.2008056640625,51.42499923706055,403.6670227050781,377.46795654296875,231.6300048828125,49.206085205078125
2021-07-30,19.431785583496094,106.19000244140625,229.06666564941406,166.37950134277344,353.1983642578125,51.75699996948242,407.88134765625,377.59613037109375,226.47999572753906,49.1888427734375
2021-08-02,19.681922912597656,108.62999725341797,236.55667114257812,166.57400512695312,348.8862609863281,51.51499938964844,407.1219482421875,380.6648254394531,225.33999633789062,49.05946350097656
2021-08-03,19.74669647216797,112.55999755859375,236.5800018310547,168.31199645996094,348.182373046875,51.082000732421875,412.95941162109375,386.4631042480469,229.08999633789062,49.093963623046875
2021-08-04,20.20411491394043,118.7699966430664,236.97332763671875,167.73599243164062,355.7955627441406,51.73500061035156,412.9310302734375,386.1333923339844,226.6300048828125,48.386695861816406
2021-08-05,20.56586456298828,112.3499984741211,238.2100067138672,168.79949951171875,359.8103332519531,52.48899841308594,420.66680908203125,376.6527099609375,229.94000244140625,48.73170852661133
2021-08-06,20.295793533325195,110.11000061035156,233.03334045410156,167.2469940185547,360.3456115722656,52.05500030517578,417.2877502441406,380.2525329589844,231.3300018310547,48.85246276855469
2021-08-09,20.22504425048828,107.58000183105469,237.9199981689453,167.093505859375,358.462158203125,51.99700164794922,418.0849609375,376.3595275878906,232.27000427246094,48.86109161376953
2021-08-10,19.86728286743164,106.4800033569336,236.663330078125,166.03399658203125,357.9863586425781,51.58399963378906,420.5149230957031,377.19305419921875,235.77999877929688,48.99047088623047
2021-08-11,19.6310977935791,107.68000030517578,235.94000244140625,164.60549926757812,356.8264465332031,51.2400016784668,421.72039794921875,373.4924011230469,239.49000549316406,48.93008804321289
2021-08-12,19.836387634277344,106.5,240.75,165.1750030517578,359.49310302734375,51.071998596191406,422.7265319824219,371.8619079589844,238.17999267578125,49.024959564208984
2021-08-13,20.118410110473633,110.55000305175781,239.05667114257812,164.69850158691406,360.0184631347656,51.59199905395508,425.06146240234375,375.2603759765625,234.4600067138672,49.361351013183594
2021-08-16,19.8812313079834,107.4800033569336,228.72332763671875,164.94949340820312,363.3690490722656,51.79199981689453,429.8453674316406,382.1670227050781,229.05999755859375,49.576969146728516
2021-08-17,19.39093017578125,107.55999755859375,221.90333557128906,162.09800720214844,355.3296813964844,51.89099884033203,429.35174560546875,386.3531799316406,222.22000122070312,49.40446472167969
2021-08-18,18.9743709564209,103.44000244140625,229.663330078125,160.06100463867188,352.3558044433594,52.1870002746582,423.5333251953125,382.2677917480469,219.0,48.73170852661133
2021-08-19,19.729755401611328,103.69999694824219,224.49000549316406,159.3874969482422,352.02862548828125,54.37099838256836,431.17425537109375,391.95001220703125,212.16000366210938,49.04220962524414
2021-08-20,20.744243621826172,104.6500015258789,226.75332641601562,159.99749755859375,356.24163818359375,54.6879997253418,435.6637878417969,393.6170654296875,212.6699981689453,48.85246276855469
2021-08-23,21.88231086730957,108.7699966430664,235.43333435058594,163.2935028076172,360.1870422363281,55.33300018310547,431.81011962890625,389.6324768066406,219.39999389648438,48.67995834350586
2021-08-24,21.71788215637207,107.6500015258789,236.163330078125,165.28900146484375,362.3282165527344,55.340999603271484,428.8297119140625,387.8462219238281,221.42999267578125,48.309078216552734
2021-08-25,22.136430740356445,108.30000305175781,237.06666564941406,164.95899963378906,365.18310546875,54.757999420166016,428.2982482910156,384.4844970703125,221.02999877929688,48.3608283996582
2021-08-26,21.99193000793457,107.2699966430664,233.72000122070312,165.8000030517578,361.2079772949219,55.012001037597656,426.4757385253906,381.8373107910156,216.5,47.903709411621094
2021-08-27,22.55797576904297,111.4000015258789,237.30667114257812,167.48150634765625,369.3861999511719,55.891998291015625,427.45343017578125,383.58685302734375,221.75,47.99857711791992
2021-08-30,22.60979652404785,111.31999969482422,243.6366729736328,171.07850646972656,377.3463134765625,56.61800003051758,432.75933837890625,383.1654968261719,217.66000366210938,48.45570755004883
2021-08-31,22.311777114868164,110.72000122070312,245.24000549316406,173.5395050048828,376.0774841308594,56.91899871826172,432.3417053222656,381.30596923828125,219.5,48.567840576171875
2021-09-01,22.36758804321289,109.98999786376953,244.69667053222656,173.9499969482422,378.7242431640625,58.207000732421875,433.31927490234375,382.29534912109375,218.1199951171875,48.895591735839844
2021-09-02,22.32273292541504,109.19999694824219,244.1300048828125,173.156005859375,372.0130920410156,58.85499954223633,437.543212890625,388.1210632324219,220.8300018310547,48.9645881652832
2021-09-03,22.768278121948242,109.91999816894531,244.52333068847656,173.90249633789062,372.9846496582031,59.053001403808594,439.0428466796875,387.3424377441406,218.1699981689453,48.93008804321289
2021-09-07,22.58786964416504,109.1500015258789,250.97332763671875,175.46449279785156,378.85302734375,60.67100143432617,436.24285888671875,385.8585205078125,214.24000549316406,48.01583480834961
2021-09-08,22.265928268432617,106.16999816894531,251.2899932861328,176.27499389648438,374.283203125,60.60499954223633,442.03277587890625,380.4999084472656,211.3800048828125,48.6627082824707
2021-09-09,22.10445785522461,106.1500015258789,251.6199951171875,174.20799255371094,374.7094421386719,59.75400161743164,442.2606506347656,379.7304992675781,213.94000244140625,48.17970275878906
2021-09-10,22.40447235107422,105.19999694824219,245.42333984375,173.45750427246094,375.39349365234375,59.87200164794922,441.5202331542969,371.28277587890625,210.3000030517578,47.96407699584961
2021-09-13,22.07953453063965,104.80000305175781,247.6666717529297,172.85850524902344,373.232421875,58.92900085449219,436.2998046875,381.0357666015625,214.47999572753906,48.3608283996582
2021-09-14,22.16924285888672,105.7300033569336,248.163330078125,172.5,373.2522888183594,57.7760009765625,435.1133117675781,379.2157287597656,211.57000732421875,48.395591735839844
2021-09-15,22.26791763305664,105.5999984741211,251.94332885742188,173.7895050048828,370.6650085449219,58.2869987487793,437.3154602050781,383.79339599609375,214.22000122070312,48.56071472167969
2021-09-16,22.16924285888672,106.22000122070312,252.3300018310547,174.41200256347656,369.81243896484375,58.650001525878906,439.7643127441406,383.1683349609375,213.36000061035156,48.100128173828125
2021-09-17,21.828359603881836,103.87999725341797,253.163330078125,173.12600708007812,361.5450439453125,58.935001373291016,436.1574401855469,386.22015380859375,213.36000061035156,47.309322357177734
2021-09-20,21.04393768310547,101.55000305175781,243.38999938964844,167.7864990234375,352.60357666015625,57.542999267578125,428.21282958984375,379.36279296875,209.5,46.979103088378906
2021-09-21,21.176504135131836,102.81999969482422,246.4600067138672,167.18150329589844,354.3681335449219,57.31399917602539,429.13348388671875,379.03179931640625,208.50999450683594,46.970401763916016
2021-09-22,21.869226455688477,104.37999725341797,250.64666748046875,169.00250244140625,340.2222595214844,59.064998626708984,429.34228515625,375.6859130859375,216.97999572753906,47.0399169921875
2021-09-23,22.408456802368164,106.1500015258789,251.2133331298828,170.8000030517578,342.9483642578125,59.32600021362305,429.7695007324219,375.0699768066406,221.10000610351562,46.96171569824219
2021-09-24,22.00876808166504,105.80000305175781,258.1300048828125,171.2760009765625,349.887451171875,59.23899841308594,443.9786376953125,374.19671630859375,221.38999938964844,46.83135986328125
2021-09-27,21.589147567749023,108.16000366210938,263.78668212890625,170.2899932861328,350.50201416015625,59.263999938964844,437.1540222167969,372.5329895019531,224.16000366210938,46.58803176879883
2021-09-28,20.631284713745117,101.5199966430664,259.1866760253906,165.79800415039062,337.6846008300781,58.3849983215332,424.6153869628906,366.4201354980469,218.41000366210938,45.745086669921875
2021-09-29,20.44988441467285,100.3499984741211,260.4366760253906,165.05599975585938,336.6536560058594,59.90599822998047,428.8297119140625,368.0655212402344,225.36000061035156,46.02317810058594
2021-09-30,20.648231506347656,102.9000015258789,258.49334716796875,164.2519989013672,336.43560791015625,61.034000396728516,426.5137939453125,359.1766662597656,219.94000244140625,45.59736251831055
2021-10-01,20.674148559570312,102.44999694824219,258.40667724609375,164.16299438476562,340.0240783691406,61.314998626708984,425.5455017089844,360.7301330566406,226.0,46.075321197509766
2021-10-04,19.66745376586914,100.33999633789062,260.510009765625,159.48899841308594,323.39013671875,60.334999084472656,417.7717590332031,355.7480163574219,223.7899932861328,46.04925537109375
2021-10-05,20.384098052978516,101.80999755859375,260.1966552734375,161.0500030517578,330.0615539550781,63.48099899291992,423.5617370605469,361.64935302734375,224.4199981689453,46.12746047973633
2021-10-06,20.632286071777344,103.63999938964844,260.9166564941406,163.10049438476562,330.7356262207031,63.90999984741211,426.50421142578125,362.403076171875,224.99000549316406,46.67493438720703
2021-10-07,21.006061553955078,106.44999694824219,264.53668212890625,165.1215057373047,326.3541259765625,63.185001373291016,429.8548278808594,372.0090637207031,226.47999572753906,46.822669982910156
2021-10-08,20.762859344482422,105.05999755859375,261.8299865722656,164.43099975585938,327.1769104003906,63.26599884033203,428.8866271972656,375.46527099609375,226.38999938964844,47.03123474121094
2021-10-11,20.627302169799805,104.68000030517578,263.9800109863281,162.31500244140625,322.6169738769531,62.70399856567383,426.845947265625,372.27557373046875,226.4499969482422,47.126827239990234
2021-10-12,20.603378295898438,105.04000091552734,268.5733337402344,162.3665008544922,320.9515075683594,62.49399948120117,424.1597900390625,370.6669006347656,223.57000732421875,47.126827239990234
2021-10-13,20.87050437927246,109.16000366210938,270.3599853515625,164.21400451660156,321.7148742675781,62.97600173950195,422.6695861816406,370.9518737792969,221.77999877929688,47.13552474975586
2021-10-14,21.674861907958984,111.98999786376953,272.7733459472656,164.9929962158203,325.6701354980469,63.380001068115234,427.7571716308594,386.40399169921875,217.44000244140625,47.45704650878906
2021-10-15,21.79047966003418,112.12000274658203,281.010009765625,170.4510040283203,321.9328918457031,62.82899856567383,429.3992614746094,393.4912414550781,217.0399932861328,47.34408187866211
2021-10-18,22.14930534362793,116.43000030517578,290.03668212890625,172.33700561523438,332.4208679199219,63.797000885009766,438.4734191894531,390.3199157714844,216.97999572753906,46.874813079833984
2021-10-19,22.217086791992188,116.33000183105469,288.0899963378906,172.20750427246094,337.0303649902344,63.900001525878906,443.3426513671875,390.0992736816406,215.97000122070312,47.057308197021484
2021-10-20,22.030702590942383,116.38999938964844,288.6000061035156,170.7530059814453,337.8134765625,62.513999938964844,445.89599609375,399.94415283203125,216.1699981689453,47.47443389892578
2021-10-21,22.61776351928711,119.33000183105469,298.0,171.75050354003906,338.9039001464844,65.31600189208984,452.9768981933594,406.5533142089844,214.33999633789062,47.23109817504883
2021-10-22,22.651653289794922,119.81999969482422,303.2266540527344,166.77749633789062,321.7842102050781,66.47799682617188,457.49493408203125,412.8776550292969,212.97000122070312,47.318016052246094
2021-10-25,23.0902156829834,122.36000061035156,341.6199951171875,166.01849365234375,325.8287048339844,67.16600036621094,465.19281005859375,413.180908203125,212.8699951171875,47.126827239990234
2021-10-26,24.636144638061523,122.93000030517578,339.4766540527344,168.80349731445312,313.0608215332031,66.85199737548828,460.85504150390625,417.91497802734375,209.80999755859375,47.335391998291016
2021-10-27,24.371017456054688,122.27999877929688,345.9533386230469,169.62449645996094,309.5021057128906,66.29199981689453,464.25311279296875,416.8486328125,206.61000061035156,48.247859954833984
2021-10-28,24.859411239624023,121.16000366210938,359.0133361816406,172.32850646972656,314.16119384765625,67.40499877929688,466.3541259765625,418.65032958984375,207.85000610351562,48.69974899291992
2021-10-29,25.483366012573242,120.2300033569336,371.3333435058594,168.6215057373047,320.7532653808594,69.03099822998047,467.31439208984375,423.2740173339844,207.02999877929688,48.98652648925781
2021-11-01,25.742511749267578,125.2300033569336,402.86334228515625,165.90550231933594,327.1075134277344,68.11699676513672,467.62811279296875,417.427734375,214.5800018310547,48.812721252441406
2021-11-02,26.31463623046875,127.62999725341797,390.6666564941406,165.6374969482422,325.2239990234375,67.77200317382812,472.4957580566406,415.52496337890625,212.77000427246094,48.751888275146484
2021-11-03,26.510986328125,130.52999877929688,404.6199951171875,169.1999969482422,328.733154296875,68.8290023803711,477.57257080078125,420.3875732421875,213.3800048828125,48.9170036315918
2021-11-04,29.703516006469727,137.5,409.9700012207031,173.85000610351562,332.9264221191406,66.83999633789062,490.2076110839844,419.8636474609375,213.02999877929688,49.186397552490234
2021-11-05,29.654672622680664,136.33999633789062,407.36334228515625,175.94949340820312,338.160400390625,64.5719985961914,487.83087158203125,418.9904479980469,224.4600067138672,49.39497375488281
2021-11-08,30.703231811523438,150.16000366210938,387.64666748046875,174.44900512695312,335.6722412109375,65.1449966430664,478.97967529296875,425.25030517578125,222.67999267578125,48.95176315307617
2021-11-09,30.556716918945312,148.9199981689453,341.1666564941406,178.81149291992188,332.4505615234375,65.5989990234375,483.63818359375,426.8406066894531,220.7899932861328,49.09081268310547
2021-11-10,29.362634658813477,139.8699951171875,355.98333740234375,174.1024932861328,324.787841796875,64.69100189208984,480.59588623046875,422.7500305175781,218.5,49.290679931640625
2021-11-11,30.29058265686035,146.00999450683594,354.5033264160156,173.625,324.886962890625,65.75800323486328,486.9372253417969,420.4428405761719,219.3800048828125,49.30806350708008
2021-11-12,30.29058265686035,147.88999938964844,344.47332763671875,176.25750732421875,337.92254638671875,68.26100158691406,491.68115234375,421.9134826660156,220.9600067138672,49.19508361816406
2021-11-15,29.926780700683594,146.49000549316406,337.7966613769531,177.28399658203125,344.5344543457031,67.93299865722656,494.2672119140625,414.3851013183594,233.08999633789062,49.20377731323242
2021-11-16,30.104196548461914,152.4499969482422,351.57666015625,177.03500366210938,339.9744873046875,68.73999786376953,500.7605285644531,413.300537109375,225.8000030517578,48.856170654296875
2021-11-17,29.16527557373047,151.33999633789062,363.0033264160156,177.4499969482422,337.80352783203125,69.16899871826172,500.35162353515625,412.6845703125,226.6199951171875,48.58677673339844
2021-11-18,31.571382522583008,155.02000427246094,365.4599914550781,184.80299377441406,335.74163818359375,68.2020034790039,503.27996826171875,413.1625671386719,227.25,48.152278900146484
2021-11-19,32.87709045410156,155.41000366210938,379.0199890136719,183.82850646972656,342.2940979003906,67.87999725341797,507.48199462890625,404.4575500488281,214.1300048828125,47.908935546875
2021-11-22,31.851465225219727,152.52000427246094,385.6233215332031,178.6284942626953,338.04150390625,65.91999816894531,513.05322265625,402.19622802734375,209.89999389648438,48.20441436767578
2021-11-23,31.642147064208984,149.9199981689453,369.6766662597656,179.0019989013672,334.314208984375,65.40599822998047,518.3867797851562,411.0116271972656,209.1300048828125,48.56071472167969
2021-11-24,32.56711196899414,157.8000030517578,372.0,179.02049255371094,338.0910339355469,65.8290023803711,522.6365356445312,413.796875,210.60000610351562,48.16964340209961
2021-11-26,31.399944305419922,154.80999755859375,360.6400146484375,175.22799682617188,330.2201843261719,66.56400299072266,519.2138671875,404.3747863769531,199.2100067138672,46.692317962646484
2021-11-29,33.26681900024414,161.91000366210938,378.9966735839844,178.07850646972656,335.0874328613281,66.38400268554688,527.53271484375,415.48822021484375,198.5,47.43098449707031
2021-11-30,32.56911087036133,158.3699951171875,381.586669921875,175.35350036621094,321.635498046875,64.19000244140625,512.7965087890625,408.33673095703125,197.85000610351562,45.93344497680664
2021-12-01,31.33600425720215,149.11000061035156,365.0,172.18600463867188,307.89617919921875,61.777000427246094,503.7268371582031,408.4469299316406,188.19000244140625,45.80208206176758
2021-12-02,32.02482986450195,150.67999267578125,361.5333251953125,171.8679962158203,307.6880187988281,61.64699935913086,499.610107421875,409.9912109375,202.3800048828125,46.47640609741211
2021-12-03,30.596342086791992,144.00999450683594,338.3233337402344,169.489501953125,304.1689453125,60.2130012512207,502.8616027832031,414.37176513671875,198.49000549316406,46.88801574707031
2021-12-06,29.942407608032227,139.05999755859375,336.336669921875,171.36849975585938,315.1028747558594,61.26900100708008,506.9212646484375,424.3224792480469,205.8800048828125,48.087806701660156
2021-12-07,32.32488250732422,144.85000610351562,350.5833435058594,176.1645050048828,319.9998779296875,62.55799865722656,515.3065795898438,428.5831604003906,208.8300018310547,48.350528717041016
2021-12-08,31.725772857666016,145.24000549316406,356.32000732421875,176.1580047607422,327.68243408203125,62.80799865722656,503.9833984375,432.3919677734375,211.02999877929688,48.166622161865234
2021-12-09,30.393980026245117,138.10000610351562,334.6000061035156,174.17100524902344,326.9489440917969,61.099998474121094,498.4883728027344,436.5050964355469,207.55999755859375,48.04402160644531
2021-12-10,30.102901458740234,138.5500030517578,339.010009765625,172.21200561523438,326.8794860839844,61.16600036621094,531.2785034179688,441.0332336425781,205.05999755859375,49.2875862121582
2021-12-13,28.072307586669922,133.8000030517578,322.13665771484375,169.5675048828125,331.57818603515625,60.45600128173828,529.7572631835938,440.9501953125,197.39999389648438,50.583702087402344
2021-12-14,28.24776268005371,135.60000610351562,319.5033264160156,169.0915069580078,330.834716796875,59.79899978637695,518.4629516601562,442.1675109863281,195.5,50.618743896484375
2021-12-15,30.363075256347656,146.5,325.3299865722656,173.31500244140625,338.6858215332031,60.50400161743164,537.610107421875,455.927001953125,195.42999267578125,50.84644317626953
2021-12-16,28.297603607177734,138.63999938964844,308.97332763671875,168.87100219726562,331.984619140625,59.10599899291992,525.3934936523438,454.52520751953125,190.7899932861328,51.363128662109375
2021-12-17,27.71344757080078,137.75,310.8566589355469,170.0175018310547,330.8843078613281,58.67300033569336,520.620849609375,449.231689453125,192.6300048828125,50.557437896728516
2021-12-20,27.631702423095703,135.8000030517578,299.9800109863281,167.07899475097656,322.6169738769531,59.374000549316406,521.5240478515625,446.1053161621094,188.47999572753906,50.39103698730469
2021-12-21,28.983436584472656,144.25,312.84332275390625,170.41700744628906,331.2907409667969,60.492000579833984,518.5484619140625,449.314697265625,199.52000427246094,50.59246063232422
2021-12-22,29.30740737915039,143.8800048828125,336.2900085449219,171.03700256347656,327.57342529296875,61.42399978637695,522.5794067382812,455.6964416503906,201.69000244140625,50.95152282714844
2021-12-23,29.546661376953125,146.13999938964844,355.6666564941406,171.06849670410156,332.3216857910156,61.409000396728516,523.2449340820312,456.84918212890625,204.22000122070312,50.98655700683594
2021-12-27,30.84754753112793,154.36000061035156,364.64666748046875,169.66949462890625,343.16644287109375,61.3120002746582,535.69921875,460.6487731933594,203.1699981689453,51.363128662109375
2021-12-28,30.22650909423828,153.14999389648438,362.8233337402344,170.66099548339844,343.2061462402344,61.07099914550781,536.8117065429688,463.8212585449219,206.1300048828125,51.56456756591797
2021-12-29,29.906517028808594,148.25999450683594,362.0633239746094,169.2010040283203,339.9547119140625,61.05400085449219,539.7874755859375,466.2558898925781,203.66000366210938,51.62586212158203
2021-12-30,29.492828369140625,145.14999389648438,356.7799987792969,168.64450073242188,341.3622741699219,61.20899963378906,536.1176147460938,465.1953125,202.7100067138672,51.476985931396484
2021-12-31,29.31838035583496,143.89999389648438,352.260009765625,166.7169952392578,333.4219970703125,60.24399948120117,539.720703125,463.08349609375,201.32000732421875,51.853553771972656
2022-01-03,30.026142120361328,150.24000549316406,399.9266662597656,170.4044952392578,335.59295654296875,59.73699951171875,538.7797241210938,463.2125244140625,207.86000061035156,51.932373046875
2022-01-04,29.1977596282959,144.4199981689453,383.1966552734375,167.52200317382812,333.60052490234375,59.1150016784668,536.4219360351562,452.7176513671875,213.6300048828125,52.799373626708984
2022-01-05,27.517072677612305,136.14999389648438,362.7066650390625,164.35699462890625,321.34808349609375,56.75199890136719,522.8170776367188,451.60174560546875,213.07000732421875,53.23725509643555
2022-01-06,28.089263916015625,136.22999572753906,354.8999938964844,163.25399780273438,329.56585693359375,55.32899856567383,522.703125,433.1205139160156,211.33999633789062,52.95701217651367
2022-01-07,27.161191940307617,132.0,342.32000732421875,162.5540008544922,328.9017333984375,54.10599899291992,509.7541809082031,422.92999267578125,215.5,52.83441162109375
2022-01-10,27.31371307373047,132.0,352.7066650390625,161.48599243164062,325.214111328125,53.98500061035156,493.2308349609375,428.8321838378906,209.30999755859375,52.92198181152344
2022-01-11,27.72939682006836,137.30999755859375,354.79998779296875,165.36199951171875,331.4592590332031,54.08399963378906,496.30181884765625,432.52105712890625,216.02000427246094,52.939491271972656
2022-01-12,27.910825729370117,137.47000122070312,368.739990234375,165.20700073242188,330.3589172363281,53.72200012207031,499.8858947753906,436.8739013671875,217.4499969482422,53.018310546875
2022-01-13,26.49131202697754,132.74000549316406,343.85333251953125,161.21400451660156,323.637939453125,51.91999816894531,491.4055480957031,431.0731506347656,223.89999389648438,53.333587646484375
2022-01-14,26.857154846191406,136.8800048828125,349.8699951171875,162.13800048828125,329.0107727050781,52.569000244140625,478.2000427246094,432.23516845703125,225.9600067138672,53.76272201538086
2022-01-18,25.821420669555664,131.92999267578125,343.5033264160156,158.91749572753906,315.3804931640625,51.08000183105469,464.01544189453125,425.134033203125,225.00999450683594,53.333587646484375
2022-01-19,24.98805809020996,128.27000427246094,331.8833312988281,156.2989959716797,316.8078918457031,51.58599853515625,466.0024719238281,426.5450744628906,217.0800018310547,53.42115783691406
2022-01-20,24.073949813842773,121.88999938964844,332.0899963378906,151.66749572753906,313.8043518066406,50.82500076293945,459.024169921875,426.98779296875,214.19000244140625,53.202232360839844
2022-01-21,23.300392150878906,118.80999755859375,314.6333312988281,142.64300537109375,300.5308532714844,39.75,457.8738098144531,425.30010986328125,205.44000244140625,52.939491271972656
2022-01-24,23.298397064208984,116.52999877929688,310.0,144.54400634765625,306.02264404296875,38.71500015258789,464.8045654296875,426.3145446777344,204.1999969482422,52.510372161865234
2022-01-25,22.253700256347656,111.12999725341797,306.1333312988281,139.98599243164062,297.537109375,36.641998291015625,453.7951965332031,421.306884765625,204.10000610351562,52.38777542114258
2022-01-26,22.700284957885742,110.70999908447266,312.4700012207031,138.87249755859375,292.0652160644531,35.970001220703125,459.64215087890625,422.7731628417969,194.27000427246094,52.195098876953125
2022-01-27,21.874895095825195,102.5999984741211,276.3666687011719,139.6374969482422,292.0751647949219,38.66999816894531,458.73895263671875,425.6966857910156,189.75,52.23888397216797
2022-01-28,22.768070220947266,105.23999786376953,282.1166687011719,143.97799682617188,299.08355712890625,38.43600082397461,468.16046142578125,429.8096923828125,190.57000732421875,53.28103256225586
2022-01-31,24.408889770507812,114.25,312.239990234375,149.57350158691406,310.5330505371094,42.7140007019043,480.2345886230469,435.81341552734375,200.24000549316406,53.4299201965332
2022-02-01,24.560413360595703,116.77999877929688,310.4166564941406,151.19349670410156,316.22308349609375,45.7130012512207,483.3529357910156,431.9768981933594,208.33999633789062,53.03582763671875
2022-02-02,25.162508010864258,122.76000213623047,301.88665771484375,150.6125030517578,320.18829345703125,42.948001861572266,496.292236328125,442.46258544921875,207.52000427246094,53.578800201416016
2022-02-03,23.87257957458496,120.08000183105469,297.0466613769531,138.8455047607422,235.6902618408203,40.560001373291016,496.80633544921875,450.7533264160156,206.38999938964844,53.95537185668945
2022-02-04,24.242412567138672,123.5999984741211,307.7733459472656,157.63949584960938,235.02610778808594,41.016998291015625,494.90203857421875,445.5889587402344,206.4499969482422,53.38612365722656
2022-02-07,24.650129318237305,123.66999816894531,302.4466552734375,157.9355010986328,222.9521484375,40.209999084472656,491.2077331542969,446.07769775390625,211.9199981689453,53.94661331176758
2022-02-08,25.028928756713867,128.22999572753906,307.3333435058594,161.4134979248047,218.26329040527344,40.35300064086914,496.2160949707031,455.0325012207031,213.27000427246094,54.29692840576172
2022-02-09,26.62090301513672,132.85000610351562,310.6666564941406,161.1894989013672,229.9804229736328,41.28900146484375,503.5286560058594,459.3576965332031,215.86000061035156,53.45619201660156
2022-02-10,25.74267578125,125.7699966430664,301.51666259765625,159.0034942626953,226.08462524414062,40.62699890136719,493.6737976074219,448.8628234863281,218.75,53.75395202636719
2022-02-11,23.87357521057129,113.18000030517578,286.6666564941406,153.2935028076172,217.63882446289062,39.13100051879883,485.2853088378906,440.94097900390625,212.3000030517578,52.799373626708984
2022-02-14,24.190584182739258,114.2699966430664,291.9200134277344,155.16700744628906,215.8048858642578,39.65700149536133,482.32403564453125,437.50103759765625,210.0399932861328,53.14092254638672
2022-02-15,26.41156005859375,121.47000122070312,307.4766540527344,156.510498046875,219.07618713378906,40.74599838256836,489.3319091796875,441.0332336425781,217.72999572753906,53.34233856201172
2022-02-16,26.427513122558594,117.69000244140625,307.7966613769531,158.10049438476562,214.6549835205078,39.80799865722656,487.88470458984375,442.7115478515625,218.92999267578125,53.333587646484375
2022-02-17,24.42982292175293,112.37000274658203,292.1166687011719,154.65249633789062,205.90188598632812,38.66699981689453,490.36981201171875,433.7568359375,213.5800018310547,54.402008056640625
2022-02-18,23.567550659179688,113.83000183105469,285.6600036621094,152.60150146484375,204.36534118652344,39.12900161743164,488.1417236328125,431.4237060546875,209.02999877929688,54.76982498168945
2022-02-22,23.31633758544922,115.6500015258789,273.84332275390625,150.19749450683594,200.3208465576172,37.737998962402344,478.1535949707031,426.5358581542969,198.74000549316406,54.54212188720703
2022-02-23,22.316499710083008,109.76000213623047,254.67999267578125,144.82699584960938,196.72250366210938,36.74599838256836,471.564697265625,423.87060546875,196.4199981689453,53.93785858154297
2022-02-24,23.67321014404297,116.61000061035156,266.92333984375,151.35800170898438,205.7928009033203,39.00299835205078,481.39093017578125,420.4308166503906,198.42999267578125,52.99204635620117
2022-02-25,24.0809268951416,121.05999755859375,269.9566650390625,153.7884979248047,208.6477508544922,39.08000183105469,492.7310485839844,438.7459716796875,201.47999572753906,55.04131317138672
2022-02-28,24.308202743530273,123.33999633789062,290.1433410644531,153.56300354003906,209.1929473876953,39.45199966430664,494.4070129394531,438.856689453125,205.33999633789062,54.50709915161133
2022-03-01,23.403066635131836,113.83000183105469,288.1233215332031,151.14199829101562,201.7185821533203,38.624000549316406,497.910888671875,439.2071838378906,194.91000366210938,54.2706413269043
2022-03-02,24.147836685180664,118.27999877929688,293.2966613769531,152.05250549316406,206.29837036132812,38.00299835205078,502.7384033203125,447.6269836425781,197.80999755859375,54.673492431640625
2022-03-03,23.643348693847656,111.9800033569336,279.7633361816406,147.89849853515625,201.203125,36.80699920654297,507.5467529296875,448.7428894042969,188.85000610351562,54.708526611328125
2022-03-04,22.86766815185547,108.41000366210938,279.42999267578125,145.64100646972656,198.31846618652344,36.17300033569336,500.35797119140625,459.8648681640625,180.83999633789062,54.796104431152344
2022-03-07,21.28838539123535,102.94999694824219,268.1933288574219,137.4530029296875,185.83807373046875,35.0260009765625,503.2334289550781,449.0011291503906,169.1699981689453,53.49121856689453
2022-03-08,21.449901580810547,105.52999877929688,274.79998779296875,136.01449584960938,188.6334991455078,34.17599868774414,498.3203125,436.6341552734375,173.8000030517578,51.371891021728516
2022-03-09,22.9454345703125,111.05000305175781,286.3233337402344,139.2790069580078,196.77200317382812,35.87900161743164,502.4049377441406,447.80224609375,178.55999755859375,51.634613037109375
2022-03-10,22.590496063232422,106.45999908447266,279.4333190917969,146.8175048828125,193.5106964111328,35.676998138427734,507.232421875,453.2157287597656,178.38999938964844,50.68880844116211
2022-03-11,22.034160614013672,104.29000091552734,265.1166687011719,145.52450561523438,185.97683715820312,34.03200149536133,502.18603515625,446.63006591796875,176.22999572753906,50.72383499145508
2022-03-14,21.266450881958008,102.25,255.4566650390625,141.85299682617188,185.00535583496094,33.10100173950195,500.7864074707031,451.301025390625,175.52000427246094,51.659236907958984
2022-03-15,22.90455436706543,109.33000183105469,267.2966613769531,147.3665008544922,190.3583526611328,34.375,516.3731689453125,460.541259765625,179.88999938964844,52.6122932434082
2022-03-16,24.423019409179688,115.37000274658203,280.07666015625,153.10400390625,201.85739135742188,35.75299835205078,517.3919067382812,460.86505126953125,188.99000549316406,52.471099853515625
2022-03-17,24.692214965820312,111.69000244140625,290.5333251953125,157.23899841308594,206.03074645996094,37.13999938964844,526.34228515625,468.967529296875,190.19000244140625,53.02705001831055
2022-03-18,26.37418556213379,113.45999908447266,301.7966613769531,161.25050354003906,214.60545349121094,38.060001373291016,534.4927368164062,468.13507080078125,192.8300018310547,53.03588104248047
2022-03-21,26.65435028076172,115.91999816894531,307.0533447265625,161.4915008544922,209.6489715576172,37.45899963378906,528.9511108398438,469.55950927734375,185.89999389648438,53.4594612121582
2022-03-22,26.444978713989258,114.77999877929688,331.32666015625,164.88900756835938,214.76405334472656,38.29199981689453,532.655029296875,467.39520263671875,191.0399932861328,53.65359115600586
2022-03-23,25.557626724243164,113.91999816894531,333.03668212890625,163.4080047607422,211.60182189941406,37.44900131225586,527.513427734375,465.4620361328125,186.0399932861328,53.30061721801758
2022-03-24,28.066131591796875,120.52999877929688,337.97332763671875,163.64950561523438,217.6586456298828,37.57099914550781,531.4076538085938,474.9242248535156,189.0500030517578,53.812435150146484
2022-03-25,27.6094970703125,119.66999816894531,336.8800048828125,164.77349853515625,219.88902282714844,37.3849983215332,529.12255859375,474.5265197753906,188.9499969482422,54.29780197143555
2022-03-28,28.134925842285156,120.23999786376953,363.9466552734375,168.99049377441406,221.6436004638672,37.85100173950195,538.1680297851562,474.68377685546875,188.16000366210938,54.64194869995117
2022-03-29,28.570621490478516,123.2300033569336,366.5233459472656,169.31500244140625,227.85903930664062,39.18199920654297,542.7098388671875,472.39910888671875,193.8000030517578,54.85375213623047
2022-03-30,27.607505798339844,119.22000122070312,364.663330078125,166.30099487304688,225.86651611328125,38.14699935913086,548.8892822265625,481.73187255859375,194.91000366210938,54.89786911010742
2022-03-31,27.204708099365234,109.33999633789062,359.20001220703125,162.99749755859375,220.42433166503906,37.45899963378906,548.298828125,471.69622802734375,191.5,54.712554931640625
2022-04-01,26.632415771484375,108.19000244140625,361.5299987792969,163.55999755859375,222.89268493652344,37.34700012207031,548.0323486328125,474.11956787109375,190.75999450683594,55.48029708862305
2022-04-04,27.27848243713379,110.52999877929688,381.8166809082031,168.34649658203125,231.85394287109375,39.150001525878906,547.6134033203125,471.74237060546875,191.17999267578125,55.18907928466797
2022-04-05,25.853736877441406,106.81999969482422,363.7533264160156,164.05499267578125,229.82180786132812,38.01499938964844,547.7942504882812,478.90155029296875,182.64999389648438,55.12730407714844
2022-04-06,24.33428382873535,103.66999816894531,348.586669921875,158.75599670410156,221.35617065429688,36.834999084472656,556.811279296875,491.8416442871094,178.72000122070312,55.683258056640625
2022-04-07,24.13587760925293,103.72000122070312,352.4200134277344,157.7845001220703,221.00917053222656,36.21500015258789,578.9583740234375,496.6512145996094,177.97000122070312,55.98329162597656
2022-04-08,23.05011749267578,101.0,341.8299865722656,154.4604949951172,220.3945770263672,35.5880012512207,571.3316040039062,504.9850769042969,175.1999969482422,56.327457427978516
2022-04-11,21.851699829101562,97.37000274658203,325.30999755859375,151.1219940185547,214.57569885253906,34.79999923706055,556.6968994140625,497.1044921875,175.02999877929688,56.30979537963867
2022-04-12,21.43992805480957,95.0999984741211,328.98333740234375,150.78750610351562,212.27590942382812,34.40999984741211,553.5452270507812,493.6544189453125,176.27999877929688,56.97164535522461
2022-04-13,22.136850357055664,97.73999786376953,340.7900085449219,155.54100036621094,213.11849975585938,35.042999267578125,562.809814453125,496.6976623535156,182.8699951171875,57.121665954589844
2022-04-14,21.194665908813477,93.05999755859375,328.3333435058594,151.7064971923828,208.3503875732422,34.112998962402344,562.1434326171875,494.6811828613281,181.94000244140625,57.3775749206543
2022-04-18,21.71809959411621,93.88999938964844,334.7633361816406,152.78500366210938,208.9352264404297,33.7859992980957,554.26904296875,493.99676513671875,179.85000610351562,56.86575698852539
2022-04-19,22.131866455078125,96.93000030517578,342.7166748046875,158.11549377441406,215.4182891845703,34.861000061035156,565.8661499023438,497.3450622558594,185.97999572753906,57.42169952392578
2022-04-20,21.41799545288086,94.0199966430664,325.73333740234375,153.9980010986328,198.67532348632812,22.618999481201172,574.6546630859375,505.0312805175781,183.5500030517578,58.20709228515625
2022-04-21,20.122867584228516,89.8499984741211,336.260009765625,148.29600524902344,186.4328155517578,21.82200050354004,563.4285888671875,497.1044921875,181.02000427246094,58.427711486816406
2022-04-22,19.45685577392578,88.13999938964844,335.01666259765625,144.35000610351562,182.50730895996094,21.552000045776367,544.3474731445312,481.84283447265625,176.9199981689453,57.580543518066406
2022-04-25,19.842702865600586,90.69000244140625,332.67333984375,146.07400512695312,185.36224365234375,20.990999221801758,541.0244750976562,484.92291259765625,175.91000366210938,58.18946075439453
2022-04-26,18.732025146484375,85.16000366210938,292.1400146484375,139.39100646972656,179.3748016357422,19.84000015258789,527.265869140625,475.22021484375,167.0399932861328,57.40406036376953
2022-04-27,18.360137939453125,84.91000366210938,293.836669921875,138.16700744628906,173.42703247070312,18.854000091552734,527.570556640625,475.24798583984375,154.4600067138672,57.85410690307617
2022-04-28,19.723066329956055,89.63999938964844,292.5033264160156,144.59649658203125,203.93910217285156,19.95199966430664,535.9822387695312,485.0616149902344,154.22000122070312,58.41006088256836
2022-04-29,18.491744995117188,85.5199966430664,290.2533264160156,124.28150177001953,198.7248992919922,19.035999298095703,507.10400390625,470.3826904296875,148.83999633789062,57.01577377319336
2022-05-02,19.474803924560547,89.83999633789062,300.9800109863281,124.5,209.29209899902344,19.945999145507812,504.46221923828125,463.5380859375,148.61000061035156,55.98329162597656
2022-05-03,19.543596267700195,91.12999725341797,303.0833435058594,124.25350189208984,210.1842803955078,19.98699951171875,503.6325988769531,462.12286376953125,153.5800018310547,55.66560745239258
2022-05-04,20.273422241210938,99.41999816894531,317.5400085449219,125.92849731445312,221.46519470214844,20.400999069213867,519.2255249023438,469.52252197265625,156.97000122070312,57.386409759521484
2022-05-05,18.787857055664062,93.87000274658203,291.09332275390625,116.40699768066406,206.4668731689453,18.832000732421875,493.3706359863281,457.59075927734375,150.47000122070312,56.92752456665039
2022-05-06,18.619361877441406,95.33999633789062,288.54998779296875,114.77249908447266,201.99618530273438,18.097000122070312,480.0569152832031,462.12286376953125,148.89999389648438,57.1304931640625
2022-05-09,16.89950180053711,86.36000061035156,262.3699951171875,108.78900146484375,194.50198364257812,17.309999465942383,475.7366027832031,449.9136657714844,133.30999755859375,57.01577377319336
2022-05-10,17.542579650878906,88.7300033569336,266.67999267578125,108.85900115966797,195.92941284179688,17.766000747680664,478.2449035644531,451.38427734375,132.9499969482422,56.486289978027344
2022-05-11,16.5804500579834,87.91999816894531,244.6666717529297,105.37200164794922,187.09703063964844,16.636999130249023,466.4380187988281,449.6639099121094,129.38999938964844,56.751033782958984
2022-05-12,16.126808166503906,87.05999755859375,242.6666717529297,106.93049621582031,189.5752410888672,17.430999755859375,463.6722106933594,442.8655090332031,123.13999938964844,56.92752456665039
2022-05-13,17.65324592590332,95.12000274658203,256.5299987792969,113.05500030517578,196.8909912109375,18.763999938964844,474.24884033203125,448.9700622558594,127.19999694824219,57.99530029296875
2022-05-16,17.212566375732422,94.23999786376953,241.4566650390625,110.81050109863281,198.29861450195312,18.650999069213867,471.6357421875,452.5034484863281,124.05000305175781,58.20709228515625
2022-05-17,18.122846603393555,102.47000122070312,253.8699951171875,115.36849975585938,200.85618591308594,19.055999755859375,467.7637023925781,455.56500244140625,132.0500030517578,58.04824447631836
2022-05-18,16.887531280517578,96.27999877929688,236.60333251953125,107.11250305175781,190.5665283203125,17.7189998626709,409.5209045410156,436.00238037109375,125.5199966430664,54.0065803527832
2022-05-19,17.072982788085938,96.66999816894531,236.47332763671875,107.31900024414062,189.6248016357422,18.347999572753906,403.35040283203125,442.6343078613281,127.13999938964844,52.9476318359375
2022-05-20,16.644262313842773,93.5,221.3000030517578,107.59100341796875,191.85520935058594,18.635000228881836,397.1513366699219,449.2753601074219,120.69999694824219,53.812435150146484
2022-05-23,16.847654342651367,95.06999969482422,224.96665954589844,107.55699920654297,194.5218048095703,18.743999481201172,409.59722900390625,455.1488342285156,124.06999969482422,55.471466064453125
2022-05-24,16.105871200561523,91.16000366210938,209.3866729736328,104.0999984741211,179.701904296875,18.034000396728516,417.4461364746094,460.217529296875,119.4000015258789,56.495121002197266
2022-05-25,16.924423217773438,92.6500015258789,219.60000610351562,106.7750015258789,182.229736328125,18.783000946044922,419.7350158691406,460.70770263671875,122.05999755859375,56.539241790771484
2022-05-26,17.797815322875977,98.75,235.91000366210938,111.07749938964844,189.9618377685547,19.139999389648438,443.4632568359375,464.5370788574219,127.7300033569336,56.742218017578125
2022-05-27,18.75495719909668,102.26000213623047,253.2100067138672,115.14649963378906,193.43136596679688,19.518999099731445,448.9660949707031,469.05084228515625,132.22999572753906,57.07754135131836
2022-05-31,18.616371154785156,101.86000061035156,252.75332641601562,120.20950317382812,191.95433044433594,19.743999481201172,444.6363830566406,459.4961242675781,131.39999389648438,55.93035125732422
2022-06-01,18.265417098999023,101.22000122070312,246.7899932861328,121.68399810791016,186.99786376953125,19.291000366210938,435.8336486816406,455.5835876464844,130.64999389648438,55.65678787231445
2022-06-02,19.53363037109375,108.58999633789062,258.3333435058594,125.51100158691406,197.12889099121094,20.509000778198242,465.03607177734375,455.3153076171875,140.5,56.23921203613281
2022-06-03,18.664228439331055,106.30000305175781,234.51666259765625,122.3499984741211,189.11923217773438,19.898000717163086,454.2019958496094,449.1643981933594,139.25,55.56854248046875
2022-06-06,18.730031967163086,105.6500015258789,238.27999877929688,124.79000091552734,192.5590057373047,19.714000701904297,450.5970153808594,453.3914489746094,139.24000549316406,55.48029708862305
2022-06-07,18.869613647460938,105.27999877929688,238.8866729736328,123.0,193.94683837890625,19.861000061035156,449.93890380859375,459.7920227050781,140.82000732421875,55.81562805175781
2022-06-08,18.59636878967285,101.9000015258789,241.86666870117188,121.18000030517578,194.92822265625,20.283000946044922,446.32440185546875,456.489990234375,139.6300048828125,55.4979362487793
2022-06-09,17.998035430908203,98.80000305175781,239.7066650390625,116.1500015258789,182.39825439453125,19.277000427246094,450.1963806152344,452.69769287109375,133.72999572753906,54.53605651855469
2022-06-10,16.9270076751709,94.81999969482422,232.22999572753906,109.6500015258789,174.04164123535156,18.29400062561035,441.86102294921875,448.2579345703125,127.0,54.191898345947266
2022-06-13,15.603680610656738,86.98999786376953,215.73666381835938,103.66999816894531,162.83009338378906,16.9689998626709,431.3131103515625,434.448486328125,115.86000061035156,54.130126953125
2022-06-14,15.792156219482422,86.98999786376953,220.88999938964844,102.30999755859375,162.30470275878906,16.753999710083008,433.7450256347656,427.09515380859375,122.16000366210938,52.64577102661133
2022-06-15,16.481245040893555,89.30000305175781,233.0,107.66999816894531,167.8758087158203,18.01099967956543,437.5502624511719,429.48150634765625,133.72000122070312,53.03685760498047
2022-06-16,15.557808876037598,82.05000305175781,213.10000610351562,103.66000366210938,159.46958923339844,17.334999084472656,430.845703125,423.3643493652344,133.36000061035156,52.50355911254883
2022-06-17,15.836036682128906,81.56999969482422,216.75999450683594,106.22000122070312,162.3146209716797,17.551000595092773,426.0105285644531,419.62353515625,136.8000030517578,52.82353973388672
2022-06-21,16.5201358795166,83.79000091552734,237.0366668701172,108.68000030517578,155.682861328125,17.090999603271484,441.6702575683594,445.8558349609375,136.75,53.95235824584961
2022-06-22,16.31470489501953,83.75,236.086669921875,108.94999694824219,154.49330139160156,17.888999938964844,438.66607666015625,454.5441589355469,137.16000366210938,54.35233688354492
2022-06-23,16.180078506469727,82.43000030517578,235.07000732421875,112.44000244140625,157.3680419921875,18.17099952697754,453.0097961425781,463.94732666015625,133.97000122070312,55.001190185546875
2022-06-24,17.078582763671875,87.08000183105469,245.7066650390625,116.45999908447266,168.67872619628906,19.084999084472656,461.946044921875,460.0765075683594,141.52999877929688,56.0322380065918
2022-06-27,16.822298049926758,86.16000366210938,244.9199981689453,113.22000122070312,168.01458740234375,18.913999557495117,459.44732666015625,469.3775939941406,138.72000122070312,55.91668701171875
2022-06-28,15.937752723693848,80.77999877929688,232.663330078125,107.4000015258789,159.28126525878906,17.959999084472656,446.9156494140625,471.95806884765625,138.6999969482422,55.35671615600586
2022-06-29,15.498970031738281,77.98999786376953,228.49000549316406,108.91999816894531,162.51290893554688,17.836000442504883,448.0887451171875,478.7064514160156,138.4499969482422,55.756690979003906
2022-06-30,15.117030143737793,76.47000122070312,224.47332763671875,106.20999908447266,159.8463134765625,17.48699951171875,457.0917053222656,476.7757263183594,136.72000122070312,55.91668701171875
2022-07-01,14.482789993286133,73.66999816894531,227.26333618164062,109.55999755859375,158.63693237304688,17.9950008392334,463.271728515625,480.27520751953125,139.83999633789062,57.223270416259766
2022-07-05,14.922569274902344,75.19999694824219,233.06666564941406,113.5,166.7258758544922,18.58799934387207,465.656005859375,468.9876708984375,137.6999969482422,56.24555969238281
2022-07-06,15.088112831115723,75.3499984741211,231.73333740234375,114.33000183105469,168.29212951660156,18.4060001373291,469.8427429199219,478.3165588378906,136.30999755859375,56.36109924316406
2022-07-07,15.814095497131348,79.30000305175781,244.5433349609375,116.33000183105469,170.69107055664062,18.927000045776367,472.0362854003906,477.47186279296875,139.97000122070312,55.91668701171875
2022-07-08,15.794153213500977,79.3499984741211,250.76333618164062,115.54000091552734,169.39247131347656,18.697999954223633,478.3211669921875,481.4168701171875,139.07000732421875,56.121116638183594
2022-07-11,15.110051155090332,76.94999694824219,234.3433380126953,111.75,161.46209716796875,17.733999252319336,475.80340576171875,479.85748291015625,136.99000549316406,55.94335174560547
2022-07-12,15.040244102478027,76.36000061035156,233.07000732421875,109.22000122070312,161.84873962402344,17.44499969482422,467.8590393066406,477.5090026855469,147.14999389648438,55.70336151123047
2022-07-13,15.122018814086914,77.5199966430664,237.0399932861328,110.4000015258789,162.06680297851562,17.6560001373291,469.4326477050781,465.2746887207031,143.9499969482422,55.44561004638672
2022-07-14,15.329440116882324,78.5999984741211,238.31333923339844,110.62999725341797,156.6741485595703,17.47800064086914,488.2397155761719,466.37933349609375,147.14999389648438,55.2678337097168
2022-07-15,15.718361854553223,81.11000061035156,240.06666564941406,113.55000305175781,163.26626586914062,18.910999298095703,498.7400207519531,491.7390441894531,147.74000549316406,55.55226516723633
2022-07-18,16.056421279907227,81.43000030517578,240.54666137695312,113.76000213623047,165.7742462158203,19.091999053955078,492.3978576660156,482.1038818359375,147.72000122070312,54.7967529296875
2022-07-19,16.944955825805664,85.87999725341797,245.52999877929688,118.20999908447266,174.2498016357422,20.163000106811523,496.14581298828125,495.173583984375,156.1300048828125,55.57892608642578
2022-07-20,17.757699966430664,89.43000030517578,247.5,122.7699966430664,181.4961700439453,21.643999099731445,499.9321594238281,482.196533203125,158.3800048828125,54.66341781616211
2022-07-21,18.00002670288086,91.08999633789062,271.7066650390625,124.62999725341797,181.57550048828125,22.38800048828125,504.9485778808594,484.9721374511719,161.41000366210938,54.53898620605469
2022-07-22,17.27104949951172,88.0999984741211,272.24334716796875,122.41999816894531,167.79647827148438,22.04400062561035,505.1965637207031,483.9974365234375,158.16000366210938,54.74342727661133
2022-07-25,16.97686767578125,87.54000091552734,268.4333190917969,121.13999938964844,165.19927978515625,21.85099983215332,504.6434326171875,491.4791564941406,156.63999938964844,55.27672576904297
2022-07-26,16.487226486206055,85.25,258.8599853515625,114.80999755859375,157.7645721435547,21.391000747680664,488.23016357421875,493.447021484375,155.9199981689453,56.18334197998047
2022-07-27,17.740747451782227,89.81999969482422,274.82000732421875,120.97000122070312,168.10379028320312,22.674999237060547,498.129638671875,496.2502746582031,156.08999633789062,56.00556564331055
2022-07-28,17.934213638305664,91.66999816894531,280.8999938964844,122.27999877929688,159.32093811035156,22.601999282836914,512.2400512695312,502.6365966796875,159.08999633789062,56.938846588134766
2022-07-29,18.112712860107422,94.47000122070312,297.1499938964844,134.9499969482422,157.71502685546875,22.489999771118164,517.1316528320312,503.4257507324219,159.30999755859375,57.03662109375
2022-08-01,18.38994789123535,96.77999877929688,297.27667236328125,135.38999938964844,158.5377960205078,22.621000289916992,522.3956298828125,496.965087890625,169.07000732421875,57.347713470458984
2022-08-02,18.474708557128906,99.29000091552734,300.586669921875,134.16000366210938,158.79554748535156,22.142000198364258,519.1950073242188,497.0394287109375,163.27999877929688,56.5655403137207
2022-08-03,18.8406925201416,98.08999633789062,307.39666748046875,139.52000427246094,167.33056640625,22.67300033569336,522.5865478515625,501.85693359375,166.63999938964844,56.81440734863281
2022-08-04,19.161802291870117,103.91000366210938,308.6333312988281,142.57000732421875,169.08517456054688,22.990999221801758,519.0232543945312,495.4521179199219,166.5,56.592193603515625
2022-08-05,18.93642807006836,102.30999755859375,288.1700134277344,140.8000030517578,165.6552734375,22.67799949645996,516.5296630859375,496.66796875,165.0399932861328,56.334449768066406
2022-08-08,17.74373435974121,100.06999969482422,290.42333984375,139.41000366210938,168.76795959472656,23.349000930786133,517.704833984375,498.09747314453125,165.88999938964844,55.97001647949219
2022-08-09,17.038694381713867,95.54000091552734,283.3333435058594,137.8300018310547,167.06292724609375,22.993999481201172,511.89630126953125,498.71026611328125,164.85000610351562,56.0411262512207
2022-08-10,18.04689598083496,99.05000305175781,294.3566589355469,142.69000244140625,176.78753662109375,24.410999298095703,515.7175903320312,499.1371765136719,169.02000427246094,56.574424743652344
2022-08-11,17.8923282623291,98.12000274658203,286.6300048828125,140.63999938964844,175.94493103027344,24.270000457763672,508.4379577636719,494.6259765625,167.8800048828125,56.19221878051758
2022-08-12,18.657201766967773,100.83000183105469,300.0299987792969,143.5500030517578,178.92869567871094,24.93000030517578,513.2241821289062,504.68804931640625,169.99000549316406,56.618865966796875
2022-08-15,18.97930908203125,101.01000213623047,309.32000732421875,143.17999267578125,179.31533813476562,24.910999298095703,521.3829345703125,505.5606689453125,170.47000122070312,57.32992935180664
2022-08-16,18.826732635498047,100.19999694824219,306.5633239746094,144.77999877929688,177.90768432617188,24.569000244140625,528.3281860351562,506.9344482421875,172.0800018310547,57.8010139465332
2022-08-17,18.28423500061035,98.2699966430664,303.9966735839844,142.10000610351562,173.3279266357422,24.114999771118164,531.4810180664062,505.8948059082031,167.1999969482422,57.66769027709961
2022-08-18,18.721027374267578,100.44000244140625,302.8699951171875,142.3000030517578,173.1395721435547,24.517000198364258,535.9137573242188,506.0990295410156,168.69000244140625,57.96990203857422
2022-08-19,17.79958724975586,95.94999694824219,296.6666564941406,138.22999572753906,166.49790954589844,24.115999221801758,529.7708129882812,508.9765930175781,162.9199981689453,57.92545700073242
2022-08-22,16.986841201782227,92.83999633789062,289.913330078125,133.22000122070312,161.630615234375,22.65399932861328,521.1152954101562,505.49566650390625,158.97999572753906,57.06328582763672
2022-08-23,17.133432388305664,92.48999786376953,296.4533386230469,133.6199951171875,159.70750427246094,22.454999923706055,517.8671875,497.3548278808594,160.07000732421875,57.1254997253418
2022-08-24,17.1743221282959,92.7300033569336,297.0966796875,133.8000030517578,161.83877563476562,22.961000442504883,518.9658813476562,497.9676513671875,163.60000610351562,57.20549774169922
2022-08-25,17.863407135009766,97.18000030517578,296.07000732421875,137.27999877929688,167.31072998046875,23.398000717163086,526.1788940429688,502.7109680175781,169.3800048828125,57.481040954589844
2022-08-26,16.214982986450195,91.18000030517578,288.0899963378906,130.75,160.37168884277344,22.327999114990234,508.0747375488281,491.27496337890625,164.52999877929688,56.094459533691406
2022-08-29,15.75725269317627,88.48999786376953,284.82000732421875,129.7899932861328,157.78439331054688,22.457000732421875,507.34881591796875,491.75762939453125,165.4199981689453,55.756690979003906
2022-08-30,15.425176620483398,86.94000244140625,277.70001220703125,128.72999572753906,155.79188537597656,22.065000534057617,500.7378234863281,485.3248291015625,162.2100067138672,55.24116897583008
2022-08-31,15.052212715148926,84.87000274658203,275.6099853515625,126.7699966430664,161.5116729736328,22.356000900268555,498.788818359375,482.0667724609375,160.25,54.85007858276367
2022-09-01,13.898415565490723,82.33000183105469,277.1600036621094,127.81999969482422,163.9205322265625,23.003999710083008,505.5431823730469,486.40167236328125,153.66000366210938,55.10784912109375
2022-09-02,13.609217643737793,80.23999786376953,270.2099914550781,127.51000213623047,158.92442321777344,22.611000061035156,495.93231201171875,479.30047607421875,151.82000732421875,54.35233688354492
2022-09-06,13.427720069885254,78.72000122070312,274.4200134277344,126.11000061035156,157.15988159179688,21.839000701904297,495.731689453125,480.5351257324219,152.38999938964844,54.378997802734375
2022-09-07,13.680095672607422,79.61000061035156,283.70001220703125,129.47999572753906,158.9937744140625,22.895999908447266,505.99224853515625,484.24798583984375,155.9499969482422,55.383392333984375
2022-09-08,13.955412864685059,82.77999877929688,289.260009765625,129.82000732421875,160.6492462158203,22.743999481201172,505.4954528808594,489.6598205566406,157.7899932861328,55.21450424194336
2022-09-09,14.351433753967285,85.44999694824219,299.67999267578125,133.27000427246094,167.67752075195312,23.35700035095215,512.6222534179688,488.2444152832031,157.52000427246094,55.39227294921875
2022-09-12,14.46914005279541,84.63999938964844,304.4200134277344,136.4499969482422,167.48919677734375,23.652999877929688,515.4310302734375,494.6787109375,158.72000122070312,55.55226516723633
2022-09-13,13.09853744506836,77.02999877929688,292.1300048828125,126.81999969482422,151.79696655273438,21.812999725341797,487.5156555175781,478.5789794921875,147.30999755859375,53.747928619384766
2022-09-14,13.095544815063477,77.44999694824219,302.6099853515625,128.5500030517578,150.15142822265625,22.41200065612793,485.318359375,474.67742919921875,149.25999450683594,54.0323600769043
2022-09-15,12.897035598754883,76.66000366210938,303.75,126.27999877929688,148.2481689453125,23.538000106811523,481.0193176269531,486.9128112792969,149.77999877929688,53.29819869995117
2022-09-16,13.16537094116211,76.51000213623047,303.3500061035156,123.52999877929688,145.01651000976562,24.01300048828125,481.63079833984375,485.1529846191406,144.2899932861328,53.307151794433594
2022-09-19,13.348915100097656,76.7699966430664,309.07000732421875,124.66000366210938,146.73146057128906,24.363000869750977,483.9523010253906,487.50885009765625,144.8800048828125,53.71004104614258
2022-09-20,13.143424987792969,75.25,308.7300109863281,122.19000244140625,144.81826782226562,24.28499984741211,477.2169494628906,486.8103942871094,145.94000244140625,53.62946319580078
2022-09-21,13.228214263916016,74.4800033569336,300.79998779296875,118.54000091552734,140.88282775878906,23.687000274658203,471.0550231933594,476.8283386230469,143.2899932861328,53.181800842285156
2022-09-22,12.529946327209473,69.5,288.5899963378906,117.30999755859375,141.5767364501953,23.704999923706055,465.41839599609375,481.83807373046875,138.7100067138672,53.056461334228516
2022-09-23,12.485054969787598,67.95999908447266,275.3299865722656,113.77999877929688,139.1876983642578,22.641000747680664,445.57574462890625,478.2530517578125,131.25999450683594,52.465553283691406
2022-09-26,12.197769165039062,66.30000305175781,276.010009765625,115.1500015258789,135.18289184570312,22.406999588012695,458.8551025390625,473.364501953125,127.33999633789062,51.81196975708008
2022-09-27,12.382311820983887,67.16999816894531,282.94000244140625,114.41000366210938,133.2300262451172,22.43600082397461,456.94451904296875,473.3738098144531,127.51000213623047,50.47794723510742
2022-09-28,12.704512596130371,68.36000061035156,287.80999755859375,118.01000213623047,140.3772735595703,24.520000457763672,466.4884033203125,478.56036376953125,133.44000244140625,51.01514434814453
2022-09-29,12.189791679382324,64.13999938964844,268.2099914550781,114.80000305175781,135.22254943847656,23.97100067138672,457.59405517578125,473.8021545410156,125.33000183105469,50.64805603027344
2022-09-30,12.108989715576172,63.36000061035156,265.25,113.0,134.49887084960938,23.54400062561035,451.1836853027344,470.2730407714844,121.08000183105469,50.15563201904297
2022-10-03,12.48106575012207,66.11000061035156,242.39999389648438,115.87999725341797,137.40338134765625,23.90399932861328,456.3998718261719,480.0222473144531,126.05000305175781,50.71968460083008
2022-10-04,13.134449005126953,67.9000015258789,249.44000244140625,121.08999633789062,139.05885314941406,24.073999404907227,464.4248352050781,487.1549377441406,133.50999450683594,50.83607864379883
2022-10-05,13.176342964172363,67.94000244140625,240.80999755859375,120.94999694824219,137.77015686035156,23.67300033569336,458.8742370605469,490.78662109375,132.11000061035156,50.35260009765625
2022-10-06,13.097539901733398,67.8499984741211,238.1300048828125,120.30000305175781,137.85939025878906,24.00200080871582,460.94732666015625,483.39306640625,132.1999969482422,49.2692756652832
2022-10-07,12.046143531799316,58.439998626708984,223.07000732421875,114.55999755859375,132.28829956054688,22.475000381469727,447.2476806640625,470.0960998535156,129.7899932861328,48.80370330810547
2022-10-10,11.64115047454834,57.810001373291016,222.9600067138672,113.66999816894531,132.6253204345703,22.99799919128418,445.4897766113281,464.51849365234375,131.89999389648438,48.69626235961914
2022-10-11,11.557356834411621,57.630001068115234,216.5,112.20999908447266,127.42102813720703,21.429000854492188,450.9448547363281,465.4030456542969,131.57000732421875,48.7768440246582
2022-10-12,11.47156810760498,57.849998474121094,217.24000549316406,112.9000015258789,126.39010620117188,22.086999893188477,445.556640625,465.5427551269531,130.4199981689453,49.36775588989258
2022-10-13,11.93043327331543,58.939998626708984,221.72000122070312,112.52999877929688,129.1558074951172,23.250999450683594,447.0948181152344,474.8077087402344,132.39999389648438,50.021331787109375
2022-10-14,11.19924259185791,55.939998626708984,204.99000549316406,106.9000015258789,125.65653991699219,23.0,434.3503112792969,477.80615234375,133.14999389648438,49.22450256347656
2022-10-17,11.85860824584961,57.959999084472656,219.35000610351562,113.79000091552734,132.87315368652344,24.510000228881836,443.4453125,485.953857421875,136.08999633789062,49.86017608642578
2022-10-18,11.93741512298584,57.91999816894531,220.19000244140625,116.36000061035156,131.6439666748047,24.086000442504883,452.1390075683594,486.26104736328125,137.33999633789062,50.53166580200195
2022-10-19,12.021208763122559,57.22999954223633,222.0399932861328,115.06999969482422,132.07020568847656,27.238000869750977,450.3811340332031,484.5011291503906,138.38999938964844,50.10191345214844
2022-10-20,12.163851737976074,57.77000045776367,207.27999877929688,115.25,130.38502502441406,26.81599998474121,443.8752136230469,485.0225830078125,139.1300048828125,49.31404113769531
2022-10-21,12.435182571411133,58.81999969482422,214.44000244140625,119.31999969482422,128.87823486328125,28.957000732421875,456.82977294921875,496.9880065917969,141.32000732421875,50.10191345214844
2022-10-24,12.567852020263672,58.70000076293945,211.25,119.81999969482422,128.59075927734375,28.2450008392334,474.7808532714844,504.3162841796875,142.0500030517578,51.543365478515625
2022-10-25,13.228214263916016,61.470001220703125,222.4199981689453,120.5999984741211,136.3129425048828,29.101999282836914,476.7775573730469,503.03118896484375,146.64999389648438,52.77891159057617
2022-10-26,12.864116668701172,59.72999954223633,224.63999938964844,115.66000366210938,128.68991088867188,29.86199951171875,477.1501159667969,505.7782287597656,133.7899932861328,53.17284393310547
2022-10-27,13.143424987792969,58.599998474121094,225.08999633789062,110.95999908447266,97.0874252319336,29.694000244140625,475.2263488769531,504.5024108886719,139.75999450683594,53.29819869995117
2022-10-28,13.799798011779785,62.0099983215332,228.52000427246094,103.41000366210938,98.33644104003906,29.57200050354004,488.9413146972656,513.2926025390625,143.83999633789062,54.3994255065918
2022-10-31,13.463630676269531,60.060001373291016,227.5399932861328,102.44000244140625,92.34903717041016,29.187999725341797,479.97344970703125,516.9334106445312,142.50999450683594,53.58469009399414
2022-11-01,13.50951862335205,59.65999984741211,227.82000732421875,96.79000091552734,94.37126159667969,28.674999237060547,478.49957275390625,509.63311767578125,143.3800048828125,53.39667510986328
2022-11-02,13.186319351196289,58.630001068115234,214.97999572753906,92.12000274658203,89.75183868408203,27.299999237060547,462.7557067871094,506.0202941894531,147.41000366210938,52.653568267822266
2022-11-03,13.387819290161133,60.11000061035156,215.30999755859375,89.30000305175781,88.13602447509766,26.9060001373291,465.4163513183594,506.1878356933594,156.75,52.62670135498047
2022-11-04,14.121002197265625,62.189998626708984,207.47000122070312,90.9800033569336,89.99967193603516,26.07900047302246,465.5312194824219,501.12237548828125,160.00999450683594,53.056461334228516
2022-11-07,14.265644073486328,63.08000183105469,197.0800018310547,90.52999877929688,95.87804412841797,25.860000610351562,467.579345703125,507.50079345703125,164.91000366210938,53.26238250732422
2022-11-08,14.565897941589355,63.849998474121094,191.3000030517578,89.9800033569336,95.63021087646484,26.34600067138672,471.6086120605469,514.97802734375,169.6199951171875,53.36086654663086
2022-11-09,13.741939544677734,59.91999816894531,177.58999633789062,86.13999938964844,100.58670043945312,25.465999603271484,468.9383850097656,503.44097900390625,168.74000549316406,52.617759704589844
2022-11-10,15.711060523986816,68.47000122070312,190.72000122070312,96.62999725341797,110.89615631103516,27.496999740600586,491.104248046875,506.70928955078125,177.5800018310547,54.50687789916992
2022-11-11,16.28663444519043,72.37000274658203,195.97000122070312,100.79000091552734,112.03614044189453,29.01300048828125,493.3437805175781,486.1399841308594,177.49000549316406,54.90081024169922
2022-11-14,16.254711151123047,73.52999877929688,190.9499969482422,98.48999786376953,113.22570037841797,29.927000045776367,487.8023681640625,478.3834533691406,173.5500030517578,54.37257385253906
2022-11-15,16.624794006347656,76.37000274658203,194.4199981689453,98.94000244140625,116.060791015625,31.020000457763672,503.87164306640625,468.3827819824219,175.35000610351562,54.28303909301758
2022-11-16,15.87066650390625,72.69999694824219,186.9199981689453,97.12000274658203,112.24430847167969,30.601999282836914,501.6129150390625,476.3069152832031,172.69000244140625,54.18456268310547
2022-11-17,15.638240814208984,73.9000015258789,183.1699981689453,94.8499984741211,110.47981262207031,29.527999877929688,498.9429016113281,479.8360290527344,172.77999877929688,54.354671478271484
2022-11-18,15.370904922485352,73.56999969482422,180.19000244140625,94.13999938964844,111.0745849609375,28.79800033569336,501.1919250488281,493.5147705078125,173.88999938964844,54.73965835571289
2022-11-21,15.279133796691895,72.45999908447266,167.8699951171875,92.45999908447266,108.90365600585938,28.5049991607666,500.9046936035156,481.5866394042969,172.94000244140625,55.58125686645508
2022-11-22,15.998353004455566,75.25,169.91000366210938,93.19999694824219,110.46990203857422,28.66900062561035,509.1164855957031,487.0804443359375,172.5,55.8229866027832
2022-11-23,16.478160858154297,76.4000015258789,183.1999969482422,94.12999725341797,111.26293182373047,29.149999618530273,511.54742431640625,493.2447814941406,174.85000610351562,56.07366943359375
2022-11-25,16.229772567749023,75.13999938964844,182.86000061035156,93.41000366210938,110.4401626586914,28.554000854492188,510.7529602050781,500.6101379394531,178.36000061035156,56.12739562988281
2022-11-28,15.787873268127441,73.19000244140625,182.9199981689453,93.94999694824219,107.83306884765625,28.117000579833984,508.1306457519531,495.62860107421875,171.8300018310547,56.13634490966797
2022-11-29,15.600337982177734,73.38999938964844,180.8300018310547,92.41999816894531,108.50712585449219,28.09600067138672,506.2549133300781,491.6524658203125,175.32000732421875,55.93938446044922
2022-11-30,16.885482788085938,77.62999725341797,194.6999969482422,96.54000091552734,117.0719223022461,30.55299949645996,516.1030883789062,510.0521240234375,178.8800048828125,57.3549919128418
2022-12-01,17.097013473510742,77.4800033569336,194.6999969482422,95.5,119.39154815673828,31.69499969482422,482.2321472167969,499.94915771484375,175.77999877929688,57.517295837402344
2022-12-02,16.838586807250977,74.9800033569336,194.86000061035156,94.12999725341797,122.41499328613281,32.04100036621094,473.30267333984375,500.78973388671875,182.8699951171875,58.02222442626953
2022-12-05,16.573177337646484,73.62000274658203,182.4499969482422,91.01000213623047,121.36422729492188,31.259000778198242,467.6846618652344,499.74365234375,185.10000610351562,57.22876739501953
2022-12-06,15.951556205749512,70.2699966430664,179.82000732421875,88.25,113.12657165527344,30.555999755859375,460.506591796875,503.7412414550781,178.42999267578125,57.20170593261719
2022-12-07,16.084264755249023,70.13999938964844,174.0399932861328,88.45999908447266,112.938232421875,30.841999053955078,461.28179931640625,507.0944519042969,176.5,57.291873931884766
2022-12-08,17.130939483642578,70.47000122070312,173.44000244140625,90.3499984741211,114.32604217529297,31.025999069213867,460.7554016113281,511.7738342285156,179.0800018310547,57.53532791137695
2022-12-09,16.963308334350586,68.58999633789062,179.0500030517578,89.08999633789062,114.89107513427734,32.000999450683594,462.2867126464844,503.62921142578125,179.5399932861328,56.931209564208984
2022-12-12,17.496126174926758,70.66999816894531,167.82000732421875,90.55000305175781,113.71144104003906,31.51799964904785,466.74676513671875,509.8498840332031,186.27000427246094,57.67959213256836
2022-12-13,18.03193473815918,71.6500015258789,160.9499969482422,92.48999786376953,119.10408020019531,32.034000396728516,467.244384765625,502.7137756347656,187.1300048828125,57.697628021240234
2022-12-14,17.634817123413086,68.93000030517578,156.8000030517578,91.58000183105469,120.53153991699219,31.783000946044922,462.7652587890625,502.8446350097656,188.25,57.697628021240234
2022-12-15,16.914413452148438,66.52999877929688,157.6699981689453,88.44999694824219,115.1388931274414,29.041000366210938,443.99700927734375,492.8692321777344,183.72000122070312,56.90415954589844
2022-12-16,16.53426170349121,65.41000366210938,150.22999572753906,87.86000061035156,118.39035034179688,29.070999145507812,441.6426086425781,489.1517333984375,184.6999969482422,56.57955551147461
2022-12-19,16.217960357666016,64.58999633789062,149.8699951171875,84.91999816894531,113.48343658447266,28.829999923706055,438.94366455078125,489.0582275390625,185.67999267578125,56.660709381103516
2022-12-20,16.049335479736328,65.05000305175781,137.8000030517578,85.19000244140625,116.07070922851562,28.819000244140625,438.1684265136719,485.8919677734375,188.2899932861328,56.615631103515625
2022-12-21,16.464414596557617,67.68000030517578,137.57000732421875,86.7699966430664,118.71746826171875,29.79599952697754,442.2263488769531,492.7383728027344,196.0,57.52629852294922
2022-12-22,15.30499267578125,63.86000061035156,125.3499984741211,83.79000091552734,116.10045623779297,29.774999618530273,439.02020263671875,492.31805419921875,188.25,57.111541748046875
2022-12-23,15.172287940979004,64.5199966430664,123.1500015258789,85.25,117.01244354248047,29.496000289916992,442.79107666015625,496.25970458984375,189.05999755859375,57.544342041015625
2022-12-27,14.089692115783691,63.27000045776367,109.0999984741211,83.04000091552734,115.86254119873047,28.41699981689453,438.8192443847656,496.8948974609375,189.39999389648438,57.895992279052734
2022-12-28,14.004881858825684,62.56999969482422,112.70999908447266,81.81999969482422,114.61351776123047,27.687999725341797,433.5457458496094,493.58837890625,188.3800048828125,57.31892776489258
2022-12-29,14.570623397827148,64.81999969482422,121.81999969482422,84.18000030517578,119.21311950683594,29.11199951171875,436.9337463378906,494.9240417480469,188.91000366210938,57.66156005859375
2022-12-30,14.581598281860352,64.7699966430664,123.18000030517578,84.0,119.29241943359375,29.488000869750977,436.9051208496094,495.2042236328125,190.49000549316406,57.3549919128418
2023-01-03,14.2832612991333,64.0199966430664,108.0999984741211,85.81999969482422,123.65412902832031,29.4950008392334,433.82330322265625,484.425537109375,195.38999938964844,56.759891510009766
2023-01-04,14.716301918029785,64.66000366210938,113.63999938964844,85.13999938964844,126.26123809814453,30.94099998474121,436.9625549316406,471.21826171875,203.63999938964844,56.73284149169922
2023-01-05,14.23337173461914,62.33000183105469,110.33999633789062,83.12000274658203,125.83497619628906,30.969999313354492,430.86590576171875,457.6375732421875,204.99000549316406,56.08364486694336
2023-01-06,14.826057434082031,63.959999084472656,113.05999755859375,86.08000183105469,128.88815307617188,31.55500030517578,462.14312744140625,457.6748352050781,213.0,57.1656379699707
2023-01-09,15.593351364135742,67.23999786376953,119.7699966430664,87.36000061035156,128.34292602539062,31.517000198364258,458.20001220703125,457.7309265136719,208.57000732421875,56.45332717895508
2023-01-10,15.873729705810547,68.05000305175781,118.8499984741211,89.87000274658203,131.83233642578125,32.75400161743164,460.7362365722656,453.9387512207031,206.69000244140625,56.020530700683594
2023-01-11,15.96552562713623,69.05999755859375,123.22000122070312,95.08999633789062,131.73318481445312,32.72600173950195,463.5213928222656,460.8505554199219,208.02999877929688,55.91231918334961
2023-01-12,16.474393844604492,70.80000305175781,123.55999755859375,95.2699966430664,135.5199432373047,33.01300048828125,461.7220458984375,462.9708557128906,214.32000732421875,55.19099426269531
2023-01-13,16.86153793334961,71.0,122.4000015258789,98.12000274658203,135.78758239746094,33.28200149536133,464.4210205078125,457.27325439453125,214.1300048828125,55.38935852050781
2023-01-17,17.662757873535156,71.58999633789062,131.49000549316406,96.05000305175781,134.18167114257812,32.62200164794922,465.875732421875,453.07940673828125,211.41000366210938,55.61478042602539
2023-01-18,17.33847427368164,70.52999877929688,128.77999877929688,95.45999908447266,131.86207580566406,32.632999420166016,458.88909912109375,444.8226623535156,209.41000366210938,53.92866516113281
2023-01-19,16.727832794189453,67.70999908447266,127.16999816894531,93.68000030517578,134.96478271484375,31.577999114990234,449.3374938964844,452.40692138671875,207.08999633789062,53.847511291503906
2023-01-20,17.79945182800293,70.06999969482422,133.4199981689453,97.25,138.15673828125,34.25,459.5016174316406,454.6112976074219,206.75999450683594,54.1721076965332
2023-01-23,19.15045166015625,76.52999877929688,143.75,97.5199966430664,142.0228271484375,35.742000579833984,471.4650573730469,453.76129150390625,209.97000122070312,54.3073616027832
2023-01-24,19.222291946411133,74.69999694824219,143.88999938964844,96.31999969482422,141.89395141601562,36.382999420166016,470.9865417480469,459.1693420410156,211.97999572753906,54.59589385986328
2023-01-25,19.280160903930664,74.91000366210938,144.42999267578125,97.18000030517578,140.2682342529297,36.79600143432617,469.8093566894531,460.00994873046875,212.67999267578125,54.93852615356445
2023-01-26,19.758098602294922,75.16000366210938,160.27000427246094,99.22000122070312,146.01776123046875,36.48699951171875,476.91082763671875,459.9913024902344,212.72999572753906,54.83032989501953
2023-01-27,20.319847106933594,75.4000015258789,177.89999389648438,102.23999786376953,150.41908264160156,36.07699966430664,481.68658447265625,453.9854431152344,211.1699981689453,54.54179000854492
2023-01-30,19.119516372680664,72.44999694824219,166.66000366210938,100.55000305175781,145.77981567382812,35.31100082397461,481.67718505859375,453.74261474609375,209.6699981689453,54.67704772949219
2023-01-31,19.493688583374023,75.1500015258789,173.22000122070312,103.12999725341797,147.67318725585938,35.38600158691406,489.1997375488281,466.25860595703125,213.0,55.29017639160156
2023-02-01,20.89657211303711,84.63999938964844,181.41000366210938,105.1500015258789,151.7870635986328,36.19900131225586,495.6791076660156,464.2131042480469,214.75,55.2991943359375
2023-02-02,21.66086769104004,88.30999755859375,188.27000427246094,112.91000366210938,187.12672424316406,36.68899917602539,501.8341979980469,439.76953125,209.33999633789062,54.352439880371094
2023-02-03,21.053220748901367,86.08999633789062,189.97999572753906,103.38999938964844,184.90621948242188,36.59000015258789,493.560302734375,440.8810119628906,206.00999450683594,53.94669723510742
2023-02-06,21.04224395751953,83.68000030517578,194.75999450683594,102.18000030517578,184.44033813476562,36.14799880981445,494.31768798828125,443.8885803222656,206.80999755859375,54.253265380859375
2023-02-07,22.123842239379883,85.91000366210938,196.80999755859375,102.11000061035156,189.951904296875,36.29499816894531,495.2189025878906,445.42041015625,214.75999450683594,54.1630973815918
2023-02-08,22.1557674407959,84.69000244140625,201.2899932861328,100.05000305175781,181.8332061767578,36.68299865722656,483.023681640625,451.3421325683594,213.5,53.847511291503906
2023-02-09,22.287477493286133,83.20999908447266,207.32000732421875,98.23999786376953,176.37118530273438,36.25,479.97491455078125,453.68658447265625,211.99000549316406,53.757347106933594
2023-02-10,21.21785545349121,81.4800033569336,196.88999938964844,97.61000061035156,172.63401794433594,34.736000061035156,479.36126708984375,461.6445007324219,212.88999938964844,53.757347106933594
2023-02-13,21.739694595336914,83.12999725341797,194.63999938964844,99.54000091552734,177.8680419921875,35.856998443603516,485.5548400878906,462.67193603515625,215.64999389648438,54.6409797668457
2023-02-14,22.92007064819336,85.94999694824219,209.25,99.69999694824219,177.91763305664062,35.99599838256836,482.4579772949219,460.3181457519531,218.4499969482422,53.73029327392578
2023-02-15,22.713529586791992,85.18000030517578,214.24000549316406,101.16000366210938,175.61781311035156,36.141998291015625,490.185546875,458.84246826171875,217.44000244140625,53.73029327392578
2023-02-16,21.953222274780273,80.08000183105469,202.0399932861328,98.1500015258789,170.93885803222656,35.07099914550781,483.3017578125,455.1996765136719,212.2100067138672,53.39667892456055
2023-02-17,21.34058380126953,78.5,208.30999755859375,97.19999694824219,171.37506103515625,34.79600143432617,486.5422668457031,466.1558837890625,211.66000366210938,54.20817565917969
2023-02-21,20.609209060668945,76.7699966430664,197.3699951171875,94.58000183105469,170.58200073242188,33.75,481.0390319824219,458.89849853515625,205.52000427246094,53.91964340209961
2023-02-22,20.707984924316406,76.61000061035156,200.86000061035156,95.79000091552734,169.63038635253906,33.487998962402344,476.8686218261719,456.6380920410156,205.75999450683594,54.08194351196289
2023-02-23,23.611534118652344,79.75,202.07000732421875,95.81999969482422,170.54232788085938,32.3650016784668,472.7939453125,459.25341796875,208.1300048828125,54.181121826171875
2023-02-24,23.234373092651367,78.08999633789062,196.8800048828125,93.5,168.90673828125,31.71500015258789,468.45086669921875,452.3789367675781,198.14999389648438,53.955711364746094
2023-02-27,23.448896408081055,78.7699966430664,207.6300048828125,93.76000213623047,168.06411743164062,32.303001403808594,466.9360046386719,451.435546875,200.4600067138672,53.937679290771484
2023-02-28,23.164531707763672,78.58000183105469,205.7100067138672,94.2300033569336,173.41712951660156,32.2130012512207,464.20355224609375,444.5424499511719,201.5500030517578,53.65815353393555
2023-03-01,22.647680282592773,78.29000091552734,202.77000427246094,92.16999816894531,171.9103546142578,31.347999572753906,458.9209899902344,443.869873046875,204.5500030517578,53.07208251953125
2023-03-02,23.262313842773438,80.44000244140625,190.89999389648438,92.12999725341797,173.0106964111328,31.187999725341797,465.65130615234375,446.1863098144531,210.05999755859375,53.847511291503906
2023-03-03,23.8370361328125,81.5199966430664,197.7899932861328,94.9000015258789,183.63739013671875,31.51799964904785,455.6517028808594,446.9895324707031,215.11000061035156,53.59504318237305
2023-03-06,23.501779556274414,81.16000366210938,193.80999755859375,93.75,183.2904052734375,31.202999114990234,463.1490478515625,449.0631103515625,211.9199981689453,54.42457580566406
2023-03-07,23.24031639099121,82.11000061035156,187.7100067138672,93.55000305175781,182.90380859375,30.847000122070312,465.1336364746094,442.6183166503906,207.9199981689453,54.10899353027344
2023-03-08,24.131484985351562,85.37000274658203,182.0,93.91999816894531,183.35983276367188,31.179000854492188,465.9869079589844,439.5547180175781,207.1999969482422,54.13603973388672
2023-03-09,23.38801383972168,84.02999877929688,172.9199981689453,92.25,180.10838317871094,29.777999877929688,459.7358703613281,434.24005126953125,201.24000549316406,53.61307907104492
2023-03-10,22.917978286743164,82.66999816894531,173.44000244140625,90.7300033569336,177.94732666015625,29.275999069213867,451.7016906738281,431.49365234375,203.07000732421875,53.38766098022461
2023-03-13,22.918975830078125,82.01000213623047,174.47999572753906,92.43000030517578,179.3252410888672,29.35099983215332,452.5260925292969,434.6337585449219,203.3699951171875,53.92866516113281
2023-03-14,24.013731002807617,87.44999694824219,183.25999450683594,94.87999725341797,192.33102416992188,29.493999481201172,462.0368957519531,435.4774169921875,207.27999877929688,54.12702941894531
2023-03-15,24.17839241027832,89.68000030517578,180.4499969482422,96.19999694824219,196.02857971191406,30.378999710083008,465.6225891113281,436.2742004394531,198.2100067138672,54.487693786621094
2023-03-16,25.488706588745117,96.5999984741211,184.1300048828125,100.04000091552734,203.14605712890625,31.006000518798828,467.15655517578125,442.4513244628906,203.19000244140625,54.78752899169922
2023-03-17,25.67232894897461,97.83999633789062,180.1300048828125,98.94999694824219,193.90716552734375,30.350000381469727,466.9551696777344,440.08917236328125,201.0500030517578,54.533119201660156
2023-03-20,25.846967697143555,96.80999755859375,183.25,97.70999908447266,196.0880126953125,30.51300048828125,469.102783203125,447.0818176269531,204.77000427246094,55.06010055541992
2023-03-21,26.145357131958008,95.93000030517578,197.5800018310547,100.61000061035156,200.40017700195312,30.57900047302246,470.5984191894531,450.0251770019531,204.6999969482422,54.80570602416992
2023-03-22,26.413803100585938,97.58000183105469,191.14999389648438,98.69999694824219,198.07064819335938,29.389999389648438,467.4057922363281,445.7320251464844,196.16000366210938,54.56038284301758
2023-03-23,27.135324478149414,100.27999877929688,192.22000122070312,98.70999908447266,202.50172424316406,32.0369987487793,467.63592529296875,440.4734802246094,197.89999389648438,54.442256927490234
2023-03-24,26.724170684814453,97.94999694824219,190.41000366210938,98.12999725341797,204.21664428710938,32.8390007019043,474.8360290527344,446.1725769042969,197.52999877929688,55.332672119140625
2023-03-27,26.4766788482666,96.61000061035156,191.80999755859375,98.04000091552734,201.0742645263672,32.76599884033203,472.8706359863281,451.71240234375,200.57000732421875,55.74153137207031
2023-03-28,26.355924606323242,94.55999755859375,189.19000244140625,97.23999786376953,198.93304443359375,32.35200119018555,466.6867370605469,442.9762268066406,204.9600067138672,55.805145263671875
2023-03-29,26.928747177124023,96.08999633789062,193.8800048828125,100.25,203.56243896484375,33.202999114990234,470.61761474609375,437.3614501953125,207.97000122070312,56.20491409301758
2023-03-30,27.326934814453125,97.87999725341797,195.27999877929688,102.0,206.03074645996094,33.84299850463867,471.20245361328125,440.6141357421875,211.0399932861328,56.19582748413086
2023-03-31,27.72012710571289,98.01000213623047,207.4600067138672,103.29000091552734,210.09503173828125,34.54800033569336,476.37005615234375,442.98553466796875,212.42999267578125,56.359371185302734
2023-04-03,27.907737731933594,96.55999755859375,194.77000427246094,102.41000366210938,211.2152099609375,34.827999114990234,476.5234069824219,463.2325134277344,215.38999938964844,56.69554901123047
2023-04-04,27.39678955078125,95.87000274658203,192.5800018310547,103.94999694824219,212.85084533691406,34.67499923706055,477.19451904296875,462.3514099121094,213.89999389648438,56.522918701171875
2023-04-05,26.825960159301758,92.55999755859375,185.52000427246094,101.0999984741211,209.6390380859375,34.23500061035156,476.6193542480469,477.33038330078125,210.0,57.05898666381836
2023-04-06,26.981637954711914,92.47000122070312,185.05999755859375,102.05999755859375,214.21881103515625,33.93299865722656,465.929443359375,480.68603515625,211.3699951171875,57.095333099365234
2023-04-10,27.52252960205078,95.4800033569336,184.50999450683594,102.16999816894531,212.8805694580078,33.89899826049805,473.4554443359375,482.9075927734375,210.77999877929688,56.95903778076172
2023-04-11,27.113370895385742,94.02999877929688,186.7899932861328,99.91999816894531,211.9884033203125,33.82099914550781,478.0765686035156,488.3349304199219,212.32000732421875,56.859092712402344
2023-04-12,26.440750122070312,92.33000183105469,180.5399932861328,97.83000183105469,212.1371307373047,33.10300064086914,469.1603698730469,488.54119873046875,212.33999633789062,56.95903778076172
2023-04-13,26.4088134765625,92.08999633789062,185.89999389648438,102.4000015258789,218.43182373046875,34.61899948120117,477.3480224609375,493.2654113769531,213.58999633789062,57.37698745727539
2023-04-14,26.703208923339844,91.75,185.0,102.51000213623047,219.56192016601562,33.862998962402344,471.0299072265625,479.7300109863281,201.7100067138672,57.2861328125
2023-04-17,26.94671058654785,89.87000274658203,187.0399932861328,102.73999786376953,216.9547882080078,33.27199935913086,473.5609436035156,473.6934509277344,205.02999877929688,57.65864944458008
2023-04-18,27.610349655151367,89.77999877929688,184.30999755859375,102.30000305175781,215.9932403564453,33.369998931884766,476.39874267578125,472.8779602050781,208.3699951171875,57.749507904052734
2023-04-19,27.873809814453125,89.94000244140625,180.58999633789062,104.30000305175781,213.8223114013672,32.3120002746582,475.56463623046875,455.7430725097656,208.7100067138672,57.85852813720703
2023-04-20,27.04850196838379,90.11000061035156,162.99000549316406,103.80999755859375,211.2152099609375,32.53499984741211,484.7206726074219,456.9241027832031,207.22999572753906,58.11293029785156
2023-04-21,27.0634708404541,88.43000030517578,165.0800018310547,106.95999908447266,211.03677368164062,32.79800033569336,485.4589538574219,453.5121154785156,205.14999389648438,58.19472122192383
2023-04-24,26.98662757873535,87.56999969482422,162.5500030517578,106.20999908447266,210.9376220703125,32.902000427246094,490.3197937011719,458.3113708496094,205.77000427246094,58.10385513305664
2023-04-25,26.187271118164062,83.80000305175781,160.6699981689453,102.56999969482422,205.74325561523438,32.255001068115234,482.4101867675781,461.10479736328125,202.19000244140625,58.012996673583984
2023-04-26,26.90080451965332,85.94000244140625,153.75,104.9800033569336,207.57713317871094,32.1150016784668,474.251220703125,452.6966857910156,203.02999877929688,57.74041748046875
2023-04-27,27.17024803161621,87.44000244140625,160.19000244140625,109.81999969482422,236.48329162597656,32.584999084472656,480.5885314941406,459.7455749511719,206.0399932861328,57.85852813720703
2023-04-28,27.692182540893555,89.37000274658203,164.30999755859375,105.44999694824219,238.22799682617188,32.99300003051758,482.4579772949219,461.2640686035156,206.77999877929688,58.28556823730469
2023-05-01,28.850805282592773,89.69000244140625,161.8300018310547,102.05000305175781,241.06307983398438,32.4119987487793,473.2254333496094,464.64794921875,203.8699951171875,58.42186737060547
2023-05-02,28.152236938476562,89.91000366210938,160.30999755859375,103.62999725341797,237.15737915039062,31.7549991607666,474.3950500488281,462.4826965332031,203.25,58.15836715698242
2023-05-03,27.745071411132812,81.62000274658203,160.61000061035156,103.6500015258789,234.96664428710938,31.93000030517578,469.84100341796875,458.78009033203125,200.92999267578125,57.83127975463867
2023-05-04,27.505563735961914,86.61000061035156,161.1999969482422,104.0,231.48719787597656,32.077999114990234,471.09002685546875,456.7554016113281,197.0500030517578,57.8948860168457
2023-05-05,28.621273040771484,89.83999633789062,170.05999755859375,105.66000366210938,230.75360107421875,32.2760009765625,479.46771240234375,463.31689453125,198.33999633789062,58.16744613647461
2023-05-08,29.091306686401367,95.04000091552734,171.7899932861328,105.83000183105469,231.2393798828125,33.12099838256836,479.46771240234375,461.7608947753906,197.25999450683594,58.076595306396484
2023-05-09,28.512493133544922,95.05999755859375,169.14999389648438,106.62000274658203,231.33847045898438,33.2140007019043,481.1297607421875,459.6611633300781,201.8800048828125,57.59504699707031
2023-05-10,28.825855255126953,97.0199966430664,168.5399932861328,110.19000244140625,231.051025390625,33.54199981689453,480.0440673828125,459.3706359863281,200.83999633789062,57.694984436035156
2023-05-11,28.519481658935547,97.0999984741211,172.0800018310547,112.18000030517578,233.73741149902344,34.47600173950195,482.18658447265625,458.1427001953125,201.83999633789062,58.02207946777344
2023-05-12,28.28196907043457,95.26000213623047,167.97999572753906,110.26000213623047,231.774658203125,33.98899841308594,484.28094482421875,460.45794677734375,200.6999969482422,58.24922180175781
2023-05-15,28.893714904785156,97.4000015258789,166.35000610351562,111.19999694824219,236.78070068359375,33.5890007019043,482.3306579589844,456.3616638183594,202.77000427246094,58.09476852416992
2023-05-16,29.15318489074707,101.4800033569336,166.52000427246094,113.4000015258789,236.7410888671875,33.375,476.6719055175781,449.6689147949219,200.8699951171875,57.440582275390625
2023-05-17,30.116207122802734,103.75,173.86000061035156,115.5,240.37908935546875,33.99599838256836,475.5670166015625,454.44012451171875,206.8699951171875,57.37698745727539
2023-05-18,31.613136291503906,107.93000030517578,176.88999938964844,118.1500015258789,244.70115661621094,37.12900161743164,478.5453796386719,449.209716796875,207.24000549316406,57.05898666381836
2023-05-19,31.199983596801758,105.81999969482422,180.13999938964844,116.25,243.50169372558594,36.5359992980957,477.0273132324219,448.8253479003906,205.49000549316406,57.086238861083984
2023-05-22,31.112167358398438,108.0,188.8699951171875,115.01000213623047,246.15835571289062,36.30099868774414,472.5599365234375,450.5126037597656,205.91000366210938,55.88690948486328
2023-05-23,30.62516212463379,108.12000274658203,185.77000427246094,114.98999786376953,244.5921173095703,35.5989990234375,465.8346862792969,449.40655517578125,202.60000610351562,55.78697204589844
2023-05-24,30.47547149658203,108.2699966430664,182.89999389648438,116.75,247.04058837890625,36.48500061035156,463.8075866699219,450.7094421386719,199.27000427246094,55.314510345458984
2023-05-25,37.9022331237793,120.3499984741211,184.47000122070312,115.0,250.4903106689453,35.900001525878906,467.44879150390625,447.77557373046875,200.8699951171875,54.8874626159668
2023-05-26,38.86626052856445,127.02999877929688,193.1699981689453,120.11000061035156,259.7589111328125,37.88800048828125,487.3457336425781,451.356201171875,203.6300048828125,54.75118637084961
2023-05-30,40.02886962890625,125.2699966430664,201.16000366210938,121.66000366210938,260.2346496582031,39.29800033569336,488.0855407714844,449.7908935546875,204.69000244140625,54.315059661865234
2023-05-31,37.756534576416016,118.20999908447266,203.92999267578125,120.58000183105469,262.4156188964844,39.52299880981445,491.47698974609375,456.7178649902344,205.6999969482422,54.20603561401367
2023-06-01,39.688568115234375,119.47000122070312,207.52000427246094,122.7699966430664,270.23687744140625,40.3129997253418,492.47607421875,462.7076110839844,207.9600067138672,54.514957427978516
2023-06-02,39.2464714050293,117.86000061035156,213.97000122070312,124.25,270.23687744140625,40.047000885009766,492.4665222167969,468.28485107421875,213.32000732421875,55.56890106201172
2023-06-05,39.090797424316406,117.93000030517578,217.61000061035156,125.30000305175781,269.0274963378906,40.354000091552734,497.9042663574219,466.98193359375,208.77999877929688,55.196388244628906
2023-06-06,38.57485580444336,124.2300033569336,221.30999755859375,126.61000061035156,268.75982666015625,39.92900085449219,495.9924621582031,457.02728271484375,207.2899932861328,54.79661560058594
2023-06-07,37.40213394165039,117.83000183105469,224.57000732421875,121.2300033569336,261.30535888671875,39.97700119018555,491.159912109375,451.9280090332031,211.92999267578125,54.71483612060547
2023-06-08,38.43512725830078,121.05000305175781,234.86000061035156,124.25,262.27679443359375,40.9370002746582,499.67205810546875,459.5206298828125,218.11000061035156,54.85112762451172
2023-06-09,38.69461441040039,124.91999816894531,244.39999389648438,123.43000030517578,262.6435852050781,42.00199890136719,496.9725036621094,462.6982421875,217.30999755859375,54.94198989868164
2023-06-12,39.405235290527344,129.19000244140625,249.8300018310547,126.56999969482422,268.6904602050781,42.39699935913086,500.5173645019531,461.7327575683594,221.55999755859375,54.705745697021484
2023-06-13,40.94224166870117,124.52999877929688,258.7099914550781,126.66000366210938,268.9581604003906,43.573001861572266,501.5262756347656,460.532958984375,220.3800048828125,54.92382049560547
2023-06-14,42.91340255737305,127.33000183105469,256.7900085449219,126.41999816894531,270.970458984375,44.08599853515625,506.50286865234375,431.0530700683594,216.89999389648438,55.29633712768555
2023-06-15,42.5700798034668,124.23999786376953,255.89999389648438,127.11000061035156,279.3766174316406,44.527000427246094,508.4052734375,438.4980163574219,219.41000366210938,56.05619812011719
2023-06-16,42.60899353027344,120.08000183105469,260.5400085449219,125.48999786376953,278.5538330078125,43.19599914550781,503.0922546386719,431.53314208984375,219.99000549316406,56.459022521972656
2023-06-20,43.72283172607422,118.93000030517578,274.45001220703125,125.77999877929688,281.8548583984375,43.470001220703125,499.29736328125,441.792236328125,212.3699951171875,56.08366775512695
2023-06-21,42.96131134033203,112.11000061035156,259.4599914550781,124.83000183105469,279.1883544921875,42.44499969482422,499.2205505371094,448.7194519042969,212.0800018310547,56.239295959472656
2023-06-22,42.941349029541016,110.69999694824219,264.6099853515625,130.14999389648438,282.4000549316406,42.24800109863281,503.62066650390625,450.8843078613281,205.61000061035156,56.62381362915039
2023-06-23,42.126930236816406,110.01000213623047,256.6000061035156,129.3300018310547,286.2165832519531,42.402000427246094,503.85125732421875,448.95477294921875,205.41000366210938,56.02873992919922
2023-06-26,40.55299758911133,107.51000213623047,241.0500030517578,127.33000183105469,276.0458984375,41.59400177001953,502.8713684082031,450.89361572265625,205.5800018310547,56.04705047607422
2023-06-27,41.794578552246094,110.38999938964844,250.2100067138672,129.17999267578125,284.5511779785156,41.70800018310547,509.51007080078125,454.1878967285156,209.42999267578125,55.92802429199219
2023-06-28,41.03705978393555,110.16999816894531,256.239990234375,129.0399932861328,282.8065185546875,42.98400115966797,511.8830871582031,446.5547180175781,210.72000122070312,55.40619659423828
2023-06-29,40.74263000488281,111.23999786376953,257.5,127.9000015258789,279.0792236328125,42.82400131225586,510.816650390625,448.427734375,211.8300018310547,54.94844055175781
2023-06-30,42.21975326538086,113.91000366210938,261.7699890136719,130.36000061035156,284.4818115234375,44.04899978637695,517.2440185546875,452.3807678222656,211.16000366210938,55.13154220581055
2023-07-03,42.33053207397461,115.81999969482422,279.82000732421875,130.22000122070312,283.5301208496094,44.14400100708008,519.799560546875,449.7830505371094,210.9199981689453,55.46112823486328
2023-07-05,42.23472595214844,113.94999694824219,282.4800109863281,130.3800048828125,291.8074645996094,44.59000015258789,519.8860473632812,443.5146789550781,213.30999755859375,55.87310028076172
2023-07-06,42.02114486694336,113.4800033569336,276.5400085449219,128.36000061035156,289.44818115234375,43.88399887084961,516.2738037109375,441.7640380859375,212.6199951171875,55.442813873291016
2023-07-07,42.42035675048828,113.16999816894531,274.42999267578125,129.77999877929688,288.0009460449219,43.810001373291016,504.4373474121094,434.44140625,212.10000610351562,54.71040725708008
2023-07-10,42.097984313964844,113.58000183105469,269.6099853515625,127.12999725341797,291.53985595703125,44.17100143432617,506.3204040527344,435.82501220703125,213.30999755859375,54.29844284057617
2023-07-11,42.32255172729492,111.31999969482422,269.7900085449219,128.77999877929688,295.6933288574219,44.020999908447266,508.8470458984375,435.6744079589844,218.75999450683594,54.49069595336914
2023-07-12,43.8166389465332,114.58000183105469,271.989990234375,130.8000030517578,306.64715576171875,44.404998779296875,516.8788452148438,425.142333984375,217.11000061035156,54.78364944458008
2023-07-13,45.88761520385742,115.91999816894531,277.8999938964844,134.3000030517578,310.68170166015625,45.03799819946289,517.311279296875,421.424560546875,216.85000610351562,55.250553131103516
2023-07-14,45.38059616088867,115.94000244140625,281.3800048828125,134.67999267578125,306.1813049316406,44.191001892089844,525.2374267578125,451.93841552734375,213.1199951171875,55.75408172607422
2023-07-17,46.37065887451172,118.31999969482422,290.3800048828125,133.55999755859375,307.916015625,45.005001068115234,531.2515869140625,455.6185607910156,211.8699951171875,55.671695709228516
2023-07-18,47.40165328979492,117.93000030517578,293.3399963378906,132.8300018310547,309.33355712890625,47.47999954223633,531.8568115234375,470.60247802734375,211.57000732421875,55.451969146728516
2023-07-19,46.9854621887207,116.43000030517578,291.260009765625,135.36000061035156,313.25909423828125,47.75899887084961,532.3564453125,474.0849609375,208.60000610351562,56.43155288696289
2023-07-20,45.431495666503906,110.25,262.8999938964844,129.9600067138672,299.88653564453125,43.742000579833984,535.0945434570312,474.59326171875,213.61000061035156,57.11818313598633
2023-07-21,44.22284698486328,110.94999694824219,260.0199890136719,130.0,291.6984558105469,42.75,535.9592895507812,476.74859619140625,211.8000030517578,57.16395568847656
2023-07-24,44.5252571105957,110.61000061035156,269.05999755859375,128.8000030517578,289.07147216796875,42.83700180053711,541.7908935546875,478.77215576171875,215.8699951171875,57.18226623535156
2023-07-25,45.590187072753906,113.0,265.2799987792969,129.1300048828125,291.9065856933594,42.77000045776367,543.00146484375,480.889892578125,214.1199951171875,56.99001693725586
2023-07-26,45.363624572753906,110.08999633789062,264.3500061035156,128.14999389648438,295.9709167480469,42.266998291015625,543.9429931640625,478.13214111328125,232.8000030517578,57.722415924072266
2023-07-27,45.810760498046875,111.0999984741211,255.7100067138672,128.25,308.99652099609375,41.31700134277344,539.7732543945312,475.5250244140625,233.75,57.16395568847656
2023-07-28,46.65910339355469,112.95999908447266,266.44000244140625,132.2100067138672,322.6466979980469,42.577999114990234,541.204833984375,473.3414611816406,238.69000244140625,57.20058059692383
2023-07-31,46.63813781738281,114.4000015258789,267.42999267578125,133.67999267578125,315.8265380859375,43.89699935913086,538.658935546875,476.5980224609375,238.85000610351562,56.69705581665039
2023-08-01,46.41657257080078,117.5999984741211,261.07000732421875,131.69000244140625,319.9007263183594,43.86199951171875,533.6630859375,475.0638122558594,238.00999450683594,56.550567626953125
2023-08-02,44.18292999267578,109.3499984741211,254.11000061035156,128.2100067138672,311.57391357421875,42.970001220703125,530.6655883789062,475.1202697753906,231.3800048828125,56.72452163696289
2023-08-03,44.42845153808594,113.1500015258789,259.32000732421875,128.91000366210938,310.4636535644531,43.099998474121094,535.7958374023438,475.1767272949219,231.36000061035156,56.43155288696289
2023-08-04,44.59313201904297,115.81999969482422,253.86000061035156,139.57000732421875,308.0251159667969,43.15999984741211,530.3677978515625,473.1719970703125,231.36000061035156,55.58013916015625
2023-08-07,45.32870101928711,116.80999755859375,251.4499969482422,142.22000122070312,313.8043518066406,44.07600021362305,536.4876708984375,480.7110290527344,238.25,56.01958084106445
2023-08-08,44.57715606689453,113.2300033569336,249.6999969482422,139.94000244140625,309.9184265136719,43.83000183105469,534.28759765625,476.11798095703125,238.0399932861328,55.772396087646484
2023-08-09,42.47126007080078,110.47000122070312,242.19000244140625,137.85000610351562,302.5531311035156,42.88999938964844,537.72705078125,472.58843994140625,237.86000061035156,55.90056610107422
2023-08-10,42.30558776855469,110.2300033569336,245.33999633789062,138.55999755859375,303.0784912109375,42.99800109863281,539.4467163085938,473.8778991699219,238.25999450683594,55.772396087646484
2023-08-11,40.77556228637695,107.56999969482422,242.64999389648438,138.41000366210938,299.0141906738281,42.16600036621094,540.8589477539062,478.1416015625,235.72000122070312,56.00126647949219
2023-08-14,43.66792297363281,111.9800033569336,239.75999450683594,140.57000732421875,303.5245666503906,42.77799987792969,539.4275512695312,480.889892578125,236.7100067138672,55.73577880859375
2023-08-15,43.85456848144531,111.3499984741211,232.9600067138672,137.6699981689453,299.3215637207031,42.369998931884766,536.5838012695312,476.8992004394531,232.25999450683594,55.36042404174805
2023-08-16,43.401451110839844,107.19000244140625,225.60000610351562,135.07000732421875,291.72821044921875,41.54499816894531,537.1024780273438,473.95318603515625,229.9499969482422,55.369571685791016
2023-08-17,43.25972366333008,104.44000244140625,219.22000122070312,133.97999572753906,282.6082763671875,40.29999923706055,525.6312255859375,464.9176330566406,224.5399932861328,55.48858642578125
2023-08-18,43.21481704711914,105.44999694824219,215.49000549316406,133.22000122070312,280.7843322753906,40.452999114990234,523.5464477539062,469.1342468261719,226.64999389648438,55.799861907958984
2023-08-21,46.87568664550781,108.22000122070312,231.27999877929688,134.67999267578125,287.3763427734375,40.82899856567383,521.8843994140625,468.41888427734375,227.22000122070312,55.32380294799805
2023-08-22,45.57920455932617,105.66000366210938,233.19000244140625,134.25,285.09637451171875,41.31700134277344,517.2344970703125,463.39288330078125,230.07000732421875,54.98506546020508
2023-08-23,47.024391174316406,109.43000030517578,236.86000061035156,135.52000427246094,291.6785888671875,42.755001068115234,519.6266479492188,460.66339111328125,228.5800018310547,55.17732238769531
2023-08-24,47.07129669189453,101.80000305175781,230.0399932861328,131.83999633789062,284.25384521484375,40.69300079345703,511.801025390625,459.4021911621094,217.30999755859375,55.03083419799805
2023-08-25,45.92852783203125,102.25,238.58999633789062,133.25999450683594,283.0146484375,41.60300064086914,514.0148315429688,460.3621826171875,223.41000366210938,55.28717803955078
2023-08-28,46.74393844604492,102.61000061035156,238.82000732421875,133.13999938964844,287.7332763671875,41.805999755859375,516.11328125,462.3951721191406,227.05999755859375,55.442813873291016
2023-08-29,48.689144134521484,105.91999816894531,257.17999267578125,134.91000366210938,295.3959655761719,42.999000549316406,522.4470825195312,463.8540344238281,227.25,55.38788604736328
2023-08-30,49.168209075927734,106.58999633789062,256.8999938964844,135.07000732421875,292.5311279296875,43.46699905395508,521.9560546875,462.63043212890625,228.85000610351562,55.36042404174805
2023-08-31,49.259037017822266,105.72000122070312,258.0799865722656,138.00999450683594,293.3142395019531,43.36800003051758,528.7132568359375,448.5594787597656,224.02999877929688,54.77449417114258
2023-09-01,48.414676666259766,109.44999694824219,245.00999450683594,138.1199951171875,293.7999267578125,43.987998962402344,523.8714599609375,448.239501953125,223.39999389648438,54.29844284057617
2023-09-05,48.453609466552734,110.77999877929688,256.489990234375,137.27000427246094,297.537109375,44.86800003051758,524.3335571289062,452.540771484375,222.57000732421875,53.84983825683594
2023-09-06,46.97336959838867,109.27999877929688,251.9199981689453,135.36000061035156,296.5657043457031,44.57600021362305,526.22021484375,448.8982849121094,217.9499969482422,53.81321716308594
2023-09-07,46.15489196777344,106.58999633789062,251.49000549316406,137.85000610351562,296.0700378417969,44.31399917602539,528.077880859375,456.30560302734375,216.0500030517578,53.4012451171875
2023-09-08,45.48714065551758,106.08999633789062,248.5,138.22999572753906,295.29681396484375,44.279998779296875,530.5516357421875,454.2646789550781,211.27000427246094,53.4012451171875
2023-09-11,45.09387969970703,105.31999969482422,273.5799865722656,143.10000610351562,304.8826904296875,44.5359992980957,537.8574829101562,452.9513244628906,211.00999450683594,53.90476989746094
2023-09-12,44.78644943237305,105.30999755859375,267.4800109863281,141.22999572753906,299.0340270996094,43.46900177001953,537.8670654296875,453.4425964355469,210.64999389648438,53.373779296875
2023-09-13,45.40030288696289,107.70999908447266,271.29998779296875,144.85000610351562,302.4044494628906,41.2239990234375,538.8008422851562,453.385986328125,208.39999389648438,53.501949310302734
2023-09-14,45.496124267578125,106.62999725341797,276.0400085449219,144.72000122070312,309.0065002441406,40.04899978637695,543.6231689453125,456.93865966796875,209.0500030517578,53.94487380981445
2023-09-15,43.8182487487793,101.48999786376953,274.3900146484375,140.38999938964844,297.69573974609375,39.694000244140625,535.528076171875,459.8677062988281,208.11000061035156,53.46504211425781
2023-09-18,43.884124755859375,102.37000274658203,265.2799987792969,139.97999572753906,299.9162292480469,39.439998626708984,541.6500244140625,459.2630310058594,205.1199951171875,53.79723358154297
2023-09-19,43.43896484375,101.61000061035156,266.5,137.6300048828125,302.41436767578125,39.619998931884766,543.2189331054688,454.1607666015625,204.47999572753906,53.68650817871094
2023-09-20,42.16035079956055,100.33999633789062,262.5899963378906,135.2899932861328,297.0613098144531,38.630001068115234,542.7184448242188,464.9984130859375,202.3699951171875,53.926422119140625
2023-09-21,40.940616607666016,96.11000061035156,255.6999969482422,129.3300018310547,293.1556701660156,38.415000915527344,534.2960815429688,473.51171875,199.9499969482422,53.0959358215332
2023-09-22,41.53252410888672,96.19999694824219,244.8800048828125,129.1199951171875,296.4764404296875,37.98099899291992,537.6746826171875,478.1982421875,197.7100067138672,53.151302337646484
2023-09-25,42.14337921142578,97.37999725341797,246.99000549316406,131.27000427246094,298.2112121582031,38.47999954223633,537.7034301757812,482.1477355957031,198.77999877929688,52.59763717651367
2023-09-26,41.83295822143555,95.95999908447266,244.1199951171875,125.9800033569336,296.3575134277344,37.92499923706055,532.25537109375,477.5841064453125,195.63999938964844,52.163936614990234
2023-09-27,42.388916015625,98.06999969482422,240.5,125.9800033569336,295.14813232421875,37.75899887084961,542.4295654296875,475.9588623046875,195.4600067138672,51.62873458862305
2023-09-28,43.00876998901367,102.76000213623047,246.3800048828125,125.9800033569336,301.3139343261719,37.63600158691406,547.3385620117188,481.9776916503906,190.42999267578125,51.499549865722656
2023-09-29,43.41799545288086,102.81999969482422,250.22000122070312,127.12000274658203,297.59661865234375,37.7599983215332,543.8060302734375,476.3935241699219,191.67999267578125,51.65642166137695
2023-10-02,44.6986083984375,103.2699966430664,251.60000610351562,129.4600067138672,304.14910888671875,38.03300094604492,549.918212890625,486.2012939453125,187.8300018310547,51.195037841796875
2023-10-03,43.43596649169922,100.08000183105469,246.52999877929688,124.72000122070312,298.3202819824219,37.67499923706055,543.883056640625,481.3824157714844,188.9199981689453,50.64137649536133
2023-10-04,43.958984375,104.06999969482422,261.1600036621094,127.0,302.9198303222656,37.689998626708984,550.3900756835938,482.46905517578125,186.72999572753906,50.78902053833008
2023-10-05,44.604793548583984,102.91000366210938,260.04998779296875,125.95999908447266,302.13671875,37.25899887084961,548.1953125,487.7697448730469,186.2899932861328,48.33446502685547
2023-10-06,45.676788330078125,107.23999786376953,260.5299987792969,127.95999908447266,312.6841125488281,38.1510009765625,536.654296875,495.876708984375,187.3800048828125,49.035762786865234
2023-10-09,45.18869400024414,106.97000122070312,259.6700134277344,128.25999450683594,315.5886535644531,38.595001220703125,538.0403442382812,497.4830627441406,188.49000549316406,48.795841217041016
2023-10-10,45.71271896362305,109.01000213623047,263.6199951171875,129.47999572753906,319.0382995605469,37.332000732421875,541.0435180664062,495.33819580078125,193.52999877929688,49.85702133178711
2023-10-11,46.718841552734375,108.30999755859375,262.989990234375,131.8300018310547,324.9662780761719,36.59299850463867,544.3451538085938,495.2341613769531,196.07000732421875,49.56173324584961
2023-10-12,46.857582092285156,108.79000091552734,258.8699951171875,132.3300018310547,321.3381652832031,36.119998931884766,542.6703491210938,496.56640625,191.3000030517578,48.73125457763672
2023-10-13,45.376346588134766,105.08999633789062,251.1199951171875,129.7899932861328,311.9505920410156,35.56800079345703,545.6157836914062,509.6623840332031,184.91000366210938,48.8050651550293
2023-10-16,46.0091667175293,106.45999908447266,253.9199981689453,132.5500030517578,318.3543701171875,36.082000732421875,550.8134765625,508.367919921875,184.92999267578125,49.3033561706543
2023-10-17,43.85618591308594,105.13999938964844,254.85000610351562,131.47000122070312,321.17950439453125,35.571998596191406,552.8348999023438,507.06396484375,185.60000610351562,49.89393615722656
2023-10-18,42.11742401123047,102.16999816894531,242.67999267578125,128.1300048828125,314.210693359375,34.61899948120117,553.1235961914062,506.5064697265625,185.69000244140625,49.8754768371582
2023-10-19,42.02260971069336,102.4000015258789,220.11000061035156,128.39999389648438,310.0870056152344,40.176998138427734,544.450927734375,502.3208312988281,182.7899932861328,50.15230941772461
2023-10-20,41.3099365234375,101.80999755859375,211.99000549316406,125.16999816894531,305.96319580078125,40.09600067138672,532.2264404296875,497.9743957519531,180.0399932861328,50.35531997680664
2023-10-23,42.89497756958008,100.01000213623047,212.0800018310547,126.55999755859375,311.2765197753906,40.683998107910156,531.6104125976562,492.8153991699219,181.02999877929688,49.90317153930664
2023-10-24,43.58169174194336,101.66999816894531,216.52000427246094,128.55999755859375,309.8292541503906,41.37300109863281,531.1773681640625,496.0563049316406,182.36000061035156,51.342674255371094
2023-10-25,41.70120620727539,96.05999755859375,212.4199981689453,121.38999938964844,296.92254638671875,41.125,529.3966064453125,500.97906494140625,177.72999572753906,51.78560256958008
2023-10-26,40.25090789794922,93.66999816894531,205.75999450683594,119.56999969482422,285.8398132324219,40.354000091552734,527.0961303710938,499.2309875488281,179.08999633789062,51.471858978271484
2023-10-27,40.424583435058594,96.43000030517578,207.3000030517578,127.73999786376953,294.14691162109375,39.7869987487793,522.6972045898438,495.73504638671875,179.69000244140625,50.97357177734375
2023-10-30,41.08435821533203,96.18000030517578,197.36000061035156,132.7100067138672,300.02532958984375,41.007999420166016,534.1034545898438,500.7711181640625,182.35000610351562,51.81328582763672
2023-10-31,40.704063415527344,98.5,200.83999633789062,133.08999633789062,298.6474304199219,41.16899871826172,531.7548828125,506.0339660644531,186.82000732421875,52.12702560424805
2023-11-01,42.24619674682617,108.04000091552734,205.66000366210938,137.0,309.1352844238281,42.01900100708008,535.9515991210938,502.2924499511719,189.3800048828125,52.08089065551758
2023-11-02,43.42498779296875,107.83000183105469,218.50999450683594,138.07000732421875,308.1638488769531,42.47100067138672,536.134765625,506.5726318359375,192.00999450683594,52.68069076538086
2023-11-03,44.92119598388672,112.25,219.9600067138672,138.60000610351562,311.86138916015625,43.236000061035156,540.8890380859375,501.6309814453125,195.0500030517578,52.357723236083984
2023-11-06,45.665802001953125,111.75,219.27000427246094,139.74000549316406,313.0509033203125,43.4739990234375,549.4907836914062,504.04986572265625,192.9499969482422,52.5699577331543
2023-11-07,45.86943054199219,113.44999694824219,222.17999267578125,142.7100067138672,316.0446472167969,43.46099853515625,550.8889770507812,508.1789245605469,191.41000366210938,52.76373291015625
2023-11-08,46.487274169921875,113.58999633789062,222.11000061035156,142.0800018310547,316.99627685546875,43.665000915527344,547.1377563476562,507.1396179199219,191.8300018310547,52.68069076538086
2023-11-09,46.862579345703125,113.48999786376953,209.97999572753906,140.60000610351562,317.7595520019531,43.51499938964844,543.1744995117188,509.2845458984375,193.3300018310547,52.283897399902344
2023-11-10,48.2449951171875,118.58999633789062,214.64999389648438,143.55999755859375,325.907958984375,44.7239990234375,556.5303344726562,511.3726806640625,196.64999389648438,52.339263916015625
2023-11-13,48.52946090698242,116.79000091552734,223.7100067138672,142.58999633789062,326.3243713378906,44.46200180053711,557.6005859375,512.6576538085938,204.5399932861328,52.53304672241211
2023-11-14,49.56352615356445,119.87999725341797,237.41000366210938,145.8000030517578,333.38238525390625,44.8650016784668,569.7222900390625,510.6638488769531,207.47000122070312,52.689918518066406
2023-11-15,48.79697036743164,118.0,242.83999633789062,143.1999969482422,329.813720703125,46.194000244140625,575.4888305664062,508.7268981933594,208.7100067138672,52.79142379760742
2023-11-16,49.38786315917969,119.83000183105469,233.58999633789062,142.8300018310547,331.2808837890625,46.69499969482422,557.9381713867188,510.0591735839844,206.60000610351562,52.736053466796875
2023-11-17,49.206207275390625,120.62000274658203,234.3000030517578,145.17999267578125,332.1234436035156,46.590999603271484,556.5592651367188,506.72381591796875,208.0399932861328,52.837554931640625
2023-11-20,50.31513977050781,121.52999877929688,235.60000610351562,146.1300048828125,337.010498046875,47.446998596191406,560.0790405273438,505.59942626953125,217.7100067138672,52.96674346923828
2023-11-21,49.85100173950195,119.16000366210938,241.1999969482422,143.89999389648438,334.0465393066406,47.494998931884766,563.4540405273438,509.8418884277344,218.27000427246094,53.54808807373047
2023-11-22,48.625282287597656,122.51000213623047,234.2100067138672,146.7100067138672,338.51727294921875,47.79999923706055,568.0635986328125,513.781982421875,219.91000366210938,53.907962799072266
2023-11-24,47.687042236328125,122.30999755859375,235.4499969482422,146.74000549316406,335.2857360839844,47.95600128173828,570.2622680664062,516.9378662109375,220.0,54.04637908935547
2023-11-27,48.15217208862305,122.6500015258789,236.0800018310547,147.72999572753906,331.78643798828125,47.91699981689453,573.6759033203125,513.6213989257812,219.3000030517578,53.94487380981445
2023-11-28,47.73195266723633,122.01000213623047,246.72000122070312,147.02999877929688,336.0390319824219,47.900001525878906,572.8079223632812,510.7300109863281,222.3699951171875,54.05561065673828
2023-11-29,48.050357818603516,123.8499984741211,244.13999938964844,146.32000732421875,329.30816650390625,47.71900177001953,566.8870239257812,505.4859924316406,224.42999267578125,53.732643127441406
2023-11-30,46.68291091918945,121.16000366210938,240.0800018310547,146.08999633789062,324.3020935058594,47.39699935913086,571.593017578125,522.484375,231.6300048828125,54.355812072753906
2023-12-01,46.677921295166016,121.38999938964844,238.8300018310547,147.02999877929688,321.9924011230469,46.57400131225586,574.977783203125,518.7581787109375,233.8699951171875,54.541839599609375
2023-12-04,45.42525100708008,118.56999969482422,235.5800018310547,144.83999633789062,317.2341613769531,45.38999938964844,577.706787109375,519.8200073242188,234.8699951171875,54.47672653198242
2023-12-05,46.48337936401367,118.37999725341797,238.72000122070312,146.8800048828125,315.519287109375,45.51499938964844,583.7530517578125,521.6973266601562,234.16000366210938,54.56044387817383
2023-12-06,45.422264099121094,116.81999969482422,239.3699951171875,144.52000427246094,314.6865539550781,44.67300033569336,585.7589721679688,521.005126953125,236.88999938964844,54.504634857177734
2023-12-07,46.51332092285156,128.3699951171875,242.63999938964844,146.8800048828125,323.7469482421875,45.20000076293945,589.1533203125,519.810546875,237.3300018310547,54.634857177734375
2023-12-08,47.42171096801758,128.9199981689453,243.83999633789062,147.4199981689453,329.85333251953125,45.375999450683594,588.9894409179688,521.2327270507812,244.6999969482422,54.51393508911133
2023-12-11,46.544273376464844,134.41000366210938,239.74000549316406,145.88999938964844,322.4483947753906,45.98899841308594,601.6027221679688,515.4588623046875,248.0800018310547,54.91387939453125
2023-12-12,47.57244110107422,137.61000061035156,237.00999450683594,147.47999572753906,331.310546875,46.29999923706055,607.0415649414062,517.3928833007812,248.6300048828125,55.2673225402832
2023-12-13,48.002681732177734,138.19000244140625,239.2899932861328,148.83999633789062,331.82598876953125,47.99800109863281,619.0955810546875,520.51220703125,250.91000366210938,55.7416877746582
2023-12-14,48.26421356201172,138.0,251.0500030517578,147.4199981689453,330.26971435546875,46.983001708984375,608.2759399414062,506.5089111328125,256.239990234375,54.91387939453125
2023-12-15,48.803253173828125,139.14999389648438,253.5,149.97000122070312,332.00445556640625,47.20600128173828,635.3154296875,503.55084228515625,264.2699890136719,54.504634857177734
2023-12-18,49.9881477355957,138.89999389648438,252.0800018310547,154.07000732421875,341.6200256347656,48.61199951171875,656.9354248046875,499.2179870605469,260.4100036621094,54.89527893066406
2023-12-19,49.51598358154297,140.14999389648438,257.2200012207031,153.7899932861328,347.3100891113281,49.50199890136719,653.5604858398438,496.83831787109375,263.510009765625,54.718563079833984
2023-12-20,48.025634765625,135.47000122070312,247.13999938964844,152.1199951171875,346.23944091796875,48.926998138427734,637.417724609375,489.1492614746094,260.25,53.58382034301758
2023-12-21,48.903079986572266,139.91000366210938,254.5,153.83999633789062,351.007568359375,49.1609992980957,641.4292602539062,492.89434814453125,262.0199890136719,53.9372673034668
2023-12-22,48.74335861206055,139.60000610351562,252.5399932861328,153.4199981689453,350.3137512207031,48.67599868774414,647.6394653320312,493.3019104003906,260.44000244140625,54.24420166015625
2023-12-26,49.19156265258789,143.41000366210938,256.6099853515625,153.41000366210938,351.74114990234375,49.11899948120117,650.5519409179688,493.0364685058594,262.7900085449219,54.46742630004883
2023-12-27,49.329322814941406,146.07000732421875,261.44000244140625,153.33999633789062,354.71502685546875,49.17900085449219,657.633056640625,495.6532897949219,262.1000061035156,54.60694122314453
2023-12-28,49.43412780761719,148.75999450683594,253.17999267578125,153.3800048828125,355.2008056640625,49.05099868774414,653.98388671875,497.6537170410156,260.3500061035156,54.6441535949707
2023-12-29,49.43412780761719,147.41000366210938,248.47999572753906,151.94000244140625,350.8786926269531,48.6879997253418,651.0054931640625,499.14215087890625,260.6600036621094,54.811580657958984
2024-01-02,48.0825309753418,138.5800018310547,248.4199981689453,149.92999267578125,343.2754821777344,46.849998474121094,641.7052001953125,511.3442077636719,251.75999450683594,55.639373779296875
2024-01-03,47.48459243774414,135.32000732421875,238.4499969482422,148.47000122070312,341.4713439941406,47.0260009765625,635.8270874023438,513.8945922851562,243.91000366210938,55.76959228515625
2024-01-04,47.912841796875,136.00999450683594,237.92999267578125,144.57000732421875,344.0982971191406,47.46699905395508,639.436767578125,517.1084594726562,244.94000244140625,55.58356857299805
2024-01-05,49.009883880615234,138.5800018310547,237.49000549316406,145.24000549316406,348.8862609863281,47.40599822998047,646.9913940429688,509.48590087890625,249.0,55.49985122680664
2024-01-08,52.16028594970703,146.17999267578125,240.4499969482422,149.10000610351562,355.5378112792969,48.50299835205078,652.5933227539062,508.6705322265625,229.0,55.90910339355469
2024-01-09,53.045711517333984,149.25999450683594,234.9600067138672,151.3699951171875,354.3184814453125,48.20899963378906,658.0079345703125,510.4244689941406,225.75999450683594,55.80679702758789
2024-01-10,54.253562927246094,148.5399932861328,233.94000244140625,153.72999572753906,367.24505615234375,47.83300018310547,663.5111694335938,509.7322998046875,227.83999633789062,55.992820739746094
2024-01-11,54.72472381591797,148.02000427246094,227.22000122070312,155.17999267578125,366.4520263671875,49.222999572753906,664.3198852539062,511.66650390625,222.66000366210938,55.63007354736328
2024-01-12,54.61292266845703,146.55999755859375,218.88999938964844,154.6199951171875,371.22998046875,49.215999603271484,673.8470458984375,494.4396667480469,217.6999969482422,56.16954040527344
2024-01-16,56.281959533691406,158.74000549316406,219.91000366210938,153.16000366210938,364.26116943359375,48.124000549316406,672.12109375,492.20220947265625,200.52000427246094,55.79749298095703
2024-01-17,55.953548431396484,160.1699981689453,215.5500030517578,151.7100067138672,365.1632995605469,48.03300094604492,674.7840576171875,497.691650390625,203.05999755859375,55.79749298095703
2024-01-18,57.005672454833984,162.6699981689453,211.8800048828125,153.5,372.8557434082031,48.53099822998047,677.8611450195312,489.5380554199219,211.61000061035156,55.95561218261719
2024-01-19,59.38544845581055,174.22999572753906,212.19000244140625,155.33999633789062,380.1120300292969,48.29499816894531,685.4158325195312,477.42138671875,215.02000427246094,55.64867401123047
2024-01-22,59.54815673828125,168.17999267578125,208.8000030517578,154.77999877929688,378.45660400390625,48.57099914550781,682.9895629882812,486.3619079589844,214.92999267578125,55.40684127807617
2024-01-23,59.76676940917969,168.4199981689453,209.13999938964844,156.02000427246094,381.8468017578125,49.21900177001953,678.1372680664062,488.7605895996094,211.5,55.66727066040039
2024-01-24,61.25312805175781,178.2899932861328,207.8300018310547,156.8699951171875,387.2989807128906,54.48699951171875,677.0721435546875,486.58941650390625,214.1300048828125,54.79296875
2024-01-25,61.50766372680664,180.3300018310547,182.6300048828125,157.75,389.75726318359375,56.20000076293945,670.5530395507812,467.788818359375,201.8800048828125,55.02549362182617
2024-01-26,60.9227180480957,177.25,183.25,159.1199951171875,390.708984375,57.04199981689453,677.43701171875,477.0801086425781,205.47000122070312,55.22081756591797
2024-01-29,62.35416793823242,177.8300018310547,190.92999267578125,161.25999450683594,397.5290832519531,57.57899856567383,684.468994140625,478.35052490234375,205.19000244140625,55.555660247802734
2024-01-30,62.66261291503906,172.05999755859375,191.58999633789062,159.0,396.577392578125,56.28499984741211,691.1065063476562,477.4687805175781,200.44000244140625,55.713783264160156
2024-01-31,61.41783905029297,167.69000244140625,187.2899932861328,155.1999969482422,386.7438049316406,56.4109992980957,685.3270874023438,485.17681884765625,211.0399932861328,55.332435607910156
2024-02-01,62.91516876220703,170.47999572753906,188.86000061035156,159.27999877929688,391.3434143066406,56.750999450683594,695.8164672851562,480.8155517578125,209.80999755859375,56.718299865722656
2024-02-02,66.04261016845703,177.66000366210938,187.91000366210938,171.80999755859375,470.8551330566406,56.4640007019043,700.7548828125,483.7452392578125,209.3800048828125,56.309059143066406
2024-02-05,69.20899200439453,174.22999572753906,181.05999755859375,170.30999755859375,455.4107971191406,56.20600128173828,702.4143676757812,476.8525695800781,206.6300048828125,55.84400177001953
2024-02-06,68.10195922851562,167.8800048828125,185.10000610351562,169.14999389648438,450.7616271972656,55.5880012512207,702.0487670898438,484.162353515625,208.5800018310547,55.75098419189453
2024-02-07,69.97461700439453,170.94000244140625,187.5800018310547,170.52999877929688,465.50213623046875,55.93000030517578,710.9283447265625,492.4296875,211.9199981689453,55.79749298095703
2024-02-08,69.5174331665039,169.35000610351562,189.55999755859375,169.83999633789062,465.9085388183594,55.85300064086914,715.2543334960938,493.0933837890625,209.22000122070312,55.64867401123047
2024-02-09,72.00501251220703,172.47999572753906,193.57000732421875,174.4499969482422,464.0350341796875,56.13199996948242,714.5037841796875,491.3204345703125,209.1999969482422,55.397544860839844
2024-02-12,72.11980438232422,171.91000366210938,188.1300048828125,172.33999633789062,464.81817626953125,55.78499984741211,713.52587890625,490.7705993652344,209.3300018310547,55.52775573730469
2024-02-13,72.00003051757812,171.5399932861328,184.02000427246094,168.63999938964844,456.11456298828125,55.45199966430664,705.46630859375,490.0215759277344,204.4600067138672,55.20221710205078
2024-02-14,73.76889038085938,178.6999969482422,188.7100067138672,170.97999572753906,469.1600341796875,57.93299865722656,713.298828125,490.10693359375,203.3800048828125,55.14641189575195
2024-02-15,72.5290756225586,176.75999450683594,200.4499969482422,169.8000030517578,479.8164978027344,59.34600067138672,715.6001586914062,493.8424072265625,205.3300018310547,55.24872589111328
2024-02-16,72.4841537475586,173.8699951171875,199.9499969482422,169.50999450683594,469.1996765136719,58.39500045776367,715.0866088867188,494.47760009765625,203.88999938964844,55.23942184448242
2024-02-20,69.32877349853516,165.69000244140625,193.75999450683594,167.0800018310547,467.6434020996094,57.51300048828125,716.7656860351562,494.0130310058594,203.3699951171875,56.4578742980957
2024-02-21,67.35227966308594,164.2899932861328,194.77000427246094,168.58999633789062,464.4480285644531,57.334999084472656,714.1285400390625,494.87579345703125,201.57000732421875,56.96012878417969
2024-02-22,78.39865112304688,181.86000061035156,197.41000366210938,174.5800018310547,482.40948486328125,58.84700012207031,725.3685913085938,499.170654296875,201.5,56.87642288208008
2024-02-23,78.67716217041016,176.52000427246094,191.97000122070312,174.99000549316406,480.3255615234375,58.35599899291992,728.8551025390625,499.87225341796875,200.8300018310547,56.92292785644531
2024-02-26,78.9516830444336,176.00999450683594,199.39999389648438,174.72999572753906,478.0530700683594,58.76499938964844,736.1838989257812,498.05194091796875,200.5399932861328,56.467166900634766
2024-02-27,78.56135559082031,178.0,199.72999572753906,173.5399932861328,483.3224182128906,60.16699981689453,735.5516967773438,486.7696228027344,201.39999389648438,56.12303924560547
2024-02-28,77.52520751953125,176.5399932861328,202.0399932861328,173.16000366210938,480.3156433105469,59.64799880981445,738.7618408203125,472.4154968261719,207.0,56.178836822509766
2024-02-29,78.97164154052734,192.52999877929688,201.8800048828125,176.75999450683594,486.37890625,60.29199981689453,734.7418212890625,467.9784240722656,203.72000122070312,55.82539749145508
2024-03-01,82.13301086425781,202.63999938964844,202.63999938964844,178.22000122070312,498.4556884765625,61.933998107910156,740.2236328125,464.1196594238281,200.0,55.3696403503418
2024-03-04,85.08574676513672,205.36000061035156,188.13999938964844,177.5800018310547,494.3772277832031,61.58300018310547,749.8438110351562,456.8572998046875,200.5399932861328,55.63007354736328
2024-03-05,85.81550598144531,205.1300048828125,180.74000549316406,174.1199951171875,486.46820068359375,59.849998474121094,750.604248046875,448.58990478515625,201.13999938964844,55.36033630371094
2024-03-06,88.5467758178711,210.6300048828125,176.5399932861328,173.50999450683594,492.2932434082031,59.76900100708008,763.7308959960938,448.0685119628906,201.0,55.38823699951172
2024-03-07,92.50891876220703,211.3800048828125,178.64999389648438,176.82000732421875,508.27001953125,60.85100173950195,775.928955078125,453.92767333984375,203.02999877929688,55.28593063354492
2024-03-08,87.37678527832031,207.38999938964844,175.33999633789062,175.35000610351562,502.0777587890625,60.481998443603516,716.63720703125,453.6136169433594,198.49000549316406,55.36033630371094
2024-03-11,85.62582397460938,198.38999938964844,177.77000427246094,171.9600067138672,479.888916015625,60.09299850463867,705.2984008789062,465.5875549316406,192.49000549316406,56.030025482177734
2024-03-12,91.75421905517578,202.75999450683594,177.5399932861328,175.38999938964844,495.9252014160156,61.108001708984375,727.81787109375,465.7779846191406,184.24000549316406,56.271854400634766
2024-03-13,90.73098754882812,194.7899932861328,169.47999572753906,176.55999755859375,491.7772216796875,60.94499969482422,725.1709594726562,464.49298095703125,182.35000610351562,56.84851837158203
2024-03-14,87.79208374023438,187.05999755859375,162.5,178.75,488.06585693359375,61.30099868774414,722.9486083984375,465.44482421875,181.14999389648438,56.721954345703125
2024-03-15,87.68526458740234,191.05999755859375,163.57000732421875,174.4199981689453,480.3950500488281,60.5880012512207,716.7063598632812,467.17718505859375,182.52999877929688,56.14067459106445
2024-03-18,88.30220031738281,190.64999389648438,173.8000030517578,174.47999572753906,493.1764221191406,61.8390007019043,722.5436401367188,463.5887451171875,179.83999633789062,56.375057220458984
2024-03-19,89.24356079101562,181.4199981689453,171.32000732421875,175.89999389648438,492.4420471191406,62.07400131225586,723.1659545898438,469.5567321777344,181.13999938964844,56.468814849853516
2024-03-20,90.21588897705078,179.72999572753906,175.66000366210938,178.14999389648438,501.65106201171875,62.76900100708008,731.6107177734375,470.4228820800781,187.77999877929688,56.956336975097656
2024-03-21,91.27703857421875,178.67999267578125,172.82000732421875,178.14999389648438,503.87396240234375,62.270999908447266,733.4281005859375,468.0052185058594,187.6999969482422,56.693824768066406
2024-03-22,94.12611389160156,179.64999389648438,170.8300018310547,178.8699951171875,505.67999267578125,62.80099868774414,725.7634887695312,466.46331787109375,188.85000610351562,56.71257781982422
2024-03-25,94.837890625,178.6300048828125,172.6300048828125,179.7100067138672,499.1701965332031,62.74599838256836,721.9708251953125,462.4751281738281,191.41000366210938,56.62819290161133
2024-03-26,92.4011001586914,177.8699951171875,177.6699981689453,178.3000030517578,492.09478759765625,62.92399978637695,721.9905395507812,468.5953674316406,187.5,56.759456634521484
2024-03-27,90.0940933227539,179.58999633789062,179.8300018310547,179.8300018310547,490.0802917480469,61.35300064086914,723.0770874023438,469.34735107421875,191.9499969482422,57.218849182128906
2024-03-28,90.19992065429688,180.49000549316406,175.7899932861328,180.3800048828125,481.8636779785156,60.733001708984375,723.6202392578125,470.8702392578125,192.99000549316406,57.35948181152344
2024-04-01,90.2069091796875,183.33999633789062,175.22000122070312,180.97000122070312,487.58953857421875,61.430999755859375,712.3703002929688,466.111083984375,189.5,56.890708923339844
2024-04-02,89.29747772216797,178.6999969482422,166.6300048828125,180.69000244140625,493.5634460449219,61.42100143432617,702.5525512695312,436.07135009765625,188.0399932861328,56.39381408691406
2024-04-03,88.81031799316406,180.77000427246094,168.3800048828125,182.41000366210938,502.8617858886719,63.007999420166016,697.0115966796875,437.59429931640625,184.9199981689453,56.09379196166992
2024-04-04,85.756591796875,165.8300018310547,171.11000061035156,180.0,507.0097961425781,61.7140007019043,696.2115478515625,433.4443359375,183.2899932861328,55.596885681152344
2024-04-05,87.85597229003906,170.4199981689453,164.89999389648438,185.07000732421875,523.3040771484375,63.61800003051758,704.9427490234375,433.7869567871094,183.13999938964844,55.793766021728516
2024-04-08,86.98248291015625,169.89999389648438,172.97999572753906,185.19000244140625,515.2760009765625,62.840999603271484,703.0562744140625,434.034423828125,181.55999755859375,55.56875991821289
2024-04-09,85.20654296875,170.77999877929688,176.8800048828125,185.6699981689453,512.9440307617188,61.81999969482422,709.7529907226562,437.57525634765625,178.1199951171875,55.99066162109375
2024-04-10,86.8886489868164,167.13999938964844,171.75999450683594,185.9499969482422,515.8515625,61.858001708984375,713.69384765625,428.37103271484375,174.6300048828125,55.24061584472656
2024-04-11,90.45945739746094,170.5,174.60000610351562,189.0500030517578,519.1561279296875,62.87799835205078,723.3436889648438,420.4423522949219,173.36000061035156,55.36249923706055
2024-04-12,88.03365325927734,163.27999877929688,171.0500030517578,186.1300048828125,507.98223876953125,62.28300094604492,722.3165283203125,418.043701171875,169.5500030517578,54.64057922363281
2024-04-15,85.8524169921875,160.32000732421875,161.47999572753906,183.6199951171875,496.4016418457031,60.71500015258789,709.44677734375,424.16400146484375,167.82000732421875,54.50932312011719
2024-04-16,87.26399230957031,163.4600067138672,157.11000061035156,183.32000732421875,495.9351806640625,61.75199890136719,707.1651000976562,446.30352783203125,170.5500030517578,54.434322357177734
2024-04-17,83.88983154296875,154.02000427246094,155.4499969482422,181.27999877929688,490.387939453125,61.36899948120117,706.3948364257812,455.9170227050781,170.2100067138672,54.856224060058594
2024-04-18,84.52471160888672,155.0800018310547,149.92999267578125,179.22000122070312,497.9595031738281,61.055999755859375,702.5032958984375,469.4234924316406,170.22999572753906,55.231239318847656
2024-04-19,76.06835174560547,146.63999938964844,147.0500030517578,174.6300048828125,477.3882141113281,55.50400161743164,700.7846069335938,476.99053955078125,169.82000732421875,56.412559509277344
2024-04-22,79.38062286376953,148.63999938964844,142.0500030517578,177.22999572753906,478.0431823730469,55.459999084472656,706.6614379882812,467.5674133300781,170.47999572753906,56.768829345703125
2024-04-23,82.28060150146484,152.27000427246094,144.67999267578125,179.5399932861328,492.3031921386719,57.775001525878906,713.7926025390625,462.7606506347656,169.17999267578125,56.85321044921875
2024-04-24,79.53935241699219,151.74000549316406,162.1300048828125,176.58999633789062,489.7230529785156,55.512001037597656,714.9876708984375,463.8266906738281,164.3300018310547,57.70637893676758
2024-04-25,82.4892578125,153.75999450683594,170.17999267578125,173.6699981689453,438.001953125,56.47999954223633,714.1270751953125,470.0707092285156,166.80999755859375,57.884517669677734
2024-04-26,87.58345031738281,157.39999389648438,168.2899932861328,179.6199951171875,439.8973388671875,56.12300109863281,721.36865234375,471.48895263671875,167.22000122070312,57.884517669677734
2024-04-29,87.60541534423828,160.1999969482422,194.0500030517578,180.9600067138672,429.30902099609375,55.94900131225586,718.5491943359375,465.4733581542969,173.49000549316406,58.1657829284668
2024-04-30,86.25274658203125,158.3800048828125,183.27999877929688,175.0,426.8778076171875,55.06399917602539,715.1559448242188,460.400146484375,167.83999633789062,57.91264724731445
2024-05-01,82.89754486083984,144.27000427246094,179.99000549316406,179.0,435.8287353515625,55.17100143432617,714.4832763671875,460.79034423828125,171.4600067138672,58.06265640258789
2024-05-02,85.66874694824219,146.16000366210938,180.00999450683594,184.72000122070312,438.2996826171875,56.51499938964844,724.59375,469.2235412597656,178.85000610351562,58.1189079284668
2024-05-03,88.6356201171875,150.60000610351562,181.19000244140625,186.2100067138672,448.5010070800781,57.933998107910156,735.9310913085938,468.7286376953125,179.7899932861328,58.28765869140625
2024-05-06,91.98082733154297,155.77999877929688,184.75999450683594,188.6999969482422,462.1159973144531,59.696998596191406,748.3465576171875,470.565673828125,178.35000610351562,58.456424713134766
2024-05-07,90.39756774902344,154.42999267578125,177.80999755859375,188.75999450683594,464.6563720703125,60.599998474121094,763.0473022460938,476.8287048339844,176.7100067138672,58.709564208984375
2024-05-08,90.25581359863281,153.6199951171875,174.72000122070312,188.0,468.9830627441406,60.946998596191406,755.2319946289062,478.9703063964844,180.35000610351562,58.92519760131836
2024-05-09,88.59368896484375,152.38999938964844,171.97000122070312,189.5,471.781494140625,61.20899963378906,770.6944580078125,482.6063232421875,181.25,58.95332717895508
2024-05-10,89.72273254394531,151.9199981689453,168.47000122070312,187.47999572753906,472.55548095703125,61.08700180053711,778.7572631835938,488.1078796386719,178.50999450683594,59.309593200683594
2024-05-13,90.24282836914062,150.55999755859375,171.88999938964844,186.57000732421875,464.4281311035156,61.659000396728516,766.8462524414062,487.0894470214844,178.44000244140625,59.609615325927734
2024-05-14,91.19818115234375,153.16000366210938,177.5500030517578,187.07000732421875,468.2387390136719,61.36600112915039,769.5668334960938,489.1263732910156,180.75999450683594,59.159584045410156
2024-05-15,94.4665298461914,159.6699981689453,173.99000549316406,185.99000549316406,477.8545837402344,61.35200119018555,778.6088256835938,492.6195373535156,176.99000549316406,59.18771743774414
2024-05-16,94.19600677490234,162.6199951171875,174.83999633789062,183.6300048828125,469.60821533203125,61.051998138427734,784.57421875,496.1603698730469,182.9600067138672,59.36585235595703
2024-05-17,92.3192367553711,164.47000122070312,177.4600067138672,184.6999969482422,468.2983093261719,62.11000061035156,787.284912109375,499.3585205078125,184.9499969482422,59.09395980834961
2024-05-20,94.61626434326172,166.3300018310547,174.9499969482422,183.5399932861328,465.25177001953125,64.08200073242188,784.5049438476562,492.3149719238281,186.61000061035156,58.66268539428711
2024-05-21,95.22122192382812,164.66000366210938,186.60000610351562,183.14999389648438,461.07403564453125,65.06099700927734,792.3501586914062,498.3305358886719,184.77999877929688,58.9814567565918
2024-05-22,94.78596496582031,165.52000427246094,180.11000061035156,183.1300048828125,464.1999206542969,64.0469970703125,793.2700805664062,496.2365417480469,186.27999877929688,59.065834045410156
2024-05-23,103.61969757080078,160.42999267578125,173.74000549316406,181.0500030517578,462.2151794433594,63.56700134277344,787.8092041015625,491.93426513671875,172.2100067138672,58.21266174316406
2024-05-24,106.28507232666016,166.36000061035156,179.24000549316406,180.75,474.56005859375,64.67500305175781,801.0557861328125,483.6914367675781,174.52000427246094,58.1282844543457
2024-05-28,113.70423126220703,171.61000061035156,176.75,182.14999389648438,476.2470397949219,64.9000015258789,804.4589233398438,479.417724609375,175.0800018310547,57.95951843261719
2024-05-29,114.62664031982422,165.13999938964844,176.19000244140625,182.02000427246094,470.7295227050781,65.46199798583984,797.8801879882812,461.3709716796875,171.64999389648438,57.84701156616211
2024-05-30,110.3091049194336,166.75,178.7899932861328,179.32000732421875,463.4754638671875,64.76599884033203,806.6056518554688,458.4488830566406,172.75,58.10015106201172
2024-05-31,109.44361114501953,166.89999389648438,178.0800018310547,176.44000244140625,463.25714111328125,64.16200256347656,801.2140502929688,471.5079650878906,177.61000061035156,59.00020980834961
2024-06-03,114.80134582519531,163.5500030517578,176.2899932861328,178.33999633789062,473.8355712890625,63.37900161743164,806.6551513671875,473.47821044921875,184.57000732421875,59.00020980834961
2024-06-04,116.23585510253906,159.99000549316406,174.77000427246094,179.33999633789062,473.3393859863281,63.1619987487793,818.5266723632812,481.1404724121094,188.6199951171875,59.9471321105957
2024-06-05,122.22848510742188,166.1699981689453,175.0,181.27999877929688,491.2711181640625,65.0270004272461,825.362548828125,478.8846435546875,189.85000610351562,59.928382873535156
2024-06-06,120.7889633178711,166.77999877929688,177.94000244140625,185.0,489.98114013671875,64.85199737548828,833.6132202148438,477.7424621582031,191.4199981689453,60.144020080566406
2024-06-07,120.67916107177734,167.8699951171875,177.47999572753906,184.3000030517578,489.187255859375,64.14700317382812,836.521728515625,467.053466796875,190.24000549316406,59.919010162353516
2024-06-10,121.5796127319336,160.33999633789062,173.7899932861328,187.05999755859375,498.75341796875,64.44999694824219,839.2522583007812,471.1557922363281,190.1199951171875,59.618988037109375
2024-06-11,120.71105194091797,158.9600067138672,170.66000366210938,187.22999572753906,503.58612060546875,64.8550033569336,840.2117309570312,472.3170166015625,185.5,59.58148193359375
2024-06-12,124.99398040771484,160.24000549316406,177.2899932861328,186.88999938964844,504.9456481933594,65.00599670410156,838.7278442382812,469.31878662109375,182.6699981689453,58.95332717895508
2024-06-13,129.39674377441406,159.89999389648438,182.47000122070312,183.8300018310547,500.241943359375,65.32599639892578,836.8977661132812,473.3450012207031,180.6999969482422,59.05645751953125
2024-06-14,131.66302490234375,159.6300048828125,178.00999450683594,183.66000366210938,500.7982482910156,66.93800354003906,846.5037231445312,473.17364501953125,177.27000427246094,59.09897232055664
2024-06-17,130.7644805908203,158.39999389648438,187.44000244140625,184.05999755859375,503.2517395019531,67.58300018310547,858.6124877929688,467.63922119140625,178.38999938964844,59.16511154174805
2024-06-18,135.35690307617188,154.6300048828125,184.86000061035156,182.80999755859375,496.1593322753906,68.56700134277344,861.422119140625,459.8201904296875,174.99000549316406,59.174560546875
2024-06-20,130.56483459472656,161.77999877929688,181.57000732421875,186.10000610351562,498.3546142578125,67.90299987792969,853.201171875,463.1370544433594,176.3000030517578,58.7493896484375
2024-06-21,126.36173248291016,161.22999572753906,183.00999450683594,189.0800018310547,491.48077392578125,68.61199951171875,839.2224731445312,461.292236328125,176.55999755859375,59.30683135986328
2024-06-24,117.91563415527344,160.25,182.5800018310547,185.57000732421875,495.583251953125,66.9020004272461,839.0740966796875,468.35614013671875,179.10000610351562,60.44063186645508
2024-06-25,125.88251495361328,160.25,187.35000610351562,186.33999633789062,507.1952819824219,67.24099731445312,846.3453979492188,463.11798095703125,175.10000610351562,60.317806243896484
2024-06-26,126.19200897216797,157.5399932861328,196.3699951171875,193.61000061035156,509.69842529296875,67.76899719238281,847.6611328125,462.6783142089844,178.5,60.51622009277344
2024-06-27,123.78597259521484,159.47000122070312,197.4199981689453,197.85000610351562,516.0955200195312,68.43399810791016,841.5076904296875,464.9723815917969,182.50999450683594,60.383941650390625
2024-06-28,123.33671569824219,162.2100067138672,197.8800048828125,193.25,500.85784912109375,67.48799896240234,840.8844604492188,486.7852783203125,182.00999450683594,60.13828659057617
2024-07-01,124.09547424316406,157.69000244140625,209.86000061035156,197.1999969482422,501.314697265625,67.36100006103516,836.6107177734375,472.82000732421875,186.6999969482422,59.7886962890625
2024-07-02,122.4681396484375,164.30999755859375,231.25999450683594,200.0,506.10260009765625,67.95800018310547,850.1541137695312,476.2515869140625,185.4199981689453,59.665870666503906
2024-07-03,128.0689239501953,163.89999389648438,246.38999938964844,197.58999633789062,506.5595397949219,68.2509994506836,853.4188232421875,468.2701416015625,184.30999755859375,59.83594512939453
2024-07-05,125.62294006347656,171.89999389648438,251.52000427246094,200.0,536.309814453125,69.06500244140625,876.1822509765625,466.4730529785156,184.8300018310547,60.24221420288086
2024-07-08,127.98902130126953,178.69000244140625,252.94000244140625,199.2899932861328,525.7904663085938,68.5739974975586,871.404052734375,467.7443542480469,185.83999633789062,59.48634719848633
2024-07-09,131.16383361816406,177.10000610351562,262.3299865722656,199.33999633789062,526.4659423828125,68.5739974975586,877.349609375,470.39208984375,183.24000549316406,59.23124694824219
2024-07-10,134.6880340576172,183.9600067138672,263.260009765625,199.7899932861328,531.1246948242188,67.76499938964844,874.8367309570312,478.8228759765625,183.72999572753906,59.363525390625
2024-07-11,127.19037628173828,181.94000244140625,241.02999877929688,195.0500030517578,509.28131103515625,65.2750015258789,837.5208740234375,482.10150146484375,183.91000366210938,59.61862564086914
2024-07-12,129.02732849121094,181.61000061035156,248.22999572753906,194.49000549316406,495.5434875488281,64.76000213623047,833.8704223632812,488.955078125,182.30999755859375,60.18552017211914
2024-07-15,128.2286376953125,179.8300018310547,252.63999938964844,192.72000122070312,492.85162353515625,65.6449966430664,839.6380615234375,492.62567138671875,179.11000061035156,59.91152572631836
2024-07-16,126.1520767211914,177.5500030517578,256.55999755859375,193.02000427246094,486.5240478515625,65.63200378417969,841.6561279296875,524.6470947265625,186.0500030517578,60.72407913208008
2024-07-17,117.79584503173828,159.42999267578125,248.5,187.92999267578125,458.90936279296875,64.74600219726562,837.2142944335938,547.97998046875,184.83999633789062,61.612220764160156
2024-07-18,120.89073944091797,155.77000427246094,249.22999572753906,183.75,472.6770324707031,64.30400085449219,830.3782958984375,539.4345092773438,180.22999572753906,61.59331512451172
2024-07-19,117.73594665527344,151.5800018310547,239.1999969482422,183.1300048828125,473.6107482910156,63.33399963378906,829.1515502929688,540.3807373046875,179.6699981689453,61.687801361083984
2024-07-22,123.33671569824219,155.8699951171875,251.50999450683594,182.5500030517578,484.1499938964844,64.75,838.342041015625,533.8809204101562,178.89999389648438,61.19647979736328
2024-07-23,122.3882827758789,154.0,246.3800048828125,186.41000366210938,485.4313659667969,64.2760009765625,842.9817504882812,530.2199096679688,186.47999572753906,61.37600326538086
2024-07-24,114.06201171875,144.6300048828125,215.99000549316406,180.8300018310547,458.1941833496094,63.5989990234375,821.9197387695312,535.0469970703125,180.07000732421875,62.179107666015625
2024-07-25,112.09523010253906,138.32000732421875,220.25,179.85000610351562,450.38665771484375,63.409000396728516,807.2091064453125,534.9801025390625,184.35000610351562,62.42477035522461
2024-07-26,112.87394714355469,139.99000549316406,219.8000030517578,182.5,462.59466552734375,63.137001037597656,809.9929809570312,544.5769653320312,186.88999938964844,63.350704193115234
2024-07-29,111.40637969970703,139.75,232.10000610351562,183.1999969482422,462.6046142578125,62.69599914550781,807.971923828125,541.7380981445312,185.42999267578125,63.14284133911133
2024-07-30,103.55931091308594,138.44000244140625,222.6199951171875,181.7100067138672,460.1014404296875,62.257999420166016,802.4934692382812,550.8953247070312,186.86000061035156,63.945926666259766
2024-07-31,116.82742309570312,144.47999572753906,232.07000732421875,186.97999572753906,471.6637878417969,62.834999084472656,814.35205078125,550.7327880859375,190.60000610351562,63.057804107666016
2024-08-01,109.0302963256836,132.5399932861328,216.86000061035156,184.07000732421875,494.4210510253906,62.48500061035156,809.2896118164062,547.492431640625,178.30999755859375,64.21048736572266
2024-08-02,107.09347534179688,132.5,207.6699981689453,167.89999389648438,484.8850402832031,61.36399841308594,814.4313354492188,563.799560546875,169.9499969482422,65.50492095947266
2024-08-05,100.28471374511719,134.82000732421875,198.8800048828125,161.02000427246094,472.5577697753906,59.85499954223633,794.3698120117188,544.8064575195312,167.02999877929688,64.34276580810547
2024-08-06,104.07845306396484,130.17999267578125,200.63999938964844,161.92999267578125,490.7953186035156,60.957000732421875,809.27978515625,543.2675170898438,165.0399932861328,64.2955322265625
2024-08-07,98.74724578857422,128.6699981689453,191.75999450683594,162.77000427246094,485.65985107421875,61.14799880981445,802.7608642578125,541.09765625,163.24000549316406,64.68291473388672
2024-08-08,104.79727935791016,136.32000732421875,198.83999633789062,165.8000030517578,506.23175048828125,63.03499984741211,831.6198120117188,541.2506103515625,168.8699951171875,64.9380111694336
2024-08-09,104.57762908935547,134.27000427246094,200.0,166.94000244140625,514.3174438476562,63.39400100708008,846.9756469726562,534.1007690429688,167.91000366210938,64.8907699584961
2024-08-12,108.84061431884766,136.77000427246094,197.49000549316406,166.8000030517578,512.5096435546875,63.31399917602539,855.5352172851562,540.3425903320312,164.1300048828125,64.40890502929688
2024-08-13,115.94889068603516,141.1300048828125,207.8300018310547,170.22999572753906,525.0156860351562,64.802001953125,856.7737426757812,548.8975219726562,168.75999450683594,64.68291473388672
2024-08-14,117.88571166992188,140.75,201.3800048828125,170.10000610351562,523.24755859375,66.16799926757812,854.6832885742188,554.0878295898438,168.5,64.79627990722656
2024-08-15,122.6578369140625,147.36000061035156,214.13999938964844,177.58999633789062,533.7470703125,66.3219985961914,869.18701171875,554.0305786132812,176.41000366210938,64.86243438720703
2024-08-16,124.375,148.55999755859375,216.1199951171875,177.05999755859375,523.903076171875,67.40699768066406,862.489990234375,552.185791015625,179.99000549316406,65.36317443847656
2024-08-19,129.78607177734375,155.27999877929688,222.72000122070312,178.22000122070312,525.7507934570312,68.85299682617188,864.2335205078125,553.2371826171875,179.63999938964844,65.17422485351562
2024-08-20,127.04061889648438,156.39999389648438,221.10000610351562,178.8800048828125,523.2177734375,69.85399627685547,868.0477294921875,555.024658203125,172.10000610351562,65.55213928222656
2024-08-21,128.28854370117188,157.80999755859375,223.27000427246094,180.11000061035156,531.591552734375,69.71199798583984,873.21923828125,552.5585327148438,173.42999267578125,65.73165893554688
2024-08-22,123.53638458251953,151.6999969482422,210.66000366210938,176.1300048828125,528.3829956054688,68.89600372314453,869.3951416015625,553.1798706054688,172.75999450683594,65.50492095947266
2024-08-23,129.15711975097656,154.97999572753906,220.32000732421875,177.0399932861328,524.4793090820312,68.6729965209961,871.0298461914062,558.7144165039062,174.9600067138672,65.93952178955078
2024-08-26,126.25191497802734,149.99000549316406,213.2100067138672,175.5,517.6452026367188,68.84400177001953,884.2060546875,561.2186279296875,173.47999572753906,66.93159484863281
2024-08-27,128.0889129638672,150.5,209.2100067138672,173.1199951171875,515.6385498046875,69.5719985961914,900.4435424804688,561.4290161132812,173.0500030517578,67.55519104003906
2024-08-28,125.40331268310547,146.36000061035156,205.75,170.8000030517578,513.3341064453125,68.38400268554688,879.7875366210938,562.5664672851562,170.7100067138672,67.7913818359375
2024-08-29,117.39649200439453,145.49000549316406,206.27999877929688,172.1199951171875,514.7644653320312,69.24800109863281,878.3807373046875,565.4627075195312,172.25999450683594,68.07484436035156
2024-08-30,119.173583984375,148.55999755859375,214.11000061035156,178.5,517.8338623046875,70.13500213623047,884.0773315429688,564.1532592773438,173.74000549316406,68.4716567993164
2024-09-03,107.82228088378906,136.94000244140625,210.60000610351562,176.25,508.3475341796875,67.53199768066406,870.3956298828125,572.2589111328125,161.02000427246094,68.98188018798828
2024-09-04,106.03523254394531,140.8699951171875,219.41000366210938,173.3300018310547,509.3209533691406,67.96800231933594,881.7391357421875,577.5161743164062,163.22000122070312,68.55670166015625
2024-09-05,107.03359985351562,139.44000244140625,230.1699981689453,177.88999938964844,513.41357421875,68.36199951171875,877.7367553710938,569.2096557617188,162.14999389648438,67.2433853149414
2024-09-06,102.6607894897461,134.35000610351562,210.72999572753906,171.38999938964844,496.9342041015625,66.5770034790039,868.5233764648438,570.538330078125,157.6199951171875,67.21504211425781
2024-09-09,106.29480743408203,138.14999389648438,216.27000427246094,175.39999389648438,501.4240417480469,67.54199981689453,888.1489868164062,567.8809814453125,162.91000366210938,67.8858642578125
2024-09-10,107.92211151123047,142.83999633789062,226.1699981689453,179.5500030517578,501.4240417480469,67.36199951171875,885.9694213867188,572.5936279296875,160.07000732421875,67.6024169921875
2024-09-11,116.71762084960938,149.86000061035156,228.1300048828125,184.52000427246094,508.41705322265625,68.14700317382812,892.0225830078125,563.7230224609375,161.3300018310547,67.15835571289062
2024-09-12,118.95413208007812,150.77000427246094,229.80999755859375,187.0,522.0952758789062,68.68000030517578,906.5165405273438,562.4517211914062,162.77000427246094,67.30007934570312
2024-09-13,118.9141845703125,152.30999755859375,230.2899932861328,186.49000549316406,521.121826171875,69.70600128173828,907.4774169921875,568.0914306640625,156.77000427246094,67.93269348144531
2024-09-16,116.59780883789062,152.0800018310547,226.77999877929688,184.88999938964844,530.2293701171875,69.6500015258789,899.4231567382812,565.1368408203125,155.5500030517578,68.58909606933594
2024-09-17,115.40966033935547,150.82000732421875,227.8699951171875,186.8800048828125,533.2520141601562,70.69100189208984,888.9217529296875,554.412353515625,156.38999938964844,68.30370330810547
2024-09-18,113.19313049316406,148.2899932861328,227.1999969482422,186.42999267578125,534.872802734375,69.0469970703125,884.2160034179688,556.9927368164062,155.11000061035156,68.25614166259766
2024-09-19,117.68611907958984,156.74000549316406,243.9199981689453,189.8699951171875,555.901611328125,70.43199920654297,892.3594360351562,553.55859375,154.58999633789062,67.18116760253906
2024-09-20,115.81903076171875,155.9499969482422,238.25,191.60000610351562,558.1388549804688,70.10299682617188,898.5413818359375,551.5729370117188,153.2899932861328,68.1514892578125
2024-09-23,116.07862854003906,156.75,250.0,193.8800048828125,561.1813354492188,70.53700256347656,908.5474243164062,550.0477294921875,156.3000030517578,68.23711395263672
2024-09-24,120.68142700195312,158.32000732421875,254.27000427246094,193.9600067138672,560.1076049804688,72.22599792480469,893.1519775390625,551.7551879882812,155.80999755859375,67.8565902709961
2024-09-25,123.31730651855469,162.02000427246094,257.0199890136719,192.52999877929688,565.0589599609375,72.15599822998047,899.968017578125,552.8296508789062,152.22000122070312,67.97074890136719
2024-09-26,123.84648132324219,167.49000549316406,254.22000122070312,191.16000366210938,564.5917358398438,71.14299774169922,893.052978515625,551.390625,154.5800018310547,67.92317962646484
2024-09-27,121.21060943603516,164.35000610351562,260.4599914550781,187.97000122070312,564.1144409179688,70.73500061035156,877.3800659179688,558.143798828125,156.32000732421875,68.294189453125
2024-09-30,121.25054168701172,164.0800018310547,261.6300048828125,186.3300018310547,569.1654052734375,70.927001953125,878.2717895507812,560.8585815429688,152.0399932861328,68.36077880859375
2024-10-01,116.81746673583984,159.75,258.0199890136719,185.1300048828125,573.1722412109375,70.61299896240234,869.216796875,559.5348510742188,154.22000122070312,68.21808624267578
2024-10-02,118.66458129882812,159.77999877929688,249.02000427246094,184.75999450683594,569.5332641601562,71.10900115966797,870.3560791015625,568.1776733398438,152.88999938964844,67.55218505859375
2024-10-03,122.65834045410156,162.85000610351562,240.66000366210938,181.9600067138672,579.436279296875,70.68000030517578,867.5226440429688,568.5997924804688,150.52000427246094,67.08602142333984
2024-10-04,124.72511291503906,170.89999389648438,250.0800018310547,186.50999450683594,592.5309448242188,71.97000122070312,874.8935546875,567.1129760742188,155.0,66.75306701660156
2024-10-07,127.52073669433594,170.97000122070312,240.8300018310547,180.8000030517578,581.4349365234375,70.19200134277344,865.4620971679688,559.7842407226562,155.91000366210938,65.64956665039062
2024-10-08,132.68267822265625,172.8000030517578,244.5,182.72000122070312,589.4984741210938,72.1760025024414,882.1354370117188,557.8848266601562,154.64999389648438,65.81128692626953
2024-10-09,132.4430389404297,171.02000427246094,241.0500030517578,185.1699981689453,587.1320190429688,72.74299621582031,900.6416625976562,567.1321411132812,149.3699951171875,66.18228912353516
2024-10-10,134.59967041015625,164.17999267578125,238.77000427246094,186.64999389648438,580.490234375,73.02899932861328,885.3155517578125,573.3480834960938,146.6199951171875,65.87788391113281
2024-10-11,134.58970642089844,167.88999938964844,217.8000030517578,188.82000732421875,586.5753173828125,72.27899932861328,880.7584228515625,573.683837890625,151.02000427246094,66.18228912353516
2024-10-14,137.85462951660156,165.27000427246094,219.16000366210938,187.5399932861328,587.04248046875,71.30000305175781,881.4816284179688,580.734375,148.99000549316406,66.914794921875
2024-10-15,131.39471435546875,156.63999938964844,219.57000732421875,187.69000244140625,582.916259765625,70.5979995727539,886.2864379882812,533.625244140625,152.35000610351562,66.914794921875
2024-10-16,135.50827026367188,156.1300048828125,221.3300018310547,186.88999938964844,573.490478515625,70.19999694824219,879.1238403320312,548.0620727539062,154.89999389648438,67.13359832763672
2024-10-17,136.71636962890625,156.25,220.88999938964844,187.52999877929688,573.6296997070312,68.76499938964844,877.0531005859375,542.968505859375,155.30999755859375,66.49623107910156
2024-10-18,137.78469848632812,155.97000122070312,220.6999969482422,188.99000549316406,573.1722412109375,76.38899993896484,881.2835083007812,546.4025268554688,155.0,67.00993347167969
2024-10-21,143.4857940673828,157.89999389648438,218.85000610351562,189.07000732421875,571.8698120117188,77.20700073242188,878.5194702148438,548.1867065429688,159.82000732421875,66.06813049316406
2024-10-22,143.365966796875,154.08999633789062,217.97000122070312,189.6999969482422,578.6806030273438,76.42400360107422,885.1769409179688,546.642333984375,159.8800048828125,66.06813049316406
2024-10-23,139.34228515625,152.91000366210938,213.64999389648438,184.7100067138672,560.4655151367188,74.92900085449219,890.803955078125,541.6350708007812,157.05999755859375,64.69824981689453
2024-10-24,140.19094848632812,153.44000244140625,260.4800109863281,186.3800048828125,564.5320434570312,75.45500183105469,885.1075439453125,537.9611206054688,155.1999969482422,64.02283477783203
2024-10-25,141.31918334960938,156.22999572753906,269.19000244140625,187.8300018310547,569.9707641601562,75.46800231933594,882.927978515625,541.5582275390625,155.00999450683594,63.661338806152344
2024-10-28,140.30078125,159.9199981689453,262.510009765625,188.38999938964844,574.8527221679688,74.91200256347656,882.6703491210938,542.2105102539062,150.69000244140625,63.42350769042969
2024-10-29,141.02963256835938,166.25,259.5199890136719,190.8300018310547,589.88623046875,75.94400024414062,878.7374267578125,539.2272338867188,152.97999572753906,62.36756134033203
2024-10-30,139.12261962890625,148.60000610351562,257.54998779296875,192.72999572753906,588.41455078125,75.3740005493164,870.910888671875,540.0234985351562,154.2899932861328,62.71002960205078
2024-10-31,132.55288696289062,144.07000732421875,249.85000610351562,186.39999389648438,564.333251953125,75.60299682617188,866.0465698242188,541.500732421875,149.30999755859375,62.129737854003906
2024-11-01,135.1887664794922,141.86000061035156,248.97999572753906,197.92999267578125,563.91552734375,75.61000061035156,870.3023071289062,544.4360961914062,154.58999633789062,61.84435272216797
2024-11-04,135.83775329589844,140.7100067138672,242.83999633789062,195.77999877929688,557.47265625,75.5510025024414,878.9923706054688,535.044921875,155.07000732421875,61.939476013183594
2024-11-05,139.6917266845703,141.66000366210938,251.44000244140625,199.5,569.1553955078125,76.39099884033203,883.0595092773438,543.927734375,151.0,62.18681716918945
2024-11-06,145.38282775878906,145.10000610351562,288.5299987792969,207.08999633789062,568.777587890625,78.02100372314453,892.0670166015625,572.3792724609375,147.16000366210938,60.59813690185547
2024-11-07,148.6477508544922,149.82000732421875,296.9100036621094,210.0500030517578,588.3152465820312,79.65399932861328,906.6298217773438,580.7824096679688,150.97999572753906,60.560081481933594
2024-11-08,147.39967346191406,147.9499969482422,321.2200012207031,208.17999267578125,585.96875,79.50399780273438,936.2612915039062,590.7202758789062,151.67999267578125,60.80741882324219
2024-11-11,145.0333709716797,147.35000610351562,350.0,206.83999633789062,579.833984375,80.54399871826172,925.428466796875,599.775634765625,148.9600067138672,60.27469253540039
2024-11-12,148.0586395263672,143.6300048828125,328.489990234375,208.91000366210938,581.4744873046875,81.94999694824219,924.932373046875,589.6266479492188,145.1699981689453,60.12247848510742
2024-11-13,146.04180908203125,139.3000030517578,330.239990234375,214.10000610351562,576.68212890625,83.0469970703125,926.2716064453125,581.1852416992188,139.97000122070312,59.93222427368164
2024-11-14,146.53102111816406,138.83999633789062,311.17999267578125,211.47999572753906,573.8584594726562,83.72599792480469,916.51025390625,568.9834594726562,138.13999938964844,59.50413131713867
2024-11-15,141.75848388671875,134.89999389648438,320.7200012207031,202.61000061035156,550.9103393554688,82.39600372314453,899.8245239257812,568.1009521484375,140.19000244140625,58.73357391357422
2024-11-18,139.93133544921875,138.92999267578125,338.739990234375,201.6999969482422,551.2285766601562,84.70500183105469,912.165283203125,565.6260986328125,143.8699951171875,58.84773635864258
2024-11-19,146.7806396484375,139.38999938964844,346.0,204.61000061035156,557.8802490234375,87.13200378417969,922.7202758789062,553.491455078125,145.60000610351562,59.54218292236328
2024-11-20,145.6623992919922,137.60000610351562,342.0299987792969,202.8800048828125,562.284912109375,88.38500213623047,920.6668090820312,576.0340576171875,146.0800018310547,59.92271423339844
2024-11-21,146.44119262695312,137.49000549316406,339.6400146484375,198.3800048828125,559.868896484375,89.74800109863281,948.0164794921875,573.1466064453125,143.41000366210938,60.65521240234375
2024-11-22,141.72854614257812,138.35000610351562,352.55999755859375,197.1199951171875,555.9415283203125,89.77899932861328,956.309814453125,566.7963256835938,149.2899932861328,60.80741882324219
2024-11-25,135.8077850341797,141.1300048828125,338.5899963378906,201.4499969482422,561.8772583007812,86.55899810791016,953.2146606445312,581.1467895507812,153.10000610351562,61.24501419067383
2024-11-26,136.70639038085938,137.72000122070312,338.2300109863281,207.86000061035156,570.259033203125,87.26000213623047,963.739990234375,582.0676879882812,150.75999450683594,61.406742095947266
2024-11-27,135.1288604736328,136.24000549316406,332.8900146484375,205.74000549316406,565.9439697265625,87.73400115966797,953.869384765625,583.593017578125,152.39999389648438,61.29258728027344
2024-11-29,138.03431701660156,137.17999267578125,345.1600036621094,207.88999938964844,571.0346069335938,88.68099975585938,964.116943359375,585.3387451171875,155.44000244140625,61.42198944091797
2024-12-02,138.41372680664062,142.05999755859375,357.0899963378906,210.7100067138672,589.4387817382812,89.77400207519531,967.2119750976562,583.727294921875,156.5399932861328,61.009822845458984
2024-12-03,140.0411834716797,141.97999572753906,351.4200134277344,213.44000244140625,610.1396484375,90.21700286865234,974.304931640625,580.5712890625,155.0,60.885215759277344
2024-12-04,144.91355895996094,143.99000549316406,357.92999267578125,218.16000366210938,610.2688598632812,91.10600280761719,983.0047607421875,585.9048461914062,158.27999877929688,59.629547119140625
2024-12-05,144.8436737060547,141.36000061035156,369.489990234375,220.5500030517578,605.4466552734375,91.78700256347656,974.4140014648438,555.3811645507812,156.6699981689453,60.31010055541992
2024-12-06,142.2275848388672,138.58999633789062,389.2200012207031,227.02999877929688,620.2018432617188,93.4739990234375,984.6813354492188,527.2269897460938,153.92999267578125,59.936275482177734
2024-12-09,138.60296630859375,130.8699951171875,389.7900085449219,226.08999633789062,610.06005859375,91.36900329589844,979.9691772460938,539.8414306640625,157.0399932861328,60.00337219238281
2024-12-10,134.86859130859375,127.73999786376953,400.989990234375,225.0399932861328,615.7772216796875,91.33499908447266,985.4650268554688,544.2420654296875,164.10000610351562,60.300514221191406
2024-12-11,139.10223388671875,130.14999389648438,424.7699890136719,230.25999450683594,629.0607299804688,93.65599822998047,986.7447509765625,513.7555541992188,165.9600067138672,60.041717529296875
2024-12-12,137.13519287109375,130.60000610351562,418.1000061035156,228.97000122070312,627.181640625,92.55500030517578,980.4950561523438,496.6441345214844,167.75,61.19193649291992
2024-12-13,134.0498046875,126.91000366210938,436.2300109863281,227.4600067138672,616.8013916015625,91.88700103759766,981.4473876953125,501.1891784667969,169.64999389648438,60.501808166503906
2024-12-16,131.80313110351562,126.69000244140625,463.0199890136719,232.92999267578125,621.1697387695312,92.10800170898438,984.9392700195312,480.0238342285156,173.1699981689453,59.955448150634766
2024-12-17,130.19554138183594,125.0199966430664,479.8599853515625,231.14999389648438,616.3932495117188,91.91300201416016,974.2354736328125,467.5249328613281,173.02999877929688,60.77019119262695
2024-12-18,128.71775817871094,121.41000366210938,440.1300048828125,220.52000427246094,594.2527465820312,88.95500183105469,957.0338745117188,481.1986083984375,172.6199951171875,60.24300003051758
2024-12-19,130.485107421875,118.87999725341797,436.1700134277344,223.2899932861328,592.6407470703125,90.2040023803711,947.17333984375,471.11669921875,177.0399932861328,59.85960388183594
2024-12-20,134.49911499023438,119.20999908447266,421.05999755859375,224.9199981689453,582.3715209960938,90.90499877929688,946.44921875,481.5934143066406,177.35000610351562,59.955448150634766
2024-12-23,139.46170043945312,124.5999984741211,430.6000061035156,225.05999755859375,596.899658203125,91.1449966430664,942.3223876953125,487.5732727050781,177.69000244140625,59.792503356933594
2024-12-24,140.01089477539062,126.29000091552734,462.2799987792969,229.0500030517578,604.7608032226562,93.21199798583984,951.1612548828125,487.3421630859375,179.33999633789062,60.233421325683594
2024-12-26,139.7213134765625,125.05999755859375,454.1300048828125,227.0500030517578,600.3824462890625,92.41400146484375,948.502685546875,492.2050476074219,180.3800048828125,59.9746208190918
2024-12-27,136.80567932128906,125.19000244140625,431.6600036621094,223.75,596.8598022460938,90.75499725341797,932.1940307617188,491.0880126953125,180.72000122070312,59.85960388183594
2024-12-30,137.2849578857422,122.44000244140625,417.4100036621094,221.3000030517578,588.3319702148438,90.04299926757812,914.8436279296875,488.9791564941406,176.5500030517578,59.45701599121094
2024-12-31,134.08973693847656,120.79000091552734,403.8399963378906,219.38999938964844,582.6303100585938,89.13200378417969,908.951171875,487.1110534667969,177.0,59.67747497558594
2025-01-02,138.1037139892578,120.62999725341797,379.2799987792969,220.22000122070312,596.292724609375,88.6729965209961,902.5426635742188,485.8111267089844,171.8699951171875,59.274898529052734
2025-01-03,144.25454711914062,125.37000274658203,410.44000244140625,224.19000244140625,601.6561279296875,88.1050033569336,909.2586059570312,493.9864501953125,169.89999389648438,59.18863296508789
2025-01-06,149.2071533203125,129.5500030517578,411.04998779296875,227.61000061035156,627.1004028320312,88.17900085449219,915.339599609375,494.631591796875,170.77999877929688,58.28762435913086
2025-01-07,139.93099975585938,127.33000183105469,394.3599853515625,222.11000061035156,614.8509521484375,87.91899871826172,914.0103759765625,495.19012451171875,172.50999450683594,58.316375732421875
2025-01-08,139.90106201171875,121.83999633789062,394.94000244140625,222.1300048828125,607.7161254882812,87.5,919.96240234375,505.0794677734375,171.75999450683594,59.150291442871094
2025-01-10,135.70733642578125,116.04000091552734,394.739990234375,218.94000244140625,612.8308715820312,83.76899719238281,929.4559936523438,501.3913879394531,172.0,58.53683853149414
2025-01-13,133.03131103515625,117.31999969482422,403.30999755859375,218.4600067138672,605.3379516601562,84.02899932861328,917.3137817382812,521.08349609375,170.57000732421875,59.09278106689453
2025-01-14,131.56349182128906,116.08999633789062,396.3599853515625,217.75999450683594,591.3271484375,82.83999633789062,909.9033813476562,523.5872192382812,167.02000427246094,59.46660614013672
2025-01-15,136.03683471679688,119.95999908447266,428.2200012207031,223.35000610351562,614.0847778320312,84.82599639892578,916.1233520507812,523.2789306640625,166.1999969482422,59.207801818847656
2025-01-16,133.3708038330078,118.44000244140625,413.82000732421875,220.66000366210938,608.2933959960938,84.23699951171875,912.4033203125,491.665771484375,168.92999267578125,59.66789627075195
2025-01-17,137.50462341308594,121.45999908447266,426.5,225.94000244140625,609.7561645507812,85.80999755859375,935.6561279296875,490.86651611328125,171.08999633789062,60.10881423950195
2025-01-21,140.61997985839844,122.27999877929688,424.07000732421875,230.7100067138672,613.4280395507812,86.96800231933594,940.1597900390625,505.5320129394531,175.55999755859375,59.830841064453125
2025-01-22,146.85069274902344,123.75,415.1099853515625,235.00999450683594,620.433349609375,95.39900207519531,937.154052734375,500.4573059082031,174.8000030517578,59.21738815307617
2025-01-23,147.00047302246094,123.04000091552734,412.3800048828125,235.4199981689453,633.3196411132812,98.48600006103516,934.63427734375,510.1349182128906,178.5,58.977760314941406
2025-01-24,142.4073028564453,122.83999633789062,406.5799865722656,234.85000610351562,644.3053588867188,97.75900268554688,932.174072265625,512.7733154296875,176.05999755859375,59.35157775878906
2025-01-27,118.24339294433594,115.01000213623047,397.1499938964844,235.4199981689453,656.6344604492188,97.18900299072266,957.5398559570312,523.375244140625,175.16000366210938,61.2206916809082
2025-01-28,128.79763793945312,114.16999816894531,398.0899963378906,238.14999389648438,671.013427734375,97.18299865722656,951.0123901367188,522.3737182617188,177.77999877929688,59.77333068847656
2025-01-29,123.51553344726562,117.3499984741211,389.1000061035156,237.07000732421875,673.1627197265625,97.81500244140625,956.3197021484375,518.1561279296875,173.66000366210938,60.22383499145508
2025-01-30,124.464111328125,118.86000061035156,400.2799987792969,234.63999938964844,683.6210327148438,97.3239974975586,971.1900024414062,525.349365234375,179.52999877929688,61.39323425292969
2025-01-31,119.89094543457031,115.94999694824219,404.6000061035156,237.67999267578125,685.7903442382812,97.6760025024414,972.052978515625,522.3834228515625,176.52000427246094,60.84687423706055
2025-02-03,116.48603820800781,114.2699966430664,383.67999267578125,237.4199981689453,694.029541015625,97.89399719238281,997.7957153320312,527.862548828125,175.8699951171875,60.72226333618164
2025-02-04,118.47306060791016,119.5,392.2099914550781,242.05999755859375,700.7265014648438,99.48699951171875,1013.6976928710938,525.2337646484375,176.22999572753906,60.070472717285156
2025-02-05,124.64384460449219,112.01000213623047,378.1700134277344,236.1699981689453,701.4031982421875,101.11100006103516,1034.5498046875,519.802734375,181.83999633789062,60.501808166503906
2025-02-06,128.4880828857422,110.16000366210938,374.32000732421875,238.8300018310547,708.4880981445312,101.56800079345703,1042.594970703125,510.39483642578125,184.8000030517578,60.73185348510742
2025-02-07,129.6463623046875,107.55999755859375,361.6199951171875,229.14999389648438,711.0056762695312,101.39299774169922,1036.6165771484375,507.4964294433594,181.49000549316406,61.19193649291992
2025-02-10,133.3708038330078,110.4800033569336,350.7300109863281,233.13999938964844,713.8715209960938,102.76000213623047,1054.6015625,513.6014404296875,180.5500030517578,61.87248992919922
2025-02-11,132.60195922851562,111.0999984741211,328.5,232.75999450683594,716.2597045898438,100.80799865722656,1051.0462646484375,514.1310424804688,180.44000244140625,64.79596710205078
2025-02-12,130.94442749023438,111.72000122070312,336.510009765625,228.92999267578125,721.812255859375,102.73100280761719,1057.779541015625,507.85272216796875,186.25,65.85993194580078
2025-02-13,135.08824157714844,111.80999755859375,355.94000244140625,230.3699951171875,724.9766845703125,104.36900329589844,1069.4385986328125,511.4926452636719,185.44000244140625,66.61717987060547
2025-02-14,138.64292907714844,113.0999984741211,355.8399963378906,228.67999267578125,733.0466918945312,105.86000061035156,1064.463134765625,504.10693359375,184.4199981689453,66.01329803466797
2025-02-18,139.1920928955078,114.27999877929688,354.1099853515625,226.64999389648438,712.8466186523438,103.58499908447266,1048.7523193359375,482.1711730957031,184.97000122070312,66.18583679199219
2025-02-19,139.02236938476562,114.69000244140625,360.55999755859375,226.6300048828125,700.3085327148438,104.33300018310547,1055.2174072265625,492.0990905761719,186.14999389648438,67.16352081298828
2025-02-20,139.90106201171875,114.16999816894531,354.3999938964844,222.8800048828125,691.4224243164062,102.4540023803711,1027.6982421875,483.798583984375,180.8800048828125,67.134765625
2025-02-21,134.22950744628906,110.83999633789062,337.79998779296875,216.5800018310547,680.18798828125,100.31500244140625,1027.8970947265625,449.13287353515625,177.14999389648438,68.39043426513672
2025-02-24,130.08572387695312,108.11000061035156,330.5299987792969,212.7100067138672,664.8438720703125,98.84700012207031,1028.4630126953125,444.4144592285156,179.91000366210938,67.66195678710938
2025-02-25,126.44115447998047,103.95999908447266,302.79998779296875,212.8000030517578,654.26611328125,97.7239990234375,1048.384765625,452.9460754394531,178.27000427246094,68.52462768554688
2025-02-26,131.084228515625,104.73999786376953,290.79998779296875,214.35000610351562,670.3865356445312,99.00599670410156,1024.8580322265625,446.40777587890625,173.0399932861328,67.86325073242188
2025-02-27,119.9708251953125,99.51000213623047,281.95001220703125,208.74000549316406,655.0025634765625,96.30699920654297,1014.6688232421875,451.19354248046875,173.8300018310547,67.93034362792969
2025-02-28,124.73371124267578,99.86000061035156,292.9800109863281,212.27999877929688,664.91357421875,98.05599975585938,1041.38330078125,457.3563232421875,174.6300048828125,68.25624084472656
2025-03-03,113.88990020751953,98.2300033569336,284.6499938964844,205.02000427246094,651.8281860351562,97.37000274658203,1039.6356201171875,449.7394714355469,170.05999755859375,69.32018280029297
2025-03-04,115.81702423095703,100.75,272.0400085449219,203.8000030517578,636.8522338867188,97.25800323486328,1029.724365234375,457.0192565917969,158.89999389648438,67.27855682373047
2025-03-05,117.12506866455078,101.66999816894531,279.1000061035156,208.36000061035156,653.2411499023438,99.09200286865234,1040.529296875,458.33856201171875,163.16000366210938,67.1731185913086
2025-03-06,110.40510559082031,98.8499984741211,263.45001220703125,200.6999969482422,624.841552734375,90.63600158691406,1019.544921875,469.64337158203125,158.42999267578125,67.53734588623047
2025-03-07,112.52195739746094,100.30999755859375,262.6700134277344,199.25,622.5826416015625,89.11100006103516,957.6643676757812,475.18994140625,154.17999267578125,68.46711730957031
2025-03-10,106.8204574584961,96.62999725341797,222.14999389648438,194.5399932861328,595.048828125,86.66799926757812,927.9703369140625,464.39764404296875,148.14999389648438,68.48628234863281
2025-03-11,108.5978012084961,96.76000213623047,230.5800018310547,196.58999633789062,602.7308349609375,89.51000213623047,924.077392578125,470.0258483886719,154.05999755859375,68.09329223632812
2025-03-12,115.57803344726562,100.79000091552734,248.08999633789062,198.88999938964844,616.5128173828125,91.96800231933594,920.69091796875,465.2582702636719,158.8000030517578,67.0389175415039
2025-03-13,115.41825103759766,98.11000061035156,240.67999267578125,193.88999938964844,587.7349853515625,89.01699829101562,884.4822387695312,465.6547546386719,159.32000732421875,66.73218536376953
2025-03-14,121.49972534179688,100.97000122070312,249.97999572753906,197.9499969482422,605.1494140625,91.80000305175781,897.6905517578125,472.5498352050781,161.80999755859375,66.78045654296875
2025-03-17,119.36271667480469,104.58999633789062,238.00999450683594,195.74000549316406,602.4603881835938,95.00199890136719,910.2930297851562,482.57818603515625,161.85000610351562,67.70744323730469
2025-03-18,115.26846313476562,103.51000213623047,225.30999755859375,192.82000732421875,580.01123046875,92.99800109863281,891.8609008789062,487.2007141113281,161.57000732421875,66.9928970336914
2025-03-19,117.35552978515625,106.2300033569336,235.86000061035156,195.5399932861328,581.7044677734375,95.9489974975586,897.8196411132812,486.6204833984375,172.6199951171875,66.89634704589844
2025-03-20,118.36412048339844,107.13999938964844,236.25999450683594,194.9499969482422,583.6365356445312,95.08399963378906,889.229248046875,494.45355224609375,172.8300018310547,67.3115463256836
2025-03-21,117.5352783203125,106.44000244140625,248.7100067138672,196.2100067138672,593.84521484375,96.02899932861328,902.9937744140625,499.8206787109375,178.11000061035156,66.30731964111328
2025-03-24,121.24009704589844,113.8499984741211,278.3900146484375,203.25999450683594,616.3540649414062,97.1989974975586,919.6580200195312,499.4822998046875,180.89999389648438,66.57769012451172
2025-03-25,120.5210952758789,114.80999755859375,288.1400146484375,205.7100067138672,623.7840576171875,99.72799682617188,923.8489990234375,496.5133972167969,182.58999633789062,66.44251251220703
2025-03-26,113.60079956054688,110.19000244140625,272.05999755859375,201.1300048828125,608.5158081054688,97.06500244140625,923.342529296875,501.126220703125,178.5500030517578,67.61087799072266
2025-03-27,111.27405548095703,106.6500015258789,273.1300048828125,201.36000061035156,600.1497192382812,97.6719970703125,932.280517578125,498.7279357910156,179.11000061035156,68.30610656738281
2025-03-28,109.51651763916016,103.22000122070312,263.54998779296875,192.72000122070312,574.413818359375,93.38500213623047,923.2531127929688,499.0373840332031,173.30999755859375,67.94883728027344
2025-03-31,108.22832489013672,102.73999786376953,259.1600036621094,190.25999450683594,574.0354614257812,93.25299835205078,939.2620849609375,506.4933776855469,170.5500030517578,69.15583801269531
2025-04-01,109.99585723876953,102.77999877929688,268.4599914550781,192.1699981689453,583.6365356445312,92.83799743652344,947.8226928710938,505.8841247558594,168.1699981689453,69.39723205566406
2025-04-02,110.26546478271484,102.95999908447266,282.760009765625,196.00999450683594,581.574951171875,93.552001953125,958.4290161132812,505.9615173339844,168.55999755859375,68.87581634521484
2025-04-03,101.65754699707031,93.80000305175781,267.2799987792969,178.41000366210938,529.4758911132812,91.70500183105469,960.415283203125,522.6334838867188,150.91000366210938,70.66214752197266
2025-04-04,94.17801666259766,85.76000213623047,239.42999267578125,171.0,502.6943664550781,85.58599853515625,910.1639404296875,507.7506103515625,136.58999633789062,67.52397918701172
2025-04-07,97.50334167480469,83.63999938964844,233.2899932861328,175.25999450683594,514.1678466796875,86.78299713134766,901.8715209960938,507.4120178222656,138.86000061035156,66.01765441894531
2025-04-08,96.16523742675781,78.20999908447266,221.86000061035156,170.66000366210938,508.39129638671875,87.04000091552734,902.4872436523438,534.8569946289062,139.38999938964844,66.06593322753906
2025-04-09,114.17000579833984,96.83999633789062,272.20001220703125,191.10000610351562,583.4075317382812,94.5469970703125,958.538330078125,559.439453125,160.82000732421875,67.54328918457031
2025-04-10,107.4194564819336,88.69999694824219,252.39999389648438,181.22000122070312,544.0867309570312,92.11699676513672,957.6643676757812,574.8156127929688,155.52000427246094,68.3254165649414
2025-04-11,110.77476501464844,93.4000015258789,252.30999755859375,184.8699951171875,541.3777465820312,91.8290023803711,956.7705688476562,579.718505859375,156.83999633789062,68.97236633300781
2025-04-14,110.55506896972656,94.5,252.35000610351562,182.1199951171875,529.33642578125,93.12799835205078,972.5709838867188,567.7173461914062,159.27999877929688,69.95726013183594
2025-04-15,112.04297637939453,95.29000091552734,254.11000061035156,179.58999633789062,519.4166259765625,97.62799835205078,970.1874389648438,564.3617553710938,155.52000427246094,69.3875732421875
2025-04-16,104.3437728881836,88.29000091552734,241.5500030517578,174.3300018310547,500.28411865234375,96.16300201416016,961.0806274414062,565.7640380859375,156.47000122070312,69.21376037597656
2025-04-17,101.34796142578125,87.5,241.3699951171875,172.61000061035156,499.45745849609375,97.3030014038086,987.6463012695312,439.14788818359375,161.89999389648438,70.48834991455078
2025-04-21,96.77438354492188,85.55999755859375,227.5,167.32000732421875,482.7052917480469,98.79100036621094,951.16943359375,411.31610107421875,159.33999633789062,70.2662582397461
2025-04-22,98.75160217285156,86.26000213623047,237.97000122070312,173.17999267578125,498.2622985839844,104.03399658203125,972.4815063476562,413.10516357421875,162.52000427246094,71.35738372802734
2025-04-23,102.5662612915039,90.38999938964844,250.74000549316406,180.60000610351562,518.1716918945312,104.95899963378906,969.1148681640625,413.8594970703125,172.3699951171875,70.77802276611328
2025-04-24,106.28105163574219,94.47000122070312,259.510009765625,186.5399932861328,530.999755859375,109.68699645996094,968.75732421875,410.271728515625,176.25999450683594,70.02485656738281
2025-04-25,110.85465240478516,96.6500015258789,284.95001220703125,188.99000549316406,545.0628051757812,110.15299987792969,970.4258422851562,404.8465576171875,177.9499969482422,69.43585205078125
2025-04-28,108.57784271240234,96.38999938964844,285.8800048828125,187.6999969482422,547.5228271484375,111.03800201416016,971.7962646484375,406.1617736816406,182.3000030517578,69.31998443603516
2025-04-29,108.867431640625,96.05999755859375,292.0299987792969,187.38999938964844,552.203857421875,112.56400299072266,984.8656005859375,395.74658203125,182.0,69.86070251464844
2025-04-30,108.76756286621094,97.3499984741211,282.1600036621094,184.4199981689453,546.7858276367188,113.1719970703125,987.6463012695312,397.8837890625,183.24000549316406,70.05384063720703
2025-05-01,111.45380401611328,96.6500015258789,280.5199890136719,190.1999969482422,569.9022216796875,113.34700012207031,992.1549682617188,387.4783020019531,182.88999938964844,68.8371810913086
2025-05-02,114.33976745605469,98.80000305175781,287.2099914550781,189.97999572753906,594.6121826171875,115.64900207519531,1002.6558227539062,386.7433776855469,185.4600067138672,69.18480682373047
2025-05-05,113.66072082519531,100.58999633789062,280.260009765625,186.35000610351562,596.8530883789062,113.40599822998047,1009.208984375,391.4721984863281,186.4600067138672,69.23307037353516
2025-05-06,113.38111114501953,98.62000274658203,275.3500061035156,185.00999450683594,584.9412841796875,113.76899719238281,1004.8436279296875,381.5115661621094,185.9600067138672,69.25239562988281
2025-05-07,116.89617919921875,100.36000061035156,276.2200012207031,188.7100067138672,594.4029541015625,115.54100036621094,1001.5123291015625,378.17523193359375,185.55999755859375,69.90899658203125
2025-05-08,117.20575714111328,101.69999694824219,284.82000732421875,192.0800018310547,595.59814453125,114.44300079345703,1002.0692138671875,372.8468017578125,191.6999969482422,68.72130584716797
2025-05-09,116.48676300048828,102.83999633789062,298.260009765625,193.05999755859375,590.1004638671875,114.02200317382812,1002.4470825195312,368.0986022949219,194.85000610351562,68.09366607666016
2025-05-12,122.82787322998047,108.12000274658203,318.3800048828125,208.63999938964844,636.85107421875,111.0,1010.4619750976562,366.2708435058594,198.52999877929688,67.13773345947266
2025-05-13,129.7481689453125,112.45999908447266,334.07000732421875,211.3699951171875,653.3841552734375,113.84400177001953,993.4378051757812,301.1205749511719,203.4199981689453,66.58735656738281
2025-05-14,135.15060424804688,117.72000122070312,347.67999267578125,210.25,656.70068359375,115.0989990234375,985.9896850585938,297.86163330078125,204.72000122070312,66.78045654296875
2025-05-15,134.6413116455078,114.98999786376953,342.82000732421875,205.1699981689453,641.2831420898438,117.7979965209961,1004.8136596679688,265.3106384277344,206.24000549316406,69.14617156982422
2025-05-16,135.2105255126953,117.16999816894531,349.9800109863281,205.58999633789062,637.7574462890625,119.15299987792969,1020.0877075195312,282.2920837402344,205.82000732421875,69.52275848388672
2025-05-19,135.3802947998047,114.73999786376953,342.0899963378906,206.16000366210938,637.8470458984375,119.16400146484375,1028.550048828125,305.48199462890625,205.25,69.45516204833984
2025-05-20,134.19192504882812,113.51000213623047,343.82000732421875,204.07000732421875,634.530517578125,119.2020034790039,1031.01611328125,310.9844970703125,207.6699981689453,69.22341918945312
2025-05-21,131.6155548095703,112.05999755859375,334.6199951171875,201.1199951171875,632.9369506835938,119.46299743652344,1019.560791015625,292.99737548828125,203.2100067138672,69.37791442871094
2025-05-22,132.6441192626953,110.70999908447266,341.0400085449219,203.10000610351562,634.0026245117188,118.7969970703125,1012.430908203125,286.8952331542969,203.41000366210938,68.69235229492188
2025-05-23,131.10626220703125,110.30999755859375,339.3399963378906,200.99000549316406,624.531005859375,118.53900146484375,1002.854736328125,285.8315124511719,202.36000061035156,69.30066680908203
2025-05-27,135.31036376953125,114.55999755859375,362.8900146484375,206.02000427246094,639.7294311523438,121.15699768066406,1012.0927124023438,285.2802734375,201.02999877929688,69.31031799316406
2025-05-28,134.621337890625,112.86000061035156,356.8999938964844,204.72000122070312,640.984375,120.8550033569336,1007.4688110351562,288.28778076171875,201.5,68.7020034790039
2025-05-29,138.99520874023438,113.02999877929688,358.42999267578125,205.6999969482422,642.4483642578125,118.48600006103516,1003.0933837890625,288.3458557128906,208.17999267578125,69.0302963256836
2025-05-30,134.94090270996094,110.7300033569336,346.4599914550781,205.00999450683594,644.8786010742188,120.7229995727539,1034.3575439453125,291.9626159667969,207.32000732421875,69.61931610107422
2025-06-02,137.18772888183594,114.62999725341797,342.69000244140625,206.64999389648438,668.1941528320312,121.89800262451172,1050.9339599609375,294.6800231933594,211.47000122070312,69.52275848388672
2025-06-03,141.02236938476562,117.30999755859375,344.2699890136719,205.7100067138672,664.1604614257812,121.79399871826172,1049.6810302734375,291.2953186035156,213.42999267578125,68.71166229248047
2025-06-04,141.7213897705078,118.58000183105469,332.04998779296875,207.22999572753906,685.1753540039062,123.96600341796875,1045.802978515625,290.4830017089844,211.97999572753906,68.91443634033203
2025-06-05,139.79409790039062,115.69000244140625,284.70001220703125,207.91000366210938,681.8588256835938,125.052001953125,1005.15185546875,286.0926208496094,209.02000427246094,68.47026824951172
2025-06-06,141.52166748046875,116.19000244140625,295.1400146484375,213.57000732421875,694.89599609375,124.14700317382812,1009.2586669921875,293.22943115234375,210.8000030517578,68.89512634277344
2025-06-09,142.43040466308594,121.7300033569336,308.5799865722656,216.97999572753906,691.2607421875,122.44599914550781,1000.5477294921875,293.2004699707031,217.50999450683594,69.30066680908203
2025-06-10,143.75852966308594,123.23999786376953,326.0899963378906,217.61000061035156,699.567138671875,120.36199951171875,1001.631591796875,293.7806396484375,215.72999572753906,69.86070251464844
2025-06-11,142.64002990722656,121.13999938964844,326.42999267578125,213.1999969482422,691.3403930664062,121.98799896240234,991.2003784179688,300.3276062011719,214.0,69.59034729003906
2025-06-12,144.80712890625,118.5,319.1099853515625,213.24000549316406,690.5635375976562,121.50299835205078,997.09716796875,308.0059814453125,203.75,69.75450134277344
2025-06-13,141.78115844726562,116.16000366210938,325.30999755859375,212.10000610351562,680.1159057617188,121.21499633789062,984.6671752929688,303.1997375488281,200.32000732421875,69.06404113769531
2025-06-16,144.49754333496094,126.38999938964844,329.1300048828125,216.10000610351562,699.8262939453125,122.53500366210938,978.849853515625,299.63519287109375,201.6999969482422,68.57781982421875
2025-06-17,143.92828369140625,127.0999984741211,316.3500061035156,214.82000732421875,694.9522705078125,122.06700134277344,972.2470092773438,300.8136901855469,200.25999450683594,67.70260620117188
2025-06-18,145.2864990234375,126.79000091552734,322.04998779296875,212.52000427246094,693.4970703125,122.22899627685547,969.44287109375,299.1872253417969,197.67999267578125,67.30389404296875
2025-06-20,143.65866088867188,128.24000549316406,322.1600036621094,209.69000244140625,680.120849609375,123.14099884033203,974.8026733398438,294.132568359375,198.75,66.94408416748047
2025-06-23,143.9782257080078,129.5800018310547,348.67999267578125,208.47000122070312,696.248046875,125.35399627685547,998.8572387695312,292.8372802734375,201.30999755859375,67.81930541992188
2025-06-24,147.70326232910156,138.42999267578125,340.4700012207031,212.77000427246094,709.8734130859375,127.91100311279297,996.3115234375,297.64837646484375,200.94000244140625,68.2763671875
2025-06-25,154.10475158691406,143.39999389648438,327.54998779296875,211.99000549316406,706.3648681640625,127.5250015258789,981.0177001953125,294.1423034667969,198.89999389648438,67.71232604980469
2025-06-26,154.81381225585938,143.67999267578125,325.7799987792969,217.1199951171875,723.7179565429688,130.66700744628906,977.407958984375,294.7266845703125,202.5800018310547,67.55674743652344
2025-06-27,157.5401611328125,143.80999755859375,323.6300048828125,223.3000030517578,731.2333984375,132.31199645996094,979.6255493164062,301.04736328125,214.5500030517578,68.39305877685547
2025-06-30,157.77984619140625,141.89999389648438,317.6600036621094,219.38999938964844,735.6788940429688,133.91299438476562,984.3986206054688,303.8327941894531,209.52999877929688,68.8014907836914
2025-07-01,153.09609985351562,136.11000061035156,300.7099914550781,220.4600067138672,716.870361328125,129.36000061035156,980.44091796875,317.6332092285156,209.7899932861328,69.69615173339844
2025-07-02,157.0408477783203,138.52000427246094,315.6499938964844,219.9199981689453,711.2388916015625,128.48599243164062,976.861083984375,299.5378112792969,212.02999877929688,68.95708465576172
2025-07-03,159.1280517578125,137.91000366210938,315.3500061035156,223.41000366210938,716.6611328125,129.71800231933594,981.4949951171875,300.501953125,215.9199981689453,69.38496398925781
2025-07-07,158.02951049804688,134.8000030517578,293.94000244140625,223.47000122070312,716.0032958984375,128.96200561523438,986.6260986328125,295.7882385253906,218.6300048828125,69.05432891845703
2025-07-08,159.7871856689453,137.82000732421875,297.80999755859375,219.36000061035156,718.3157348632812,127.53099822998047,980.3215942382812,299.6741638183594,218.52000427246094,68.30552673339844
2025-07-09,162.66334533691406,138.41000366210938,295.8800048828125,222.5399932861328,730.3861694335938,128.8280029296875,976.5925903320312,295.0091247558594,226.60000610351562,67.56646728515625
2025-07-10,163.88174438476562,144.16000366210938,309.8699951171875,222.25999450683594,724.8641967773438,125.05899810791016,964.7393188476562,291.69781494140625,226.08999633789062,67.84848022460938
2025-07-11,164.7006378173828,146.4199981689453,313.510009765625,225.02000427246094,715.166015625,124.51100158691406,964.8984985351562,296.1680908203125,226.83999633789062,67.94572448730469
2025-07-14,163.85177612304688,146.24000549316406,316.8999938964844,225.69000244140625,718.5648803710938,126.19499969482422,975.419189453125,292.7398681640625,230.50999450683594,67.55674743652344
2025-07-15,170.4729461669922,155.61000061035156,310.7799987792969,226.35000610351562,708.0692749023438,126.0270004272461,962.2633056640625,284.1012268066406,230.0,67.44977569580078
2025-07-16,171.14205932617188,160.0800018310547,321.6700134277344,223.19000244140625,700.6137084960938,125.03099822998047,946.0444946289062,284.8609313964844,229.89999389648438,67.36225128173828
2025-07-17,172.7698974609375,160.41000366210938,319.4100036621094,223.8800048828125,699.1185913085938,127.41699981689453,948.5703125,280.55621337890625,231.0,68.64588928222656
2025-07-18,172.18067932128906,156.99000549316406,329.6499938964844,226.1300048828125,701.9793090820312,120.92400360107422,945.6268920898438,275.2775573730469,229.33999633789062,67.92627716064453
2025-07-21,171.1520538330078,157.0,328.489990234375,229.3000030517578,710.6408081054688,123.3270034790039,942.255859375,274.7808837890625,229.32000732421875,68.14021301269531
2025-07-22,166.80783081054688,154.72000122070312,332.1099853515625,227.47000122070312,702.5075073242188,119.00800323486328,936.3392333984375,277.69287109375,228.47999572753906,67.74150848388672
2025-07-23,170.55284118652344,158.64999389648438,332.55999755859375,228.2899932861328,711.2488403320312,117.6780014038086,935.9215087890625,284.8804016113281,233.8800048828125,67.2552719116211
2025-07-24,173.50892639160156,162.1199951171875,305.29998779296875,232.22999572753906,712.46484375,118.07599639892578,928.5729370117188,271.313720703125,231.27000427246094,67.19692993164062
2025-07-25,173.26922607421875,166.47000122070312,316.05999755859375,231.44000244140625,710.351806640625,118.04900360107422,930.243408203125,273.7290344238281,233.05999755859375,67.26499938964844
2025-07-28,176.51490783691406,173.66000366210938,325.5899963378906,232.7899932861328,715.2857055664062,117.45999908447266,928.7617797851562,274.7613830566406,236.41000366210938,66.2147445678711
2025-07-29,175.2765350341797,177.44000244140625,321.20001220703125,231.00999450683594,697.7132568359375,116.8740005493164,929.338623046875,254.26043701171875,226.0800018310547,67.4692153930664
2025-07-30,179.0315704345703,179.50999450683594,319.0400085449219,230.19000244140625,692.9389038085938,118.41999816894531,922.318115234375,259.1007995605469,225.83999633789062,66.8565673828125
2025-07-31,177.6334228515625,176.30999755859375,308.2699890136719,234.11000061035156,770.913330078125,115.94000244140625,934.3802490234375,243.0506591796875,221.83999633789062,66.02025604248047
2025-08-01,173.4889373779297,171.6999969482422,302.6300048828125,214.75,747.5598754882812,115.86000061035156,948.5003662109375,231.56817626953125,221.89999389648438,66.96353912353516
2025-08-04,179.7605743408203,176.77999877929688,309.260009765625,211.64999389648438,773.8338012695312,117.0989990234375,951.3383178710938,234.69444274902344,222.33999633789062,67.060791015625
2025-08-05,178.02288818359375,174.30999755859375,308.7200012207031,213.75,760.9659423828125,114.78700256347656,939.6478881835938,244.45309448242188,224.86000061035156,67.1483154296875
2025-08-06,179.18133544921875,163.1199951171875,319.9100036621094,222.30999755859375,769.468017578125,117.8479995727539,964.47265625,239.3692626953125,225.0399932861328,67.59564208984375
2025-08-07,180.52955627441406,172.39999389648438,322.2699890136719,223.1300048828125,759.3412475585938,118.03700256347656,973.3251342773438,238.28819274902344,227.3300018310547,68.49031066894531
2025-08-08,182.4569854736328,172.75999450683594,329.6499938964844,222.69000244140625,766.786865234375,121.16400146484375,976.8402099609375,244.34596252441406,229.1199951171875,68.40277862548828
2025-08-11,181.81784057617188,172.27999877929688,339.0299987792969,221.3000030517578,763.3681030273438,121.83100128173828,984.5674438476562,245.78733825683594,225.9600067138672,68.8014907836914
2025-08-12,182.9163818359375,174.9499969482422,340.8399963378906,221.47000122070312,787.419189453125,122.52799987792969,987.0668334960938,254.74742126464844,232.61000061035156,68.76258850097656
2025-08-13,181.3484649658203,184.4199981689453,339.3800048828125,224.55999755859375,777.5316772460938,120.44400024414062,974.71923828125,264.7203063964844,233.3699951171875,68.51947021484375
2025-08-14,181.77789306640625,180.9499969482422,335.5799865722656,230.97999572753906,779.574951171875,123.05599975585938,971.2738647460938,264.4086608886719,233.19000244140625,67.63453674316406
2025-08-15,180.20997619628906,177.50999450683594,330.55999755859375,231.02999877929688,782.6648559570312,123.8949966430664,967.9379272460938,296.0804138183594,235.25999450683594,67.99434661865234
2025-08-18,181.7678985595703,176.13999938964844,335.1600036621094,231.49000549316406,764.8631591796875,124.50900268554688,975.2171020507812,300.44354248046875,232.41000366210938,67.2260971069336
2025-08-19,175.40638732910156,166.5500030517578,329.30999755859375,228.00999450683594,749.0250854492188,121.41500091552734,976.7107543945312,296.3044128417969,225.0,68.19856262207031
2025-08-20,175.1667022705078,165.1999969482422,323.8999938964844,223.80999755859375,745.2772827148438,121.38600158691406,990.3729248046875,292.0191955566406,225.6199951171875,68.75286865234375
2025-08-21,174.7472381591797,163.7100067138672,320.1099853515625,221.9499969482422,736.6854248046875,120.62100219726562,965.5879516601562,295.4376525878906,224.4600067138672,68.7139663696289
2025-08-22,177.75323486328125,167.75999450683594,340.010009765625,228.83999633789062,752.32421875,120.46499633789062,954.494873046875,299.4014892578125,230.1199951171875,68.19856262207031
2025-08-25,179.5708465576172,163.36000061035156,346.6000061035156,227.94000244140625,750.8390502929688,121.80699920654297,937.6065063476562,296.90826416015625,226.8699951171875,67.0316162109375
2025-08-26,181.52822875976562,166.6199951171875,351.6700134277344,228.7100067138672,751.636474609375,122.60900115966797,937.3675537109375,292.5937805175781,234.8300018310547,66.83712005615234
2025-08-27,181.35845947265625,167.1300048828125,349.6000061035156,229.1199951171875,744.9384765625,122.3499984741211,945.5130615234375,295.9538269042969,235.6199951171875,66.93437194824219
2025-08-28,179.9303436279297,168.5800018310547,345.9800109863281,231.60000610351562,748.65625,123.1449966430664,940.9722290039062,294.4052429199219,236.16000366210938,66.47731018066406
2025-08-29,173.94830322265625,162.6300048828125,333.8699951171875,229.0,736.2868041992188,120.82499694824219,939.3391723632812,301.7875671386719,234.67999267578125,67.08995819091797
2025-09-02,170.55284118652344,162.32000732421875,329.3599853515625,225.33999633789062,732.70849609375,121.41100311279297,934.858154296875,300.7454833984375,237.3800048828125,67.15802764892578
2025-09-03,170.39306640625,162.1300048828125,334.0899963378906,225.99000549316406,734.6421508789062,122.61799621582031,945.77197265625,299.8494873046875,232.3800048828125,67.08995819091797
2025-09-04,171.43167114257812,161.7899932861328,338.5299987792969,235.67999267578125,746.204345703125,125.74800109863281,951.8660888671875,302.2843017578125,230.75,66.37034606933594
2025-09-05,166.79783630371094,151.13999938964844,350.8399963378906,232.3300018310547,749.9918823242188,124.38200378417969,959.4140625,307.16363525390625,229.61000061035156,66.08832550048828
2025-09-08,168.0861358642578,151.41000366210938,346.3999938964844,235.83999633789062,749.84228515625,124.47599792480469,967.748779296875,311.8968505859375,230.9499969482422,65.57292175292969
2025-09-09,170.53286743164062,155.82000732421875,346.9700012207031,238.24000549316406,763.1985473632812,126.32499694824219,975.1175537109375,338.8451232910156,229.52000427246094,65.99108123779297
2025-09-10,177.09414672851562,159.5399932861328,347.7900085449219,230.3300018310547,749.5234375,124.77100372314453,952.25439453125,337.7348327636719,227.52000427246094,65.95217895507812
2025-09-11,176.94430541992188,155.6699981689453,368.80999755859375,229.9499969482422,748.447021484375,120.3499984741211,960.2506103515625,344.3866882324219,219.99000549316406,65.75769805908203
2025-09-12,177.593505859375,158.57000732421875,395.94000244140625,228.14999389648438,753.1216430664062,118.84400177001953,963.8154907226562,343.3153991699219,215.94000244140625,65.16449737548828
2025-09-15,177.52357482910156,161.16000366210938,410.0400085449219,231.42999267578125,762.2018432617188,120.22599792480469,956.04833984375,340.9534606933594,215.75,64.88031768798828
2025-09-16,174.65724182128906,160.4600067138672,421.6199951171875,234.0500030517578,776.4551391601562,120.0510025024414,948.0523071289062,333.005126953125,215.02000427246094,64.90971374511719
2025-09-17,170.0730743408203,159.16000366210938,425.8599853515625,231.6199951171875,773.1858520507812,122.8499984741211,958.9660034179688,334.79864501953125,214.6300048828125,65.69364929199219
2025-09-18,176.01551818847656,157.9199981689453,416.8500061035156,231.22999572753906,777.7011108398438,120.77799987792969,948.3410034179688,328.14404296875,215.66000366210938,65.12529754638672
2025-09-19,176.4449462890625,157.38999938964844,426.07000732421875,231.47999572753906,775.837158203125,122.6969985961914,947.1460571289062,329.97674560546875,215.64999389648438,65.09589385986328
2025-09-22,183.37612915039062,159.7899932861328,434.2099914550781,227.6300048828125,763.1751098632812,122.73699951171875,939.2794189453125,334.49481201171875,212.08999633789062,64.88031768798828
2025-09-23,178.2027130126953,160.89999389648438,425.8500061035156,220.7100067138672,753.4404907226562,121.84700012207031,939.6179809570312,340.7574157714844,216.33999633789062,65.37026977539062
2025-09-24,176.74456787109375,160.8800048828125,442.7900085449219,220.2100067138672,758.686767578125,120.3949966430664,941.2809448242188,344.7952880859375,215.10000610351562,65.11549377441406
2025-09-25,177.4636688232422,161.27000427246094,423.3900146484375,218.14999389648438,746.96728515625,120.8239974975586,939.3292236328125,338.6698913574219,213.52999877929688,64.65493774414062
2025-09-26,177.96302795410156,159.4600067138672,440.3999938964844,219.77999877929688,741.8206176757812,121.06099700927734,912.084716796875,337.2193603515625,221.25999450683594,64.35115814208984
2025-09-29,181.6183624267578,161.36000061035156,443.2099914550781,222.1699981689453,741.4716186523438,120.64099884033203,913.000732421875,338.2974853515625,217.0800018310547,64.71372985839844
2025-09-30,186.3423309326172,161.7899932861328,444.7200012207031,219.57000732421875,732.4749145507812,119.89199829101562,921.7238159179688,338.4150695800781,215.8300018310547,64.98809814453125
2025-10-01,187.0015106201172,164.00999450683594,459.4599914550781,220.6300048828125,715.4791870117188,117.08999633789062,913.4688720703125,341.3552551269531,215.1999969482422,65.4388656616211
2025-10-02,188.64939880371094,169.72999572753906,436.0,222.41000366210938,725.1639404296875,116.25299835205078,912.9012451171875,346.6672058105469,217.42999267578125,64.77252197265625
2025-10-03,187.38099670410156,164.6699981689453,429.8299865722656,219.50999450683594,708.7167358398438,115.33200073242188,911.51708984375,353.01800537109375,216.3000030517578,65.31148529052734
2025-10-06,185.3036651611328,203.7100067138672,453.25,220.89999389648438,713.8035278320312,116.33100128173828,907.0957641601562,351.6164855957031,219.72999572753906,64.77252197265625
2025-10-07,184.80429077148438,211.50999450683594,433.0899963378906,221.77999877929688,711.230224609375,119.10600280761719,910.939453125,356.40899658203125,221.82000732421875,65.44866180419922
2025-10-08,188.86911010742188,235.55999755859375,438.69000244140625,225.22000122070312,715.9779052734375,121.42500305175781,910.939453125,362.544189453125,225.32000732421875,64.79212188720703
2025-10-09,192.32470703125,232.88999938964844,435.5400085449219,227.74000549316406,731.6072387695312,123.10700225830078,938.9109497070312,360.358642578125,216.0,65.03710174560547
2025-10-10,182.92669677734375,214.89999389648438,413.489990234375,216.3699951171875,703.4703979492188,122.00800323486328,926.0853271484375,347.431640625,210.72999572753906,65.69364929199219
2025-10-13,188.08013916015625,216.4199981689453,435.8999938964844,220.07000732421875,713.8433837890625,121.90299987792969,931.6119384765625,351.5086669921875,215.55999755859375,65.45846557617188
2025-10-14,179.80067443847656,218.08999633789062,429.239990234375,216.38999938964844,706.8117065429688,121.53500366210938,942.5157470703125,352.75335693359375,214.3000030517578,66.15421295166016
2025-10-15,179.60093688964844,238.60000610351562,435.1499938964844,215.57000732421875,715.6885986328125,120.3290023803711,950.9598999023438,353.94903564453125,214.0,65.73284149169922
2025-10-16,181.57839965820312,234.55999755859375,428.75,214.47000122070312,710.2228393554688,118.35900115966797,921.7138061523438,349.5583801269531,211.88999938964844,66.23259735107422
2025-10-17,182.9866180419922,233.0800018310547,439.30999755859375,213.0399932861328,715.0602416992188,119.93599700927734,932.378662109375,349.4897766113281,212.94000244140625,67.06553649902344
2025-10-20,182.4073486328125,240.55999755859375,447.42999267578125,216.47999572753906,730.2706909179688,123.85600280761719,932.1595458984375,357.2126770019531,216.82000732421875,67.06553649902344
2025-10-21,180.9292449951172,238.02999877929688,442.6000061035156,222.02999877929688,731.3678588867188,124.13500213623047,933.543701171875,358.0848693847656,217.25999450683594,69.7896957397461
2025-10-22,180.05035400390625,230.22999572753906,438.9700012207031,217.9499969482422,731.5074462890625,111.63700103759766,940.6934204101562,354.2822570800781,216.58999633789062,69.38793182373047
2025-10-23,181.92796325683594,234.99000549316406,448.9800109863281,221.08999633789062,732.095947265625,111.35900115966797,938.074462890625,353.2630310058594,217.77000427246094,68.53541564941406
2025-10-24,186.02273559570312,252.9199981689453,433.7200012207031,224.2100067138672,736.444580078125,109.46900177001953,928.2063598632812,355.2721252441406,221.35000610351562,68.31002044677734
2025-10-27,191.24609375,259.6700134277344,452.4200134277344,226.97000122070312,748.872314453125,109.45600128173828,925.9259643554688,358.6827697753906,223.0,68.65299224853516
2025-10-28,200.77392578125,258.010009765625,460.54998779296875,229.25,749.49072265625,110.25,920.260009765625,360.5056457519531,223.3300018310547,68.75099182128906
2025-10-29,206.77627563476562,264.3299865722656,461.510009765625,230.3000030517578,749.7200927734375,110.04100036621094,908.5695190429688,348.176513671875,213.5800018310547,66.97733306884766
2025-10-30,202.63156127929688,254.83999633789062,440.1000061035156,222.86000061035156,664.7410888671875,108.9000015258789,916.2968139648438,337.8760681152344,200.0800018310547,67.59469604492188
2025-10-31,202.23207092285156,256.1199951171875,456.55999755859375,244.22000122070312,646.6680908203125,111.88600158691406,908.8876953125,334.7496643066406,201.02000427246094,67.51629638671875
2025-11-03,206.61648559570312,259.6499938964844,468.3699951171875,254.0,636.0557861328125,110.00900268554688,925.4310302734375,327.13458251953125,204.5500030517578,66.60497283935547
2025-11-04,198.43690490722656,250.0500030517578,444.260009765625,249.32000732421875,625.6926879882812,109.2959976196289,938.0953979492188,324.23358154296875,198.0500030517578,67.28111267089844
2025-11-05,194.9613494873047,256.3299865722656,462.07000732421875,250.1999969482422,634.30029296875,109.84600067138672,932.4014282226562,321.2052001953125,197.6199951171875,67.1341323852539
2025-11-06,187.84043884277344,237.6999969482422,445.9100036621094,243.0399932861328,617.3344116210938,109.7020034790039,920.983642578125,315.1484375,196.5,67.6730728149414
2025-11-07,187.91030883789062,233.5399932861328,429.5199890136719,244.41000366210938,620.0972290039062,110.36599731445312,920.1459350585938,317.7455749511719,194.61000061035156,69.1331558227539
2025-11-10,198.7964630126953,243.97999572753906,445.2300109863281,248.39999389648438,630.1211547851562,112.00700378417969,912.9861450195312,315.1679992675781,194.80999755859375,69.10375213623047
2025-11-11,192.91395568847656,237.52000427246094,439.6199951171875,249.10000610351562,625.4533081054688,113.64399719238281,911.2909545898438,320.9210205078125,195.2100067138672,70.17186737060547
2025-11-12,193.55313110351562,258.8900146484375,430.6000061035156,244.1999969482422,607.43017578125,115.75,911.4304809570312,332.29949951171875,195.5,70.07386779785156
2025-11-13,186.62197875976562,247.9600067138672,401.989990234375,237.5800018310547,608.3079223632812,115.4229965209961,922.4793701171875,325.889892578125,194.5800018310547,69.64270782470703
2025-11-14,189.92774963378906,246.80999755859375,404.3500061035156,234.69000244140625,607.8790283203125,111.21700286865234,920.38525390625,315.44244384765625,194.52000427246094,69.73091125488281
2025-11-17,186.36231994628906,240.52000427246094,408.9200134277344,232.8699951171875,600.4483642578125,110.29000091552734,910.0245361328125,314.129150390625,191.80999755859375,69.26054382324219
2025-11-18,181.12899780273438,230.2899932861328,401.25,222.5500030517578,596.1395263671875,114.08999633789062,892.563720703125,307.3275451660156,189.6300048828125,69.7896957397461
2025-11-19,186.28240966796875,223.5500030517578,403.989990234375,222.69000244140625,588.7886352539062,110.0,888.0963134765625,302.92706298828125,185.6999969482422,69.6819076538086
2025-11-20,180.40989685058594,206.02000427246094,395.2300109863281,217.13999938964844,587.6217651367188,105.66999816894531,890.7787475585938,305.3282165527344,179.3800048828125,69.77989959716797
2025-11-21,178.6521453857422,203.77999877929688,391.0899963378906,220.69000244140625,592.7084350585938,104.30999755859375,896.482666015625,313.59014892578125,179.6999969482422,71.48495483398438
2025-11-24,182.31747436523438,215.0500030517578,417.7799987792969,226.27999877929688,611.4596557617188,106.97000122070312,883.62890625,312.6884765625,179.1199951171875,71.1321792602539
2025-11-25,177.593505859375,206.1300048828125,419.3999938964844,229.6699981689453,634.569580078125,104.4000015258789,891.8157958984375,319.7743225097656,182.44000244140625,71.15178680419922
2025-11-26,180.03036499023438,214.24000549316406,426.5799865722656,229.16000366210938,631.9663696289062,106.13999938964844,905.7066650390625,323.1358947753906,186.9199981689453,71.4163589477539
2025-11-28,176.7745361328125,217.52999877929688,430.1700134277344,233.22000122070312,646.2691650390625,107.58000183105469,911.021728515625,323.1947021484375,189.0,71.65155029296875
2025-12-01,179.69081115722656,219.75999450683594,430.1400146484375,233.8800048828125,639.2075805664062,109.12999725341797,909.3963012695312,316.7655334472656,186.4600067138672,71.00025177001953
2025-12-02,181.22886657714844,215.24000549316406,429.239990234375,234.4199981689453,645.4213256835938,109.3499984741211,919.43798828125,318.06903076171875,205.3800048828125,69.73715209960938
2025-12-03,179.3612518310547,217.60000610351562,446.739990234375,232.3800048828125,637.9408569335938,103.95999908447266,919.6672973632812,332.9365539550781,202.5399932861328,69.87529754638672
2025-12-04,183.15660095214844,215.97999572753906,454.5299987792969,229.11000061035156,659.81396484375,103.22000122070312,893.3414916992188,326.8405456542969,201.8699951171875,69.52005004882812
2025-12-05,182.1877899169922,217.97000122070312,455.0,229.52999877929688,671.673095703125,100.23999786376953,892.1648559570312,324.3119812011719,201.88999938964844,69.07598876953125
2025-12-08,185.323974609375,221.11000061035156,439.5799865722656,226.88999938964844,665.0702514648438,96.79000091552734,885.0249633789062,319.2998046875,206.27000427246094,69.32269287109375
2025-12-09,184.7446746826172,221.6199951171875,445.1700134277344,227.9199981689453,655.2557983398438,96.70999908447266,885.9423828125,319.28009033203125,200.3699951171875,69.164794921875
2025-12-10,183.55612182617188,221.4199981689453,451.45001220703125,231.77999877929688,648.4434814453125,92.70999908447266,871.9517822265625,323.9864196777344,198.72000122070312,69.2832260131836
2025-12-11,180.70957946777344,221.42999267578125,446.8900146484375,230.27999877929688,651.016845703125,94.08999633789062,881.9934692382812,332.23480224609375,200.7100067138672,68.19773864746094
2025-12-12,174.80679321289062,210.77999877929688,458.9599914550781,226.19000244140625,642.558837890625,95.19000244140625,881.9834594726562,337.276611328125,204.3800048828125,69.58912658691406
2025-12-15,176.07522583007812,207.5800018310547,475.30999755859375,222.5399932861328,646.3570556640625,93.7699966430664,858.1407470703125,336.5464782714844,205.5,70.03319549560547
2025-12-16,177.5034942626953,209.1699981689453,489.8800048828125,222.55999755859375,655.9799194335938,94.56999969482422,857.9712524414062,329.7386169433594,206.7100067138672,69.44110870361328
2025-12-17,170.73175048828125,198.11000061035156,467.260009765625,221.27000427246094,648.343505859375,94.79000091552734,860.2249145507812,327.2029113769531,206.3300018310547,69.73715209960938
2025-12-18,173.9278564453125,201.05999755859375,483.3699951171875,226.75999450683594,663.266845703125,94.0,855.1790771484375,323.759521484375,208.27000427246094,69.43123626708984
2025-12-19,180.76953125,213.42999267578125,481.20001220703125,227.35000610351562,657.5969848632812,94.38999938964844,853.214599609375,323.0491027832031,214.0800018310547,69.13520050048828
2025-12-22,183.4662322998047,214.9499969482422,488.7300109863281,228.42999267578125,660.3221435546875,93.2300033569336,847.6104736328125,320.81927490234375,216.83999633789062,69.2832260131836
2025-12-23,188.97952270507812,214.89999389648438,485.55999755859375,232.13999938964844,663.7559814453125,93.5,852.386962890625,320.46405029296875,216.85000610351562,68.94770812988281
2025-12-24,188.38023376464844,215.0399932861328,485.3999938964844,232.3800048828125,666.361328125,93.63999938964844,869.4089965820312,323.2069396972656,218.16000366210938,69.1845474243164
2025-12-26,190.2978973388672,214.99000549316406,475.19000244140625,232.52000427246094,662.1089477539062,94.47000122070312,870.894775390625,327.40020751953125,216.44000244140625,68.94770812988281
2025-12-29,187.99070739746094,215.61000061035156,459.6400146484375,232.07000732421875,657.5171508789062,94.1500015258789,865.4003295898438,324.5487976074219,217.25,69.23388671875
2025-12-30,187.31153869628906,215.33999633789062,454.42999267578125,232.52999877929688,664.7642211914062,93.77999877929688,863.2164916992188,327.725830078125,218.5,69.14506530761719
2025-12-31,186.27279663085938,214.16000366210938,449.7200012207031,230.82000732421875,658.9146118164062,93.76000213623047,859.915771484375,325.70318603515625,217.1199951171875,68.9871826171875
2026-01-02,188.6199493408203,223.47000122070312,438.07000732421875,226.5,649.2518310546875,90.98999786376953,852.0977783203125,331.9092102050781,227.77000427246094,68.20761108398438
2026-01-05,187.89083862304688,221.0800018310547,451.6700134277344,233.05999755859375,657.616943359375,91.45999908447266,873.278076171875,337.4541931152344,228.1300048828125,67.04318237304688
2026-01-06,187.0119171142578,214.35000610351562,432.9599914550781,240.92999267578125,659.4436645507812,90.6500015258789,886.6004638671875,344.3114013671875,229.83999633789062,66.94449615478516
2026-01-07,188.87962341308594,210.02000427246094,431.4100036621094,241.55999755859375,647.534912109375,90.7300033569336,880.098876953125,337.13848876953125,228.1199951171875,66.64846801757812
2026-01-08,184.8145751953125,204.67999267578125,435.79998779296875,246.2899932861328,644.9096069335938,90.52999877929688,912.73681640625,342.2197265625,227.3800048828125,68.45431518554688
2026-01-09,184.63479614257812,203.1699981689453,445.010009765625,247.3800048828125,651.8971557617188,89.45999908447266,922.2799682617188,339.3880615234375,234.52999877929688,69.57926177978516
2026-01-12,184.71470642089844,207.69000244140625,448.9599914550781,246.47000122070312,640.8268432617188,89.41000366210938,940.4287719726562,335.96435546875,239.80999755859375,69.56939697265625
2026-01-13,185.58364868164062,220.97000122070312,447.20001220703125,242.60000610351562,629.96630859375,90.31999969482422,939.281982421875,329.47216796875,244.5500030517578,70.29962921142578
2026-01-14,182.91690063476562,223.60000610351562,439.20001220703125,236.64999389648438,614.4240112304688,88.55000305175781,948.3065185546875,330.4884338378906,242.61000061035156,70.49698638916016
2026-01-15,186.82212829589844,227.9199981689453,438.57000732421875,238.17999267578125,619.694580078125,88.05000305175781,954.060302734375,334.43505859375,247.74000549316406,69.5496597290039
2026-01-16,186.0031280517578,231.8300018310547,437.5,239.1199951171875,619.1455688476562,88.0,960.9010620117188,326.6010437011719,247.67999267578125,69.51018524169922
2026-01-20,177.85308837890625,231.9199981689453,419.25,231.0,603.0443115234375,87.26000213623047,961.5492553710938,333.912109375,249.0,70.80289459228516
2026-01-21,183.09669494628906,249.8000030517578,431.44000244140625,231.30999755859375,611.8685913085938,85.36000061035156,980.096923828125,343.1076965332031,250.07000732421875,71.05946350097656
2026-01-22,184.6148223876953,253.72999572753906,449.3599853515625,234.33999633789062,646.476806640625,83.54000091552734,973.4257202148438,349.7380065917969,251.41000366210938,70.92131042480469
2026-01-23,187.44137573242188,259.67999267578125,449.05999755859375,239.16000366210938,657.5870361328125,86.12000274658203,980.48583984375,351.50408935546875,252.14999389648438,71.91797637939453
2026-01-26,186.2428436279297,251.30999755859375,435.20001220703125,238.4199981689453,671.1627197265625,85.69999694824219,974.9215087890625,346.9457702636719,248.42999267578125,71.60220336914062
2026-01-27,188.29034423828125,252.02999877929688,430.8999938964844,244.67999267578125,671.7716674804688,85.58000183105469,967.5523071289062,278.92608642578125,244.55999755859375,72.57913208007812
2026-01-28,191.28668212890625,252.74000549316406,431.4599914550781,243.00999450683594,667.5391845703125,84.63999938964844,958.0790405273438,290.094970703125,241.58999633789062,72.09559631347656
2026-01-29,192.27548217773438,252.17999267578125,416.55999755859375,241.72999572753906,736.995361328125,83.16000366210938,950.211181640625,288.3880615234375,234.0399932861328,72.4607162475586
2026-01-30,190.8971710205078,236.72999572753906,430.4100036621094,239.3000030517578,715.2241821289062,83.48999786376953,938.8876342773438,283.099609375,233.72000122070312,73.82250213623047
2026-02-02,185.38388061523438,246.27000427246094,421.80999755859375,242.9600067138672,705.152099609375,82.76000213623047,966.9569091796875,281.77752685546875,233.02000427246094,74.33563995361328
2026-02-03,180.12030029296875,242.11000061035156,421.9599914550781,238.6199951171875,690.4683227539062,79.94000244140625,976.5030517578125,280.3863220214844,233.14999389648438,75.87504577636719
2026-02-04,173.97781372070312,200.19000244140625,406.010009765625,232.99000549316406,667.798828125,80.16000366210938,976.9324340820312,272.2366027832031,235.9499969482422,76.32897186279297
2026-02-05,171.67062377929688,192.5,397.2099914550781,222.69000244140625,669.0166625976562,80.87000274658203,987.8565673828125,264.9649658203125,236.9499969482422,77.47366333007812
2026-02-06,185.18414306640625,208.44000244140625,411.1099853515625,210.32000732421875,660.2822265625,82.19999694824219,999.7093505859375,272.95684814453125,243.02999877929688,77.98680114746094
2026-02-09,189.80848693847656,216.0,417.32000732421875,208.72000122070312,676.0140991210938,81.47000122070312,996.1445922851562,272.0195617675781,244.7100067138672,76.94078826904297
2026-02-10,188.31031799316406,213.57000732421875,425.2099914550781,206.9600067138672,669.525634765625,82.20999908447266,969.82275390625,269.5726623535156,242.58999633789062,75.79609680175781
2026-02-11,189.81849670410156,213.5800018310547,428.2699890136719,204.0800018310547,667.4993286132812,79.62000274658203,976.7227783203125,275.1866760253906,236.25999450683594,77.56246948242188
2026-02-12,186.7122802734375,205.94000244140625,417.07000732421875,199.60000610351562,648.6529541015625,75.86000061035156,997.4127197265625,280.57379150390625,239.35000610351562,77.95719146728516
2026-02-13,182.58729553222656,207.32000732421875,417.44000244140625,198.7899932861328,638.6307983398438,76.87000274658203,1017.0042724609375,289.2760314941406,242.9600067138672,77.64141845703125
2026-02-17,184.7446746826172,203.0800018310547,410.6300048828125,201.14999389648438,638.1516723632812,77.0,1010.5836181640625,285.23077392578125,244.0399932861328,78.50979614257812
2026-02-18,187.75099182128906,200.1199951171875,411.32000732421875,204.7899932861328,642.0746459960938,77.98999786376953,994.6367797851562,284.3526916503906,238.92999267578125,78.44071960449219
2026-02-19,187.6710968017578,203.3699951171875,411.7099914550781,204.86000061035156,643.6318969726562,77.0,986.3887329101562,286.0595703125,233.7100067138672,77.86837768554688
2026-02-20,189.58877563476562,200.14999389648438,411.82000732421875,210.11000061035156,654.4925537109375,78.66999816894531,983.8424072265625,286.1286315917969,232.02999877929688,78.78610229492188
2026-02-23,191.316650390625,196.60000610351562,399.8299865722656,205.27000427246094,636.1153564453125,76.0199966430664,984.5913696289062,278.5708923339844,230.44000244140625,79.49659729003906
2026-02-24,192.61508178710938,213.83999633789062,409.3800048828125,208.55999755859375,638.1616821289062,78.04000091552734,996.9833374023438,270.29290771484375,233.38999938964844,79.65449523925781
2026-02-25,195.32176208496094,210.86000061035156,417.3999938964844,210.63999938964844,652.5260009765625,82.69999694824219,993.3186645507812,280.40606689453125,230.36000061035156,79.40779113769531
2026-02-26,184.66476440429688,203.67999267578125,408.5799865722656,207.9199981689453,655.8401489257812,84.58999633789062,985.310302734375,282.8332214355469,229.41000366210938,79.43739318847656
2026-02-27,176.97415161132812,200.2100067138672,402.510009765625,210.0,647.0258178710938,96.23999786376953,1009.325439453125,289.3549499511719,227.52999877929688,80.48339080810547
2026-03-02,182.25770568847656,198.6199951171875,403.32000732421875,208.38999938964844,652.396240234375,97.08999633789062,1001.3170776367188,290.9928283691406,229.74000549316406,79.16108703613281
2026-03-03,179.83065795898438,190.9499969482422,392.42999267578125,208.72999572753906,653.91357421875,97.69999694824219,1006.309814453125,285.34918212890625,224.1199951171875,78.2927017211914
2026-03-04,182.8170166015625,202.07000732421875,405.94000244140625,216.82000732421875,666.541015625,98.66000366210938,1005.2813110351562,288.06243896484375,227.30999755859375,77.06907653808594
2026-03-05,183.11663818359375,199.4499969482422,405.54998779296875,218.94000244140625,659.393798828125,99.16999816894531,981.1463623046875,284.9150390625,222.05999755859375,76.01319122314453
2026-03-06,177.6033935546875,192.42999267578125,396.7300109863281,213.2100067138672,643.7117309570312,99.0199966430664,996.65380859375,282.6556396484375,231.11000061035156,76.02306365966797
2026-03-09,182.427490234375,202.67999267578125,398.67999267578125,213.49000549316406,646.2372436523438,98.31999969482422,1003.8433837890625,283.550537109375,225.0,76.77303314208984
2026-03-10,184.54490661621094,203.22999572753906,399.239990234375,214.3300018310547,652.9053955078125,96.94000244140625,995.9148559570312,280.736572265625,217.75999450683594,76.85197448730469
2026-03-11,185.8134307861328,204.8300018310547,407.82000732421875,212.64999389648438,653.6939697265625,94.88999938964844,990.7922973632812,283.63006591796875,214.10000610351562,76.60527801513672
2026-03-12,182.9268035888672,197.74000549316406,395.010009765625,209.52999877929688,637.043701171875,94.30999755859375,1001.8662719726562,275.47662353515625,204.75999450683594,76.58554077148438
2026-03-13,180.0401611328125,193.38999938964844,391.20001220703125,207.6699981689453,612.6171875,95.30999755859375,1006.9688720703125,280.4880065917969,209.88999938964844,76.8438720703125
2026-03-16,183.0067138671875,196.5800018310547,395.55999755859375,211.74000549316406,626.8690185546875,95.19999694824219,1000.2885131835938,283.8686828613281,213.47000122070312,77.32079315185547
2026-03-17,181.71820068359375,196.30999755859375,399.2699890136719,215.1999969482422,622.0834350585938,94.36000061035156,994.7166137695312,285.9368896484375,210.82000732421875,77.08233642578125
2026-03-18,180.1899871826172,199.4600067138672,392.7799987792969,209.8699951171875,615.1099243164062,94.69999694824219,978.5001220703125,282.71527099609375,205.99000549316406,75.48265838623047
2026-03-19,178.3521270751953,205.27000427246094,380.29998779296875,208.75999450683594,606.1382446289062,91.73999786376953,973.3676147460938,278.8473815917969,201.17999267578125,75.06536102294922
2026-03-20,172.4989471435547,201.3300018310547,367.9599914550781,205.3699951171875,593.1102905273438,91.81999969482422,970.9212036132812,274.0249328613281,195.1199951171875,74.2704849243164
2026-03-23,175.43553161621094,202.67999267578125,380.8500061035156,210.13999938964844,603.5006713867188,93.37999725341797,964.3306884765625,268.00927734375,198.41000366210938,74.62818145751953
2026-03-24,174.99603271484375,205.3699951171875,383.0299987792969,207.24000549316406,592.3709716796875,90.91999816894531,972.4089965820312,270.73370361328125,196.4199981689453,74.19100189208984
2026-03-25,178.47198486328125,220.27000427246094,385.95001220703125,211.7100067138672,594.3391723632812,92.27999877929688,973.447509765625,269.0135192871094,199.61000061035156,74.76728057861328
2026-03-26,171.04066467285156,203.77000427246094,372.1099853515625,207.5399932861328,547.032958984375,93.31999969482422,978.2305908203125,266.5277404785156,194.36000061035156,74.21087646484375
2026-03-27,167.32498168945312,201.99000549316406,361.8299865722656,199.33999633789062,525.233154296875,93.43000030517578,982.4344482421875,257.54901123046875,190.52000427246094,75.22432708740234
2026-03-30,164.97772216796875,196.0399932861328,355.2799987792969,200.9499969482422,535.8833618164062,92.97000122070312,995.1360473632812,260.3033142089844,189.2100067138672,75.78073120117188
2026-03-31,174.1969757080078,203.42999267578125,371.75,208.27000427246094,571.6002197265625,96.1500015258789,994.9862060546875,269.0533142089844,199.02999877929688,75.56214904785156
2026-04-01,175.54541015625,210.2100067138672,381.260009765625,210.57000732421875,578.6936645507812,95.55000305175781,995.1160278320312,272.424072265625,207.32000732421875,75.59195709228516
2026-04-02,177.18348693847656,217.5,360.5899963378906,209.77000427246094,573.9281005859375,98.66000366210938,1013.4894409179688,275.6854553222656,208.22000122070312,76.22785186767578
2026-04-06,177.43319702148438,220.17999267578125,352.82000732421875,212.7899932861328,572.4894409179688,98.93000030517578,1017.0741577148438,279.76214599609375,212.3000030517578,76.72463989257812
2026-04-07,177.89266967773438,221.52999877929688,346.6499938964844,213.77000427246094,574.5175170898438,98.81999969482422,1011.741943359375,305.982421875,210.0,75.42304992675781
2026-04-08,181.8680419921875,231.82000732421875,343.25,221.25,611.8529052734375,99.38999938964844,1028.7772216796875,304.2423400878906,217.8000030517578,76.79419708251953
2026-04-09,183.69590759277344,236.63999938964844,345.6199951171875,233.64999389648438,627.8081665039062,102.05000305175781,1030.53466796875,305.16705322265625,220.05999755859375,77.67848205566406
2026-04-10,188.41041564941406,245.0399932861328,348.95001220703125,238.3800048828125,629.2767333984375,103.01000213623047,997.0232543945312,302.6016845703125,217.6300048828125,76.97303771972656
2026-04-13,189.08961486816406,246.8300018310547,352.4200134277344,239.88999938964844,633.9425048828125,103.16000366210938,979.4287719726562,311.22247314453125,222.13999938964844,75.91984558105469
2026-04-14,196.28123474121094,255.07000732421875,364.20001220703125,249.02000427246094,661.8765258789062,106.27999877929688,973.3875732421875,312.40570068359375,223.77000427246094,75.4131088256836
2026-04-15,198.63848876953125,258.1199951171875,391.95001220703125,248.5,670.9581909179688,107.70999908447266,983.3231811523438,312.2664794921875,223.92999267578125,74.82688903808594
2026-04-16,198.1190948486328,278.260009765625,388.8999938964844,249.6999969482422,676.2432250976562,107.79000091552734,985.7796020507812,314.6031494140625,218.8800048828125,74.6977310180664
2026-04-17,201.44520568847656,278.3900146484375,400.6199951171875,250.55999755859375,687.9124145507812,97.30999755859375,998.4412231445312,322.78643798828125,223.3800048828125,75.25413513183594
2026-04-20,201.82476806640625,274.95001220703125,392.5,248.27999877929688,670.2887573242188,94.83000183105469,996.3942260742188,321.6429748535156,225.0800018310547,74.99580383300781
2026-04-21,199.64732360839844,284.489990234375,386.4200134277344,249.91000366210938,668.220703125,92.58000183105469,1004.3526611328125,344.0450134277344,219.16000366210938,74.2208023071289
2026-04-22,202.26426696777344,303.4599914550781,387.510009765625,255.36000061035156,674.09521484375,93.23999786376953,1002.2457275390625,351.5123596191406,231.27999877929688,74.15125274658203
2026-04-23,199.4075927734375,305.3299865722656,373.7200012207031,255.0800018310547,658.5396728515625,92.81999969482422,1012.9102172851562,352.54644775390625,234.14999389648438,75.7906723022461
2026-04-24,208.0275421142578,347.80999755859375,376.29998779296875,263.989990234375,674.4049682617188,92.44000244140625,1009.6849365234375,352.9044189453125,232.44000244140625,76.138427734375
2026-04-27,216.3578338623047,334.6300048828125,378.6700134277344,261.1199951171875,677.9916381835938,91.37000274658203,996.56396484375,352.67572021484375,231.3300018310547,74.95606231689453
2026-04-28,212.92184448242188,323.2099914550781,376.0199890136719,259.70001220703125,670.7183837890625,92.2699966430664,992.5597534179688,364.6871032714844,230.72000122070312,77.8473892211914
2026-04-29,209.00640869140625,337.1099853515625,372.79998779296875,263.0400085449219,668.5004272460938,92.12000274658203,997.2229614257812,368.6345520019531,224.11000061035156,78.36405944824219
2026-04-30,199.33767700195312,354.489990234375,381.6300048828125,265.05999755859375,611.3433837890625,93.61000061035156,1013.06005859375,368.37603759765625,229.02999877929688,78.25476837158203
2026-05-01,198.21897888183594,360.5400085449219,390.82000732421875,268.260009765625,608.1863403320312,92.05999755859375,1011.7000122070312,366.6856994628906,227.3800048828125,78.07592010498047
2026-05-04,198.24893188476562,341.5400085449219,392.510009765625,272.04998779296875,609.8447875976562,91.0199966430664,1012.7899780273438,368.6445007324219,221.3000030517578,77.68842315673828
2026-05-05,196.271240234375,355.260009765625,389.3699951171875,273.54998779296875,604.3998413085938,87.88999938964844,1016.4199829101562,361.8035583496094,224.3800048828125,77.9765625
2026-05-06,207.5880584716797,421.3900146484375,398.7300109863281,274.989990234375,612.3125,88.2699966430664,995.75,365.1942138671875,229.92999267578125,78.72174835205078
2026-05-07,211.2537841796875,408.4599914550781,411.7900085449219,271.1700134277344,616.2388305664062,88.25,1012.0599975585938,367.6402282714844,231.02999877929688,77.9268798828125
2026-05-08,214.94947814941406,455.19000244140625,428.3500061035156,272.67999267578125,609.0654907226562,87.48999786376953,1008.7899780273438,377.8221130371094,237.36000061035156,77.91693878173828
2026-05-11,219.18453979492188,458.7900085449219,445.0,268.989990234375,598.3054809570312,85.44999694824219,999.469970703125,382.25677490234375,238.2100067138672,78.15541076660156
2026-05-12,220.52297973632812,448.2900085449219,433.45001220703125,265.82000732421875,602.441650390625,87.66000366210938,1021.8800048828125,394.138916015625,236.8699951171875,79.51661682128906
2026-05-13,225.56710815429688,445.5,445.2699890136719,270.1300048828125,616.0590209960938,87.55999755859375,1033.0799560546875,398.8818054199219,240.60000610351562,79.7451400756836
2026-05-14,235.465576171875,449.70001220703125,443.29998779296875,267.2200012207031,617.8573608398438,86.94000244140625,1041.25,396.82354736328125,229.2100067138672,79.93392181396484
2026-05-15,225.05770874023438,424.1000061035156,422.239990234375,264.1400146484375,613.6612548828125,87.0199966430664,1048.949951171875,391.61334228515625,220.49000549316406,80.30155181884766
2026-05-18,222.0612030029297,420.989990234375,409.989990234375,264.8599853515625,610.64404296875,89.6500015258789,1076.469970703125,388.9087829589844,220.61000061035156,80.67910766601562
2026-05-19,220.35317993164062,414.04998779296875,404.1099853515625,259.3399963378906,602.052001953125,89.33000183105469,1094.3199462890625,387.02947998046875,215.00999450683594,81.39449310302734
2026-05-20,223.20985412597656,447.5799865722656,417.260009765625,265.010009765625,604.499755859375,88.08999633789062,1074.010009765625,381.12322998046875,222.1999969482422,81.02687072753906
2026-05-21,219.25445556640625,449.5899963378906,417.8500061035156,268.4599914550781,606.8175659179688,89.30000305175781,1050.449951171875,380.3078918457031,219.61000061035156,80.64929962158203
2026-05-22,215.07933044433594,467.510009765625,426.010009765625,266.32000732421875,609.6949462890625,88.5999984741211,1028.239990234375,386.2638854980469,219.02000427246094,80.95732116699219
2026-05-26,214.60987854003906,503.8900146484375,433.5899963378906,265.2900085449219,611.7730102539062,87.68000030517578,1002.9299926757812,374.71978759765625,218.89999389648438,79.94385528564453
2026-05-27,212.35250854492188,495.5400085449219,440.3599853515625,271.8500061035156,634.6718139648438,87.3499984741211,1003.6900024414062,381.8292236328125,224.3000030517578,81.09642028808594
2026-05-28,214.00057983398438,518.0900268554688,442.1000061035156,274.0,634.7017211914062,86.36000061035156,995.2000122070312,380.35760498046875,228.77999877929688,79.89418029785156
2026-05-29,210.8942108154297,516.0999755859375,435.7900085449219,270.6400146484375,631.92431640625,86.0199966430664,956.3200073242188,378.15020751953125,231.14999389648438,78.50315856933594
2026-06-01,224.09881591796875,510.1300048828125,415.8800048828125,261.260009765625,599.9139404296875,85.8499984741211,946.1099853515625,377.7027587890625,224.3000030517578,78.13553619384766
2026-06-02,222.56060791015625,521.5399780273438,423.739990234375,256.5199890136719,597.0765991210938,83.33000183105469,954.27001953125,375.7738037109375,217.6999969482422,77.90701293945312
2026-06-03,214.5,542.52001953125,423.70001220703125,250.02000427246094,622.4031372070312,81.5199966430664,961.8300170898438,374.8590087890625,210.5800018310547,78.25476837158203
2026-06-04,218.66000366210938,523.2000122070312,418.45001220703125,253.7899932861328,626.9888916015625,81.55999755859375,972.3499755859375,394.21844482421875,217.4199981689453,76.32720947265625
2026-06-05,205.10000610351562,466.3800048828125,391.0,246.02999877929688,592.450927734375,82.18000030517578,971.8699951171875,397.201416015625,215.4499969482422,78.97014617919922
2026-06-08,208.63999938964844,490.3299865722656,408.95001220703125,245.22000122070312,584.8479614257812,82.63999938964844,974.75,404.2610778808594,215.9199981689453,79.0297622680664
2026-06-09,208.19000244140625,475.510009765625,396.67999267578125,244.19000244140625,584.0487060546875,81.41000366210938,968.5900268554688,410.6545715332031,214.50999450683594,80.81820678710938
2026-06-10,200.4199981689453,452.3999938964844,381.5899963378906,238.0,570.4512939453125,82.0,983.3699951171875,405.1460266113281,209.0,83.05377197265625
2026-06-11,204.8699951171875,488.45001220703125,399.1499938964844,241.50999450683594,567.9036254882812,81.2699966430664,975.6900024414062,403.2468566894531,221.6300048828125,82.00057983398438
2026-06-12,205.19000244140625,511.57000732421875,406.42999267578125,238.5500030517578,566.4549560546875,80.33999633789062,982.3499755859375,406.20001220703125,219.0500030517578,82.09000396728516
2026-06-15,212.4499969482422,547.260009765625,411.1499938964844,246.02000427246094,593.47998046875,81.66999816894531,979.4500122070312,411.0400085449219,228.9499969482422,80.91000366210938
2026-06-16,207.41000366210938,507.2900085449219,404.6600036621094,246.0,600.2100219726562,78.72000122070312,986.6799926757812,407.6499938964844,227.49000549316406,80.27999877929688
2026-06-17,204.64999389648438,512.47998046875,396.3800048828125,237.5,567.5800170898438,76.95999908447266,965.5900268554688,399.5299987792969,225.6300048828125,79.93000030517578
2026-06-18,210.69000244140625,537.3699951171875,400.489990234375,244.38999938964844,577.219970703125,77.37999725341797,951.4500122070312,400.9599914550781,222.72000122070312,79.38999938964844
2026-06-22,208.64999389648438,551.6300048828125,405.04998779296875,232.7899932861328,563.8499755859375,72.87999725341797,951.3499755859375,406.67999267578125,220.8300018310547,79.52999877929688
2026-06-23,200.0399932861328,519.8499755859375,381.6099853515625,234.11000061035156,562.2000122070312,72.81999969482422,957.6799926757812,409.25,216.7100067138672,80.30999755859375
2026-06-24,199.0,519.739990234375,375.5299987792969,234.27000427246094,557.6699829101562,71.83999633789062,961.0900268554688,405.79998779296875,220.25,80.5999984741211
2026-06-25,195.74000549316406,532.5700073242188,375.1199951171875,227.00999450683594,542.8699951171875,70.9000015258789,942.239990234375,415.5299987792969,218.1199951171875,80.41999816894531
2026-06-26,192.52999877929688,521.5800170898438,379.7099914550781,232.69000244140625,550.25,73.80999755859375,952.5399780273438,427.8900146484375,217.25,82.62999725341797
2026-06-29,194.97000122070312,539.489990234375,411.8399963378906,240.13999938964844,562.5999755859375,73.77999877929688,946.6799926757812,419.82000732421875,214.69000244140625,82.6500015258789
2026-06-30,200.08999633789062,580.9099731445312,420.6000061035156,238.33999633789062,563.2899780273438,71.4000015258789,935.469970703125,415.6300048828125,216.47000122070312,81.2699966430664
2026-07-01,197.5800018310547,540.8800048828125,425.29998779296875,241.6999969482422,612.9099731445312,74.19000244140625,924.6699829101562,426.5400085449219,218.5800018310547,81.29000091552734
2026-07-02,194.8300018310547,517.8200073242188,393.45001220703125,242.6699981689453,582.9000244140625,77.6500015258789,951.6699829101562,425.3599853515625,226.49000549316406,84.13999938964844
