Date,MSFT,AAPL,NVDA,AMZN,INTC,MU,JPM,AAL,GLD,TLT
2018-01-02,78.6999282836914,40.26708221435547,4.922529220581055,59.45050048828125,39.33039093017578,42.59078598022461,85.9012680053711,51.64755630493164,125.1500015258789,98.7056655883789
2018-01-03,79.0661849975586,40.26007080078125,5.246500015258789,60.209999084472656,37.995582580566406,43.868412017822266,85.98880767822266,51.01402282714844,124.81999969482422,99.17761993408203
2018-01-04,79.76207733154297,40.44707489013672,5.274156093597412,60.47949981689453,37.29880905151367,45.721466064453125,87.22064208984375,51.33565902709961,125.45999908447266,99.16185760498047
2018-01-05,80.75096130371094,40.90755844116211,5.318851947784424,61.457000732421875,37.55904769897461,44.668148040771484,86.66070556640625,51.31617736816406,125.33000183105469,98.87873077392578
2018-01-08,80.83335876464844,40.755638122558594,5.48182487487793,62.34349822998047,37.55904769897461,44.42432403564453,86.7886734008789,50.80934524536133,125.30999755859375,98.81578063964844
2018-01-09,80.77840423583984,40.75094985961914,5.48034143447876,62.6349983215332,36.61881637573242,41.90808868408203,87.2286376953125,50.760616302490234,124.7300033569336,97.49433898925781
2018-01-10,80.41216278076172,40.74159622192383,5.523307800292969,62.71649932861328,35.67857360839844,42.239681243896484,88.18852233886719,52.417545318603516,125.02999877929688,97.37638092041016
2018-01-11,80.6502456665039,40.97301483154297,5.533185005187988,63.83399963378906,36.442508697509766,41.76179504394531,88.66046905517578,54.990665435791016,125.44000244140625,97.77751922607422
2018-01-12,82.04203033447266,41.3961181640625,5.506021976470947,65.26000213623047,36.2998046875,41.75204086303711,90.12425231933594,56.988731384277344,126.95999908447266,97.94270324707031
2018-01-16,80.89746856689453,41.18574142456055,5.435154438018799,65.24299621582031,36.215858459472656,41.85932540893555,89.80431365966797,56.511146545410156,127.16999816894531,98.35173797607422
2018-01-17,82.53646850585938,41.8659782409668,5.548988342285156,64.75,37.26522445678711,43.16620635986328,90.38024139404297,56.686580657958984,126.13999938964844,98.21802520751953
2018-01-18,82.49984741210938,41.90338897705078,5.542075157165527,64.66600036621094,37.34077072143555,42.90288162231445,90.59619140625,56.86201858520508,125.86000061035156,97.30559539794922
2018-01-19,82.40827178955078,41.71637725830078,5.682082176208496,64.72899627685547,37.626197814941406,41.69352340698242,90.39622497558594,56.58911895751953,126.41999816894531,96.7943115234375
2018-01-22,83.88248443603516,41.37509536743164,5.770483493804932,66.3655014038086,38.40693664550781,41.8203125,91.45210266113281,56.62810134887695,126.6500015258789,96.88867950439453
2018-01-23,84.14801025390625,41.38444137573242,5.899381160736084,68.12699890136719,38.66718673706055,42.863868713378906,91.3561019897461,56.81329345703125,127.27999877929688,97.30559539794922
2018-01-24,84.07473754882812,40.72523880004883,5.822585105895996,67.87550354003906,38.20545959472656,42.015377044677734,92.5239486694336,53.401954650878906,128.8300018310547,96.77861022949219
2018-01-25,84.5417251586914,39.99824905395508,5.836166858673096,68.89749908447266,38.029170989990234,41.94709396362305,92.5479507446289,51.70603942871094,127.97000122070312,97.57307434082031
2018-01-26,86.12581634521484,40.091773986816406,6.0085225105285645,70.10250091552734,42.041954040527344,42.59078598022461,93.04389953613281,51.72553634643555,128.07000732421875,97.211181640625
2018-01-29,85.99761199951172,39.26191329956055,6.0954413414001465,70.88400268554688,41.95800018310547,42.22018051147461,92.94791412353516,51.34541702270508,127.3499984741211,96.53474426269531
2018-01-30,84.91714477539062,39.030494689941406,5.993460655212402,71.89099884033203,40.959007263183594,40.64020919799805,92.07601928710938,51.2576904296875,126.80000305175781,95.96843719482422
2018-01-31,86.99567413330078,39.13803482055664,6.069512844085693,72.54450225830078,40.413326263427734,42.63955307006836,92.5239486694336,52.94386672973633,127.6500015258789,96.53474426269531
2018-02-01,86.3089599609375,39.2198371887207,5.9386420249938965,69.5,40.001976013183594,41.43995666503906,93.48384857177734,52.515018463134766,128.07000732421875,95.1357192993164
2018-02-02,84.03812408447266,37.51808547973633,5.7662858963012695,71.49749755859375,38.742740631103516,39.811214447021484,91.41211700439453,50.78010940551758,126.38999938964844,94.25287628173828
2018-02-05,80.57699584960938,36.58071517944336,5.276871681213379,69.5,37.37435531616211,38.42631149291992,87.02865600585938,48.5926513671875,126.70999908447266,95.14356994628906
2018-02-06,83.6260986328125,38.10948944091797,5.5702223777771,72.14199829101562,37.95753479003906,42.79560852050781,89.67632293701172,49.979339599609375,125.37999725341797,94.55245971679688
2018-02-07,82.0511474609375,37.29368591308594,5.649734973907471,70.83899688720703,38.20265197753906,40.97181701660156,90.28425598144531,50.194183349609375,124.79000091552734,93.65389251708984
2018-02-08,77.8392105102539,36.267478942871094,5.371199131011963,67.5250015258789,36.131927490234375,39.0114860534668,86.29277801513672,47.45986557006836,124.9800033569336,93.55145263671875
2018-02-09,80.74179077148438,36.711090087890625,5.730726718902588,66.9800033569336,37.14616012573242,39.41135025024414,88.02054595947266,47.225502014160156,124.7699966430664,92.96023559570312
2018-02-12,81.6116714477539,38.18976974487305,5.6307220458984375,69.3115005493164,37.889923095703125,41.14735794067383,89.38036346435547,48.91490936279297,125.37000274658203,93.37016296386719
2018-02-13,82.25262451171875,38.57234191894531,5.744307994842529,70.72550201416016,37.57719802856445,41.57649230957031,89.93231201171875,49.67661666870117,126.08000183105469,93.78787231445312
2018-02-14,83.54055786132812,39.28351974487305,5.961359977722168,72.55249786376953,38.354793548583984,42.376224517822266,92.01202392578125,49.87192153930664,128.22999572753906,92.7474594116211
2018-02-15,85.2424545288086,40.60258483886719,6.086797714233398,73.08799743652344,38.811180114746094,42.42499542236328,92.3959732055664,50.457847595214844,128.3800048828125,93.0627670288086
2018-02-16,84.63529205322266,40.47115707397461,6.021116733551025,72.43450164794922,38.50691604614258,43.11743927001953,91.73207092285156,50.369964599609375,127.95999908447266,93.56720733642578
2018-02-20,85.29764556884766,40.33501052856445,6.150506973266602,73.4175033569336,39.14925765991211,43.790401458740234,91.75607299804688,50.50667190551758,126.23999786376953,93.15733337402344
2018-02-21,84.16612243652344,40.15193557739258,5.9635820388793945,74.14600372314453,38.828086853027344,43.43928909301758,92.14002990722656,51.54180908203125,125.66000366210938,92.01443481445312
2018-02-22,84.38690185546875,40.487579345703125,5.983100891113281,74.26699829101562,38.70976638793945,43.15645217895508,91.97203826904297,51.73711395263672,126.30000305175781,92.290283203125
2018-02-23,86.5303955078125,41.191707611083984,6.076498031616211,75.0,40.34098815917969,45.38010787963867,93.83578491210938,52.13749694824219,126.13999938964844,93.11000061035156
2018-02-26,87.78150177001953,42.00615310668945,6.092559337615967,76.09750366210938,41.50733947753906,46.79427719116211,95.00363159179688,53.70973205566406,126.44999694824219,93.1415786743164
2018-02-27,86.6591796875,41.87002944946289,6.079710483551025,75.5989990234375,42.183494567871094,47.379451751708984,93.87578582763672,52.98708724975586,125.12999725341797,93.00759887695312
2018-02-28,86.26360321044922,41.806644439697266,5.97939395904541,75.62249755859375,41.65947341918945,47.603759765625,92.38796997070312,52.97731399536133,125.0,93.59871673583984
2018-03-01,85.41722869873047,41.07434844970703,5.737502098083496,74.67250061035156,40.43394470214844,46.44317626953125,90.73218536376953,52.22538757324219,124.72000122070312,94.23765563964844
2018-03-02,85.60124969482422,41.35835647583008,5.84448766708374,75.01249694824219,41.397464752197266,47.89634704589844,90.64422607421875,51.93241500854492,125.38999938964844,93.47152709960938
2018-03-05,86.14400482177734,41.50154113769531,5.822497844696045,76.18049621582031,42.04826354980469,50.74418640136719,92.0360107421875,51.94218826293945,125.18000030517578,93.21883392333984
2018-03-06,85.849609375,41.466331481933594,5.9833478927612305,76.88200378417969,42.859642028808594,52.41193389892578,92.11601257324219,52.31327438354492,126.52999877929688,93.30567169189453
2018-03-07,86.34639739990234,41.08140182495117,5.975442409515381,77.25,43.37520980834961,52.63624572753906,91.77204895019531,52.840606689453125,125.72000122070312,93.2030258178711
2018-03-08,86.87077331542969,41.52969741821289,5.959134101867676,77.59300231933594,42.885009765625,53.8553581237793,91.78006744384766,53.5046501159668,125.41999816894531,93.7401123046875
2018-03-09,88.81182861328125,42.243221282958984,6.061675071716309,78.94450378417969,44.11052703857422,53.24093246459961,94.41970825195312,54.75462341308594,125.54000091552734,93.1240234375
2018-03-12,89.02345275878906,42.651611328125,6.171131134033203,79.91950225830078,43.544246673583984,57.90279006958008,94.11576080322266,55.17454147338867,125.54000091552734,93.6611099243164
2018-03-13,86.85237884521484,42.240875244140625,6.120479106903076,79.40899658203125,43.764007568359375,57.96131896972656,92.98788452148438,54.91087341308594,125.77999877929688,94.13500213623047
2018-03-14,86.33718872070312,41.88175964355469,6.145928382873535,79.55000305175781,43.83162307739258,58.30266189575195,91.94802856445312,53.98316192626953,125.69999694824219,94.9642562866211
2018-03-15,86.64079284667969,41.93104934692383,6.160754203796387,79.11599731445312,43.00333786010742,57.38589859008789,92.18000793457031,53.875736236572266,124.9000015258789,94.9642562866211
2018-03-16,87.02716064453125,41.78317642211914,6.188920497894287,78.58399963378906,43.248443603515625,59.08290100097656,92.33999633789062,54.100341796875,124.5999984741211,94.62464904785156
2018-03-19,85.45402526855469,41.144779205322266,5.954686641693115,77.24649810791016,42.9610710144043,58.65377426147461,91.612060546875,53.33863830566406,124.87000274658203,94.32450866699219
2018-03-20,85.67481231689453,41.13067626953125,6.166683197021484,79.32550048828125,43.56961441040039,59.63880920410156,91.7000503540039,54.022216796875,124.30999755859375,93.94539642333984
2018-03-21,85.07686614990234,40.19888687133789,6.141480445861816,79.09300231933594,43.57805633544922,59.5607795715332,91.78006744384766,52.821075439453125,126.4800033569336,94.04810333251953
2018-03-22,82.6021957397461,39.630889892578125,5.975688457489014,77.24600219726562,42.9610710144043,57.46391296386719,87.94854736328125,51.08283615112305,125.9800033569336,94.98007202148438
2018-03-23,80.20112609863281,38.71317672729492,5.756278991699219,74.77799987792969,41.7186393737793,52.87031936645508,85.59685516357422,49.81332778930664,127.61000061035156,94.90897369384766
2018-03-26,86.2728042602539,40.550960540771484,6.0406718254089355,77.79299926757812,44.35564041137695,54.18695831298828,88.23651885986328,50.64339065551758,128.27999877929688,94.54568481445312
2018-03-27,82.30783081054688,39.51116943359375,5.572204113006592,74.85250091552734,43.26533126831055,51.10505294799805,86.52471160888672,49.705909729003906,127.48999786376953,95.5566177368164
2018-03-28,82.23419952392578,39.074615478515625,5.469169616699219,71.57099914550781,41.92148208618164,50.217533111572266,86.3887710571289,49.65707778930664,125.7300033569336,95.80931854248047
2018-03-29,83.96371459960938,39.3797492980957,5.722181797027588,72.36699676513672,44.01757049560547,50.85147476196289,87.96453857421875,50.74103927612305,125.79000091552734,96.27532196044922
2018-04-02,81.43386840820312,39.12156677246094,5.461756706237793,68.59950256347656,41.34675979614258,48.822872161865234,86.26874542236328,48.6121826171875,127.26000213623047,96.46529388427734
2018-04-03,82.52861022949219,39.52291488647461,5.568002223968506,69.60250091552734,42.04826354980469,50.27604293823242,87.45262145996094,50.26254653930664,126.30000305175781,95.72129821777344
2018-04-04,84.93887329101562,40.278690338134766,5.589993000030518,70.52850341796875,42.25111389160156,52.070579528808594,88.78044128417969,50.81916809082031,126.44999694824219,95.52339935302734
2018-04-05,84.98487091064453,40.55799865722656,5.469911575317383,72.5875015258789,42.58074188232422,48.60831832885742,89.94617462158203,50.91682052612305,125.80000305175781,94.8110580444336
2018-04-06,83.00698852539062,39.52057647705078,5.2937421798706055,70.2614974975586,41.236881256103516,47.26241683959961,87.7031478881836,49.11022186279297,126.38999938964844,95.847900390625
2018-04-09,83.5037612915039,39.912540435791016,5.322401523590088,70.30400085449219,41.87921905517578,46.7747688293457,88.75631713867188,48.65125274658203,126.81999969482422,96.00619506835938
2018-04-10,85.44483947753906,40.66360855102539,5.631257057189941,71.81099700927734,43.33295822143555,49.23249053955078,90.45266723632812,46.346614837646484,127.12000274658203,95.83209228515625
2018-04-11,84.50650787353516,40.47349548339844,5.589993000030518,71.35250091552734,43.18927764892578,49.23249053955078,88.93318176269531,44.334938049316406,128.11000061035156,96.1723861694336
2018-04-12,86.08879852294922,40.87250518798828,5.796552658081055,72.42500305175781,44.55848693847656,51.290348052978516,91.14408111572266,45.47748565673828,126.62000274658203,95.46797943115234
2018-04-13,85.62882232666016,41.010990142822266,5.71995735168457,71.53949737548828,43.83162307739258,50.93923568725586,88.67591857910156,44.793914794921875,127.44999694824219,95.68965148925781
2018-04-16,86.63156127929688,41.26681900024414,5.719710826873779,72.07499694824219,44.288028717041016,50.37358474731445,88.60357666015625,45.31148147583008,127.62999725341797,95.72129821777344
2018-04-17,88.37947082519531,41.83482360839844,5.869196891784668,75.19149780273438,45.25154113769531,50.968505859375,88.60357666015625,44.676727294921875,127.75,95.98247528076172
2018-04-18,88.7198715209961,41.740928649902344,5.840288162231445,76.39199829101562,45.31070327758789,52.67525100708008,87.8880615234375,46.63957977294922,127.8499984741211,95.2147216796875
2018-04-19,88.41627502441406,40.55799865722656,5.659174919128418,77.84549713134766,44.135887145996094,50.149261474609375,89.81756591796875,45.780216217041016,127.5999984741211,94.43910217285156
2018-04-20,87.39514923095703,38.896244049072266,5.651022911071777,76.37449645996094,43.552703857421875,49.36903762817383,89.61656188964844,45.68256378173828,126.62999725341797,93.75837707519531
2018-04-23,87.71710968017578,38.78358459472656,5.53168249130249,75.89299774169922,43.18927764892578,47.808570861816406,89.18242645263672,45.58491516113281,125.62000274658203,93.78213500976562
2018-04-24,85.66564178466797,38.243751525878906,5.465463638305664,73.00450134277344,43.4850959777832,45.945777893066406,88.76435852050781,44.618133544921875,126.2300033569336,93.35470581054688
2018-04-25,84.92047119140625,38.410396575927734,5.353287696838379,73.00849914550781,43.425933837890625,46.42367172241211,88.42670440673828,44.18845748901367,125.41000366210938,92.7294921875
2018-04-26,86.71438598632812,38.54418182373047,5.564790725708008,75.89800262451172,44.837398529052734,48.90090560913086,88.51514434814453,41.37602233886719,124.97000122070312,93.3785171508789
2018-04-27,88.14949798583984,38.09821319580078,5.592216968536377,78.63099670410156,44.56693649291992,46.34564971923828,87.95236206054688,42.38185501098633,125.5,94.09873962402344
2018-04-30,86.03361511230469,38.78827667236328,5.556883811950684,78.30650329589844,43.62876510620117,44.84370422363281,87.45391845703125,41.922882080078125,124.58999633789062,94.26493835449219
2018-05-01,87.39514923095703,39.6895751953125,5.612231254577637,79.11299896240234,45.07404708862305,45.633689880371094,87.45391845703125,42.342796325683594,123.70999908447266,93.9254150390625
2018-05-02,86.02442169189453,41.4428596496582,5.5917229652404785,78.48400115966797,44.21196365356445,44.75592803955078,86.76248931884766,41.24906921386719,123.6500015258789,93.82231140136719
2018-05-03,86.53959655761719,41.517967224121094,5.756772994995117,78.60399627685547,44.186607360839844,45.467891693115234,86.21583557128906,41.12212371826172,124.27999877929688,94.24274444580078
2018-05-04,87.5423355102539,43.146854400634766,5.90675163269043,79.04750061035156,44.86664962768555,46.40415954589844,87.17253875732422,41.85452651977539,124.54000091552734,94.38551330566406
2018-05-07,88.5174560546875,43.459022521972656,6.14444637298584,80.00700378417969,45.33420181274414,47.28192138671875,87.92826080322266,41.54130172729492,124.56999969482422,94.23479461669922
2018-05-08,88.14030456542969,43.667903900146484,6.186943054199219,79.61949920654297,45.58921813964844,47.36968994140625,89.23064422607422,42.08944320678711,124.58999633789062,94.14754486083984
2018-05-09,89.17981719970703,43.97538375854492,6.319873809814453,80.4000015258789,46.19276809692383,49.74939727783203,91.17621612548828,40.62120819091797,124.33000183105469,93.58442687988281
2018-05-10,90.07217407226562,44.60439682006836,6.427355766296387,80.4540023803711,46.73680877685547,51.35861587524414,91.88371276855469,41.149776458740234,125.18000030517578,94.33792114257812
2018-05-11,89.87901306152344,44.434757232666016,6.288990020751953,80.14550018310547,46.47328186035156,50.53937911987305,91.53800201416016,41.697914123535156,125.0,94.57587432861328
2018-05-14,90.18257141113281,44.33107376098633,6.309497833251953,80.0770034790039,46.66880798339844,51.690223693847656,91.57015228271484,41.560874938964844,124.48999786376953,94.07615661621094
2018-05-15,89.5294189453125,43.928184509277344,6.067357540130615,78.80599975585938,45.835723876953125,52.67525100708008,90.87071990966797,42.275421142578125,122.4800033569336,93.00532531738281
2018-05-16,89.76039123535156,44.338165283203125,6.078474521636963,79.36399841308594,46.44778823852539,55.103721618652344,91.11991882324219,43.12699890136719,122.29000091552734,92.64835357666016
2018-05-17,88.86417388916016,44.05778503417969,6.120479106903076,79.08799743652344,46.592308044433594,53.348209381103516,90.81444549560547,42.70610046386719,122.36000061035156,92.18035125732422
2018-05-18,89.03048706054688,43.89756774902344,6.076745510101318,78.71849822998047,45.478702545166016,52.070579528808594,89.34319305419922,42.461395263671875,122.41000366210938,92.9736099243164
2018-05-21,90.17616271972656,44.20857238769531,6.034740924835205,79.27300262451172,46.17576599121094,54.10892868041992,90.16323852539062,43.34233856201172,122.4800033569336,93.02117919921875
2018-05-22,90.08380126953125,44.097843170166016,5.99669075012207,79.06999969482422,46.28627014160156,57.571197509765625,90.85462951660156,41.971981048583984,122.41000366210938,92.87838745117188
2018-05-23,91.15555572509766,44.38057327270508,6.12006139755249,80.09300231933594,46.93233108520508,58.48797607421875,90.43659210205078,41.8936767578125,122.54000091552734,93.55265045166016
2018-05-24,90.83218383789062,44.33107376098633,6.123769283294678,80.15350341796875,46.541290283203125,59.97040939331055,89.42362213134766,42.63758850097656,123.58999633789062,94.29826354980469
2018-05-25,90.87837219238281,44.432403564453125,6.163080215454102,80.50749969482422,47.12784194946289,59.83386993408203,88.9653549194336,43.95899963378906,123.20999908447266,94.88524627685547
2018-05-29,90.55497741699219,44.272178649902344,6.146020412445068,80.64350128173828,47.02582931518555,61.07247543334961,85.16265869140625,42.66695022583008,123.19000244140625,96.96349334716797
2018-05-30,91.42347717285156,44.177947998046875,6.254804611206055,81.24449920654297,47.33185577392578,61.02372360229492,87.10823059082031,42.383087158203125,123.37000274658203,96.31305694580078
2018-05-31,91.32184600830078,44.02949905395508,6.235024452209473,81.48100280761719,46.923828125,56.166786193847656,86.03092193603516,42.618011474609375,123.0999984741211,96.1543960571289
2018-06-01,93.12353515625,44.823524475097656,6.369273662567139,82.0770034790039,48.52195358276367,57.288368225097656,87.14842987060547,43.06826400756836,122.48999786376953,95.64639282226562
2018-06-04,93.93659210205078,45.198158264160156,6.548025608062744,83.26349639892578,48.3094367980957,57.639469146728516,87.1886215209961,43.91006088256836,122.37000274658203,94.95465850830078
2018-06-05,94.41702270507812,45.546852111816406,6.553464889526367,84.81749725341797,48.054412841796875,57.941810607910156,86.69819641113281,43.24445343017578,122.8499984741211,95.17728424072266
2018-06-06,94.69420623779297,45.70473098754883,6.555440902709961,84.7874984741211,48.47945022583008,57.95155334472656,88.72415924072266,43.254241943359375,122.91999816894531,94.40605163574219
2018-06-07,93.2066879272461,45.58220672607422,6.499815940856934,84.46499633789062,47.501869201660156,58.156368255615234,89.0779037475586,42.91165542602539,122.86000061035156,95.32035827636719
2018-06-08,93.89962005615234,45.16752243041992,6.484485626220703,84.19950103759766,46.79631423950195,59.87287521362305,89.32714080810547,42.197113037109375,123.01000213623047,95.03417205810547
2018-06-11,93.36375427246094,45.056793212890625,6.44344425201416,84.45600128173828,46.34577941894531,59.87287521362305,89.10201263427734,43.22488021850586,123.2300033569336,94.8592300415039
2018-06-12,93.60398864746094,45.3041877746582,6.491904258728027,84.9375,46.600799560546875,59.05363464355469,88.58748626708984,42.490760803222656,122.81999969482422,94.88306427001953
2018-06-13,93.178955078125,44.93191146850586,6.487453460693359,85.24299621582031,46.7793083190918,58.56599044799805,88.4106216430664,42.01113510131836,123.19000244140625,94.83541870117188
2018-06-14,93.70559692382812,44.95546340942383,6.598955154418945,86.19300079345703,47.21284484863281,57.717491149902344,86.8509750366211,42.167747497558594,123.37999725341797,95.62248992919922
2018-06-15,92.51374053955078,44.4936637878418,6.558161735534668,85.79850006103516,46.84731674194336,56.790977478027344,86.7464370727539,41.86431121826172,121.33999633789062,95.70999908447266
2018-06-18,93.18818664550781,44.4701042175293,6.553959369659424,86.18949890136719,45.24068832397461,57.00553894042969,86.97154998779297,41.54130172729492,121.11000061035156,95.62248992919922
2018-06-19,93.18818664550781,43.75148010253906,6.432318687438965,86.73899841308594,44.994163513183594,57.785762786865234,86.46505737304688,40.6309928894043,120.80000305175781,96.17906188964844
2018-06-20,94.12138366699219,43.942317962646484,6.485228061676025,87.50399780273438,45.4447021484375,57.4931755065918,86.45702362060547,41.139984130859375,120.26000213623047,95.33628845214844
2018-06-21,93.4469223022461,43.69728469848633,6.3566670417785645,86.51100158691406,44.365108489990234,57.97106170654297,86.43290710449219,40.61142349243164,120.05000305175781,95.837158203125
2018-06-22,92.7724380493164,43.570045471191406,6.2043681144714355,85.78350067138672,44.628631591796875,55.68889617919922,85.0179443359375,40.4743766784668,120.33999633789062,95.82923126220703
2018-06-25,90.90607452392578,42.92210388183594,5.911890029907227,83.15750122070312,43.107017517089844,51.84626770019531,84.24613952636719,38.83974838256836,119.88999938964844,96.04391479492188
2018-06-26,91.54358673095703,43.45459747314453,5.982845783233643,84.55449676513672,42.222930908203125,53.24093246459961,84.30242919921875,38.262237548828125,119.26000213623047,96.17906188964844
2018-06-27,90.1207275390625,43.390987396240234,5.8278303146362305,83.02549743652344,41.449378967285156,50.968505859375,83.0000228881836,37.4498176574707,118.58000183105469,97.08544158935547
2018-06-28,91.12781524658203,43.70671463012695,5.954906940460205,85.07250213623047,41.86591720581055,51.826759338378906,84.35871124267578,37.39108657836914,118.22000122070312,97.10929107666016
2018-06-29,91.10933685302734,43.614830017089844,5.857002258300781,84.98999786376953,42.25694274902344,51.14406967163086,83.77182006835938,37.15617370605469,118.6500015258789,96.77537536621094
2018-07-02,92.40284729003906,44.10254669189453,5.989027500152588,85.68900299072266,42.67348098754883,53.13364028930664,84.47927856445312,37.54770278930664,117.45999908447266,96.69966125488281
2018-07-03,91.51586151123047,43.334434509277344,5.8555192947387695,84.697998046875,42.05291748046875,50.20778274536133,83.29747772216797,36.95061492919922,118.6500015258789,97.21762084960938
2018-07-05,92.17186737060547,43.68314743041992,6.001140594482422,84.98650360107422,43.14101791381836,51.53417205810547,83.83906555175781,37.1855354309082,119.05000305175781,97.49651336669922
2018-07-06,93.46537780761719,44.28867721557617,6.114869117736816,85.53150177001953,43.66807174682617,51.91453170776367,84.11390686035156,37.283416748046875,118.86000061035156,97.81523895263672
2018-07-09,94.10289764404297,44.90363693237305,6.1623358726501465,86.95099639892578,44.08460235595703,52.96784973144531,86.71669006347656,38.47758483886719,119.1500015258789,97.18573760986328
2018-07-10,94.35238647460938,44.849449157714844,6.261233329772949,87.15350341796875,44.33961486816406,54.36250305175781,86.18319702148438,38.291603088378906,118.93000030517578,97.17778015136719
2018-07-11,94.22303009033203,44.267478942871094,6.119814395904541,87.75,43.52354431152344,52.8410530090332,85.99728393554688,35.198516845703125,117.63999938964844,97.5522689819336
2018-07-12,96.26490020751953,45.00967025756836,6.211291313171387,89.83100128173828,44.50112533569336,54.079673767089844,86.36911010742188,35.5606803894043,118.12999725341797,97.54430389404297
2018-07-13,97.41057586669922,45.08034133911133,6.164069175720215,90.65149688720703,44.39061737060547,54.95742416381836,85.97300720214844,36.333953857421875,117.61000061035156,97.79135131835938
2018-07-16,96.9301528930664,44.98138427734375,6.136379241943359,91.12449645996094,44.21210479736328,54.76237869262695,89.3841552734375,36.490570068359375,117.55000305175781,97.38495635986328
2018-07-17,97.89105224609375,45.10861587524414,6.272110939025879,92.19650268554688,43.99108123779297,55.55236053466797,89.31947326660156,36.58845138549805,116.27999877929688,97.20169067382812
2018-07-18,97.12416076660156,44.86122512817383,6.222911357879639,92.14600372314453,43.96559143066406,56.03024673461914,90.15206146240234,37.55747985839844,116.30999755859375,96.81121063232422
2018-07-19,96.45894622802734,45.20993423461914,6.231070041656494,90.64849853515625,44.18660354614258,54.830650329589844,88.82642364501953,37.32257080078125,115.80999755859375,97.4248046875
2018-07-20,98.18669891357422,45.10627365112305,6.202884197235107,90.68499755859375,44.1270866394043,53.66029739379883,89.94995880126953,37.07786560058594,116.55999755859375,96.22945404052734
2018-07-23,99.75738525390625,45.14632034301758,6.166294574737549,90.0999984741211,44.46712875366211,52.94834518432617,91.62318420410156,37.23448181152344,116.0,95.04216766357422
2018-07-24,99.4709701538086,45.47381591796875,6.148986339569092,91.46199798583984,44.356605529785156,51.856014251708984,92.26983642578125,36.65696334838867,116.04000091552734,95.3688735961914
2018-07-25,102.39986419677734,45.90266036987305,6.227114200592041,93.18049621582031,44.56914138793945,52.070579528808594,93.10242462158203,37.38130187988281,116.68000030517578,95.21746063232422
2018-07-26,101.28189849853516,45.75892639160156,6.300543308258057,90.4000015258789,44.33961486816406,52.431434631347656,92.83568572998047,39.17254638671875,115.7699966430664,95.03422546386719
2018-07-27,99.48945617675781,44.99788284301758,6.230823040008545,90.8635025024414,40.53131103515625,52.62649154663086,93.78950500488281,38.84952926635742,115.83000183105469,95.19358825683594
2018-07-30,97.35514831542969,44.74577713012695,6.03575325012207,88.96099853515625,40.5398063659668,51.6999626159668,94.3553237915039,38.144779205322266,115.6500015258789,94.86685943603516
2018-07-31,98.01116180419922,44.835296630859375,6.053802967071533,88.87200164794922,40.88833236694336,51.48540496826172,92.91650390625,38.70271301269531,115.98999786376953,95.38485717773438
2018-08-01,98.1959228515625,47.47655487060547,6.093606472015381,89.8584976196289,41.49188232421875,50.99776840209961,93.49040985107422,37.33235168457031,115.13999938964844,94.60773468017578
2018-08-02,99.38780975341797,48.86434555053711,6.19620943069458,91.71649932861328,42.06142807006836,52.08033752441406,93.8864974975586,37.12680435180664,114.5199966430664,94.7435302734375
2018-08-03,99.82208251953125,49.00571060180664,6.232800006866455,91.16449737548828,42.18894958496094,51.50491714477539,94.64630126953125,37.6064338684082,114.91999816894531,95.21472930908203
2018-08-06,99.90521240234375,49.260169982910156,6.280517101287842,92.38749694824219,42.16328048706055,51.368377685546875,94.67056274414062,37.69474792480469,114.33000183105469,95.27062225341797
2018-08-07,100.59817504882812,48.798377990722656,6.352709770202637,93.1240005493164,42.505374908447266,51.72922897338867,95.01814270019531,37.547550201416016,114.58999633789062,94.77548217773438
2018-08-08,101.16178894042969,48.83134460449219,6.389052867889404,94.32599639892578,42.72773742675781,52.070579528808594,95.2121353149414,37.665313720703125,114.91000366210938,94.87129974365234
2018-08-09,101.32806396484375,49.21539306640625,6.34059476852417,94.9260025024414,42.88167953491211,50.968505859375,94.47657775878906,37.21387481689453,114.73999786376953,95.669921875
2018-08-10,100.70903778076172,49.068809509277344,6.299306869506836,94.31500244140625,41.77842330932617,50.10049057006836,93.54698944091797,36.566165924072266,114.69000244140625,96.36476135253906
2018-08-13,99.97914123535156,49.38563537597656,6.332188129425049,94.80999755859375,41.43634033203125,50.07124328613281,92.05967712402344,36.104923248291016,112.95999908447266,96.16512298583984
2018-08-14,101.2264633178711,49.593711853027344,6.463470458984375,95.98249816894531,41.15409851074219,49.36903762817383,92.67401885986328,36.39933395385742,113.06999969482422,95.94947814941406
2018-08-15,99.85376739501953,49.709571838378906,6.405370712280273,94.13099670410156,40.589637756347656,46.3163948059082,91.90611267089844,36.74281311035156,111.19000244140625,96.50853729248047
2018-08-16,99.83522033691406,50.43781280517578,6.364824295043945,94.32599639892578,40.34162521362305,45.93602752685547,92.77101135253906,37.44940948486328,111.0999984741211,96.50054168701172
2018-08-17,99.77957153320312,51.44504928588867,6.0528106689453125,94.11100006103516,40.28174591064453,45.945777893066406,92.77101135253906,37.086299896240234,112.12999725341797,96.62035369873047
2018-08-20,99.12107849121094,50.943809509277344,6.127478122711182,93.83550262451172,39.768611907958984,46.882057189941406,92.64974975585938,39.245338439941406,112.69000244140625,97.26725006103516
2018-08-21,98.29556274414062,50.844482421875,6.262963771820068,94.1709976196289,40.72648239135742,48.705848693847656,93.21560668945312,39.57899856567383,113.0199966430664,96.9397964477539
2018-08-22,99.29729461669922,50.84684753417969,6.497836589813232,95.24500274658203,40.23899841308594,48.9984245300293,92.93269348144531,38.46022415161133,113.2699966430664,97.32311248779297
2018-08-23,99.76102447509766,50.95088577270508,6.59722375869751,95.1449966430664,40.17911911010742,48.471771240234375,92.73867797851562,38.106937408447266,112.19999694824219,97.4748764038086
2018-08-24,100.54010772705078,51.109310150146484,6.730237007141113,95.26950073242188,40.76068878173828,49.447052001953125,92.69827270507812,38.09711837768555,114.16000366210938,97.66654968261719
2018-08-27,101.65310668945312,51.530174255371094,6.821219444274902,96.38400268554688,41.350799560546875,50.78319549560547,94.33914947509766,38.78408432006836,114.58999633789062,97.1075210571289
2018-08-28,102.2652587890625,51.94630432128906,6.783640384674072,96.64099884033203,41.538963317871094,51.046531677246094,93.87840270996094,39.93229293823242,113.68000030517578,96.52449035644531
2018-08-29,103.89763641357422,52.72184753417969,6.8890204429626465,99.90499877929688,41.69289779663086,50.54913330078125,93.5712661743164,39.74583435058594,114.19999694824219,96.6522445678711
2018-08-30,103.83271789550781,53.206539154052734,6.872199535369873,100.11900329589844,41.25673294067383,51.45614242553711,93.11051940917969,39.64769744873047,113.63999938964844,96.85993957519531
2018-08-31,104.18517303466797,53.8213005065918,6.943194389343262,100.635498046875,41.419219970703125,51.222084045410156,92.61743927001953,39.7262077331543,113.51000213623047,96.63632202148438
2018-09-04,103.61011505126953,53.993896484375,7.017899513244629,101.97550201416016,41.01727294921875,50.646671295166016,93.07817077636719,40.010807037353516,112.93000030517578,96.07762908935547
2018-09-05,100.62358093261719,53.6416015625,6.887289047241211,99.74099731445312,40.812007904052734,48.31571960449219,92.62550354003906,38.9312858581543,113.31999969482422,95.82149505615234
2018-09-06,100.85543060302734,52.75020980834961,6.7462873458862305,97.91549682617188,40.41858673095703,43.546573638916016,92.22943115234375,37.76344680786133,113.54000091552734,96.17362213134766
2018-09-07,100.36388397216797,52.324623107910156,6.72501277923584,97.60350036621094,39.72584915161133,43.751380920410156,92.40725708007812,37.71438217163086,113.2300033569336,95.35719299316406
2018-09-10,101.44904327392578,51.62238311767578,6.796009540557861,96.95050048828125,39.597564697265625,43.790401458740234,91.91417694091797,38.69575881958008,113.1500015258789,95.70934295654297
2018-09-11,103.1741943359375,52.92754364013672,6.748267650604248,99.35749816894531,38.4258918762207,42.522518157958984,92.49618530273438,39.431793212890625,113.22000122070312,94.98098754882812
2018-09-12,103.61011505126953,52.270240783691406,6.634474754333496,99.5,38.4258918762207,40.708492279052734,91.40495300292969,38.528926849365234,114.16999816894531,95.20507049560547
2018-09-13,104.72308349609375,53.532833099365234,6.712150573730469,99.49349975585938,38.973236083984375,42.542022705078125,91.76061248779297,38.74482727050781,113.76000213623047,95.34921264648438
2018-09-14,105.14973449707031,52.925174713134766,6.838062763214111,98.5094985961914,38.94758605957031,43.2052116394043,91.74445343017578,38.9999885559082,113.0199966430664,94.89291381835938
2018-09-17,104.00892639160156,51.515987396240234,6.776220798492432,95.40149688720703,38.844947814941406,42.50302505493164,92.019287109375,39.56918716430664,113.61000061035156,94.89291381835938
2018-09-18,105.00135803222656,51.60110092163086,6.704235076904297,97.05249786376953,39.426513671875,44.209774017333984,92.39112091064453,40.03043746948242,113.44000244140625,93.9004135131836
2018-09-19,103.60083770751953,51.6318359375,6.727982997894287,96.32099914550781,39.469276428222656,43.946441650390625,95.0747299194336,40.82534408569336,113.87999725341797,93.34004974365234
2018-09-20,105.33525848388672,52.02433776855469,6.58698034286499,97.21499633789062,40.36729049682617,44.921730041503906,95.89112854003906,41.109954833984375,114.2699966430664,93.77229309082031
2018-09-21,105.9751968383789,51.46396255493164,6.516974925994873,95.75050354003906,39.90544509887695,43.63434600830078,95.26063537597656,42.78810501098633,113.48999786376953,93.73223114013672
2018-09-24,106.3554916381836,52.20403289794922,6.572633743286133,96.71800231933594,40.119266510009766,44.043968200683594,94.34724426269531,41.198272705078125,113.47000122070312,93.49214172363281
2018-09-25,106.15142059326172,52.535057067871094,6.639670372009277,98.72750091552734,39.26402282714844,43.536827087402344,94.08048248291016,40.05006408691406,113.6500015258789,93.3960952758789
2018-09-26,105.71550750732422,52.116546630859375,6.602811813354492,98.74250030517578,39.084415435791016,43.25397872924805,92.97309875488281,40.275779724121094,113.05000305175781,94.05240631103516
2018-09-27,106.11434173583984,53.187625885009766,6.614687442779541,100.64900207519531,39.23836898803711,43.878173828125,92.56892395019531,40.72721481323242,112.05000305175781,94.11648559570312
2018-09-28,106.07723236083984,53.37442398071289,6.95160436630249,100.1500015258789,40.44424057006836,44.112239837646484,91.2109603881836,40.56037521362305,112.76000213623047,93.86834716796875
2018-10-01,107.22732543945312,53.73381423950195,7.157912254333496,100.21800231933594,39.72584915161133,44.03422164916992,91.74445343017578,38.872406005859375,112.56999969482422,93.17924499511719
2018-10-02,106.8006820678711,54.211421966552734,7.086668968200684,98.56549835205078,41.136993408203125,44.629146575927734,92.12435150146484,37.783077239990234,113.87000274658203,93.74884033203125
2018-10-03,106.81924438476562,54.87110137939453,7.092852592468262,97.63800048828125,41.70145034790039,44.03422164916992,92.98926544189453,38.07748794555664,113.41999816894531,92.12030029296875
2018-10-04,104.61180877685547,53.90641403198242,6.908810138702393,95.47100067138672,41.16265106201172,43.06867980957031,93.82765197753906,37.21387481689453,113.4800033569336,91.47047424316406
2018-10-05,103.99964141845703,53.03157424926758,6.675539493560791,94.48249816894531,40.221885681152344,42.50302505493164,93.29856872558594,35.76143264770508,113.80000305175781,90.68431091308594
2018-10-08,102.81246948242188,52.90863037109375,6.574363708496094,93.22100067138672,40.221885681152344,42.00562286376953,93.86837768554688,35.23149490356445,112.54000091552734,90.37947845458984
2018-10-09,104.1202392578125,53.6416015625,6.5686750411987305,93.51599884033203,39.81137466430664,41.22538757324219,93.2171630859375,32.925254821777344,112.5999984741211,91.29400634765625
2018-10-10,98.46253204345703,51.156585693359375,6.077646255493164,87.76249694824219,38.314697265625,40.581695556640625,90.73453521728516,31.021379470825195,112.87999725341797,91.04531860351562
2018-10-11,98.23068237304688,50.704994201660156,5.816422462463379,85.96800231933594,37.827213287353516,40.932804107666016,88.01581573486328,30.687711715698242,115.77999877929688,92.15238952636719
2018-10-12,101.62528228759766,52.51612854003906,6.0986714363098145,89.43049621582031,38.38312530517578,41.42044448852539,87.0553207397461,30.334413528442383,115.2300033569336,91.83148193359375
2018-10-15,99.79811096191406,51.393043518066406,5.822606563568115,88.04750061035156,38.08378601074219,41.293663024902344,86.55880737304688,31.188215255737305,116.0,91.79137420654297
2018-10-16,102.95160675048828,52.52559280395508,6.081108570098877,90.99800109863281,39.2896842956543,42.142154693603516,88.41468048095703,32.6602783203125,115.80000305175781,91.99996948242188
2018-10-17,102.68260192871094,52.29861068725586,6.0125861167907715,91.58650207519531,39.246910095214844,41.30340576171875,89.39959716796875,32.944881439208984,115.79000091552734,91.45442962646484
2018-10-18,100.63287353515625,51.07620620727539,5.925264358520508,88.53600311279297,38.46009063720703,40.27935791015625,87.98326110839844,31.462997436523438,115.91999816894531,91.42237854003906
2018-10-19,100.78125762939453,51.854095458984375,5.668989181518555,88.20149993896484,37.63051223754883,39.45036697387695,87.83675384521484,31.44337272644043,116.01000213623047,91.2218017578125
2018-10-22,101.68092346191406,52.170928955078125,5.719700813293457,89.46499633789062,38.49429702758789,38.777408599853516,86.57506561279297,31.561134338378906,115.70999908447266,91.10143280029297
2018-10-23,100.2618637084961,52.66272735595703,5.468372344970703,88.43499755859375,38.058128356933594,37.72410583496094,85.67157745361328,31.77704429626465,116.38999938964844,91.39027404785156
2018-10-24,94.90096282958984,50.85630798339844,4.932814598083496,83.20999908447266,36.27924346923828,34.55442428588867,84.07615661621094,29.775028228759766,116.66000366210938,92.0801773071289
2018-10-25,100.44735717773438,51.96996307373047,5.141347885131836,89.1084976196289,37.89564514160156,35.871063232421875,85.3541259765625,31.767223358154297,116.4000015258789,91.69508361816406
2018-10-26,99.20451354980469,51.14240646362305,4.90510892868042,82.1405029296875,39.075870513916016,34.52516555786133,84.18197631835938,31.855554580688477,116.7699966430664,92.24864196777344
2018-10-29,96.32002258300781,50.182456970214844,4.591690540313721,76.94400024414062,38.82784652709961,33.8034553527832,85.3459701538086,31.99294090270996,116.30999755859375,92.04009246826172
2018-10-30,96.20873260498047,50.433082580566406,5.021620273590088,76.52100372314453,40.84620666503906,35.120086669921875,86.8518295288086,34.014583587646484,115.80000305175781,91.58279418945312
2018-10-31,99.06539154052734,51.74769973754883,5.215311050415039,79.90049743652344,40.09360885620117,36.78783416748047,88.74026489257812,34.4267578125,115.1500015258789,91.11750030517578
2018-11-01,98.23990631103516,52.54214859008789,5.395398139953613,83.27649688720703,41.239620208740234,39.12852096557617,88.70771789550781,35.69274139404297,116.62999725341797,91.2019271850586
2018-11-02,98.46253204345703,49.056976318359375,5.31648588180542,83.27649688720703,40.290306091308594,39.323570251464844,88.21930694580078,35.65348815917969,116.6500015258789,90.06804656982422
2018-11-05,99.71463775634766,47.66435241699219,5.238565921783447,81.38999938964844,41.025814056396484,38.93345642089844,88.7972412109375,35.1515998840332,116.37000274658203,90.42192077636719
2018-11-06,99.90940856933594,48.17979049682617,5.221002101898193,82.1405029296875,40.664344787597656,38.816436767578125,89.21238708496094,34.6103515625,116.04000091552734,90.36561584472656
2018-11-07,103.84193420410156,49.640995025634766,5.2885332107543945,87.77449798583984,41.92947006225586,39.918495178222656,90.74266815185547,36.381710052490234,116.02999877929688,90.48625946044922
2018-11-08,103.6471939086914,49.467803955078125,5.095585346221924,87.74549865722656,42.161827087402344,39.44060134887695,91.47523498535156,36.273460388183594,115.77999877929688,90.47819519042969
2018-11-09,101.62528228759766,48.513973236083984,5.0876688957214355,85.62149810791016,41.404483795166016,38.14348220825195,90.58800506591797,35.643646240234375,114.4800033569336,91.1536636352539
2018-11-12,99.12107849121094,46.070133209228516,4.688660621643066,81.84249877929688,40.147979736328125,36.51475143432617,88.68328857421875,36.273460388183594,113.66000366210938,91.74878692626953
2018-11-13,99.18597412109375,45.609825134277344,4.930340766906738,81.55850219726562,40.78483581542969,36.91461944580078,89.2042236328125,37.17881774902344,113.69999694824219,91.6924819946289
2018-11-14,97.7794189453125,44.32147979736328,4.8778977394104,79.95050048828125,40.52665328979492,37.090171813964844,87.36465454101562,37.503570556640625,114.63999938964844,91.74878692626953
2018-11-15,99.93115234375,45.41527557373047,5.006531238555908,80.97200012207031,41.404483795166016,38.9237060546875,89.59494018554688,37.21818542480469,114.7699966430664,91.70857238769531
2018-11-16,100.87198638916016,45.91828155517578,4.067512035369873,79.67050170898438,42.02413558959961,38.4653205871582,89.52984619140625,36.16521072387695,115.62000274658203,92.23932647705078
2018-11-19,97.453369140625,44.09844970703125,3.5794506072998047,75.614501953125,41.3098258972168,35.91982650756836,90.21356964111328,35.25000762939453,115.66999816894531,92.49669647216797
2018-11-20,94.74272155761719,41.99152374267578,3.6877987384796143,74.77300262451172,40.78483581542969,35.22737121582031,88.27630615234375,35.0236701965332,115.66999816894531,92.52883911132812
2018-11-21,96.04682159423828,41.944053649902344,3.579698324203491,75.83650207519531,40.475013732910156,35.48094177246094,87.61698150634766,35.73221206665039,115.86000061035156,92.49669647216797
2018-11-23,96.0095443725586,40.87873077392578,3.586872100830078,75.10299682617188,40.053314208984375,35.50044631958008,86.81114959716797,37.34611892700195,115.7699966430664,92.59320831298828
2018-11-26,99.17665100097656,41.43155288696289,3.7860050201416016,79.06649780273438,40.83647155761719,35.666255950927734,88.93565368652344,37.49372863769531,115.63999938964844,92.38407135009766
2018-11-27,99.80077362060547,41.34140396118164,3.802826404571533,79.07099914550781,41.370059967041016,36.08562088012695,89.3100357055664,37.68070602416992,114.94999694824219,92.48863220214844
2018-11-28,103.50810241699219,42.931095123291016,3.9596590995788574,83.88749694824219,42.04996871948242,37.75336456298828,90.30311584472656,38.32036209106445,115.37999725341797,92.03825378417969
2018-11-29,102.64183807373047,42.601287841796875,3.896516799926758,83.67849731445312,41.05162811279297,36.9731330871582,89.58682250976562,37.80863571166992,115.73999786376953,92.4001693725586
2018-11-30,103.29386901855469,42.37114334106445,4.0468220710754395,84.50849914550781,42.43722915649414,37.607078552246094,90.50660705566406,39.52095031738281,115.54000091552734,92.7459945678711
2018-12-03,104.41165924072266,43.851688385009766,4.210495471954346,88.61799621582031,43.1429443359375,39.04073715209961,91.36129760742188,39.01906204223633,116.41000366210938,93.40449523925781
2018-12-04,101.08622741699219,41.922706604003906,3.890326499938965,83.41999816894531,41.09465789794922,35.968589782714844,87.28324127197266,36.106163024902344,117.12000274658203,94.96822357177734
2018-12-06,101.71034240722656,41.45527648925781,3.919545888900757,84.95950317382812,41.62824630737305,36.73906326293945,85.62273406982422,36.35218811035156,117.13999938964844,95.2664566040039
2018-12-07,97.63969421386719,39.97711944580078,3.6550891399383545,81.45649719238281,39.79512405395508,34.43739700317383,84.07615661621094,33.03581237792969,118.08999633789062,95.44379425048828
2018-12-10,100.21992492675781,40.24048614501953,3.7603261470794678,82.05149841308594,40.62992477416992,33.93999481201172,82.50517272949219,33.301513671875,117.68000030517578,95.83876037597656
2018-12-11,101.15144348144531,40.01034164428711,3.669449806213379,82.16200256347656,40.7762336730957,34.3398551940918,81.69933319091797,33.55738067626953,117.54000091552734,95.82263946533203
2018-12-12,101.60787200927734,40.12185287475586,3.6870317459106445,83.177001953125,41.163516998291016,35.139591217041016,82.2284164428711,33.803401947021484,117.79000091552734,95.39546966552734
2018-12-13,101.9524917602539,40.560791015625,3.686784505844116,82.91899871826172,41.55939483642578,34.15455627441406,82.30982971191406,31.9434757232666,117.52999877929688,95.16975402832031
2018-12-14,98.76681518554688,39.2629508972168,3.6263654232025146,79.59549713134766,41.189327239990234,33.35482406616211,81.63420867919922,31.894269943237305,117.05999755859375,95.5002212524414
2018-12-17,95.84188079833984,38.89754867553711,3.5552988052368164,76.04550170898438,40.5180549621582,33.0427360534668,80.59232330322266,31.530160903930664,117.87000274658203,96.05641174316406
2018-12-18,96.84790802001953,39.40293502807617,3.6384987831115723,77.5739974975586,41.0860595703125,33.26703643798828,80.20973205566406,33.006290435791016,118.1500015258789,96.63165283203125
2018-12-19,96.58711242675781,38.173892974853516,3.4297568798065186,74.75399780273438,39.218505859375,30.633766174316406,79.19227600097656,31.90411376953125,117.43000030517578,97.90824127197266
2018-12-20,94.5564193725586,37.2105827331543,3.3453187942504883,73.04149627685547,39.192684173583984,30.506982803344727,78.50851440429688,31.38254737854004,119.23999786376953,97.55268859863281
2018-12-21,91.50111389160156,35.76325607299805,3.208385944366455,68.87249755859375,38.59025955200195,29.57070541381836,76.65264129638672,30.29020881652832,118.72000122070312,97.53658294677734
2018-12-24,87.68193054199219,34.837913513183594,3.1467292308807373,67.197998046875,37.51448059082031,28.302833557128906,75.00025177001953,29.2470760345459,120.0199966430664,98.02133178710938
2018-12-26,93.67147827148438,37.2912483215332,3.2957956790924072,73.54499816894531,39.752098083496094,30.126619338989258,78.10967254638672,31.776180267333984,119.66000366210938,96.97098541259766
2018-12-27,94.2490463256836,37.04924392700195,3.248004674911499,73.08200073242188,39.898399353027344,31.140920639038086,78.98877716064453,31.530160903930664,120.56999969482422,96.9871597290039
2018-12-28,93.51313781738281,37.06822204589844,3.3094143867492676,73.9010009765625,40.23403549194336,30.789813995361328,78.81783294677734,31.323497772216797,121.05999755859375,97.8031997680664
2018-12-31,94.61229705810547,37.42649459838867,3.3057005405426025,75.09850311279297,40.388954162597656,30.94586181640625,79.46086883544922,31.59904670715332,121.25,98.17487335205078
2019-01-02,94.19315338134766,37.46919631958008,3.3730521202087402,76.95649719238281,40.5180549621582,31.940645217895508,80.8365249633789,31.963159561157227,121.33000183105469,98.69194030761719
2019-01-03,90.72795867919922,33.73699951171875,3.169262647628784,75.01399993896484,38.28903579711914,30.23390007019043,79.68769836425781,29.581663131713867,122.43000030517578,99.8150405883789
2019-01-04,94.94766235351562,35.17719268798828,3.3723089694976807,78.76950073242188,40.63853454589844,31.891891479492188,82.62540435791016,31.530160903930664,121.44000244140625,98.65962982177734
2019-01-07,95.0687255859375,35.098907470703125,3.550842046737671,81.47550201416016,40.82786560058594,33.15976333618164,82.68284606933594,32.42567443847656,121.86000061035156,98.3687744140625
2019-01-08,95.75804138183594,35.76800537109375,3.46244215965271,82.8290023803711,41.0860595703125,32.906192779541016,82.52693176269531,31.90411376953125,121.52999877929688,98.11022186279297
2019-01-09,97.12734985351562,36.37541198730469,3.5305371284484863,82.97100067138672,41.31841278076172,34.56417465209961,82.3874282836914,32.8881950378418,122.30999755859375,97.95671081542969
2019-01-10,96.50325012207031,36.49165725708008,3.596156358718872,82.81099700927734,41.791770935058594,35.02255630493164,82.37921905517578,31.530160903930664,121.58999633789062,97.32653045654297
2019-01-11,95.75804138183594,36.133399963378906,3.685298204421997,82.02799987792969,42.110191345214844,35.120086669921875,81.98534393310547,31.293977737426758,121.80000305175781,97.70621490478516
2019-01-14,95.05944061279297,35.59004211425781,3.7251648902893066,80.8604965209961,41.61103439331055,33.813201904296875,82.8305435180664,31.20541000366211,122.08999633789062,97.3426513671875
2019-01-15,97.816650390625,36.31845474243164,3.7110507488250732,83.72799682617188,41.82619857788086,33.1500129699707,83.43778991699219,31.589202880859375,121.87999725341797,96.9871597290039
2019-01-16,98.16130828857422,36.76215744018555,3.6855461597442627,84.18900299072266,41.421695709228516,32.75013732910156,84.11068725585938,32.31742858886719,122.2699966430664,97.08409881591797
2019-01-17,98.85063934326172,36.98042678833008,3.7568602561950684,84.66100311279297,41.71430969238281,33.0427360534668,84.45533752441406,33.045654296875,122.11000061035156,97.10835266113281
2019-01-18,100.3316879272461,37.20820236206055,3.885869264602661,84.80999755859375,42.333946228027344,34.87627410888672,85.8257064819336,33.429447174072266,121.0199966430664,96.59937286376953
2019-01-22,98.4407958984375,36.37303161621094,3.6838126182556152,81.6084976196289,41.54218673706055,33.03297424316406,84.47172546386719,32.21902084350586,121.44999694824219,97.25379180908203
2019-01-23,99.40021514892578,36.520137786865234,3.696688413619995,82.0009994506836,41.258182525634766,33.393836975097656,84.25837707519531,31.146364212036133,121.27999877929688,97.21340942382812
2019-01-24,98.92514038085938,36.23067092895508,3.9084014892578125,82.74649810791016,42.82450485229492,35.68575668334961,84.30760955810547,33.12438201904297,121.08999633789062,97.85167694091797
2019-01-25,99.82868194580078,37.431236267089844,3.965602397918701,83.52850341796875,40.4836311340332,37.9971923828125,84.84101104736328,34.42337417602539,122.86000061035156,97.38307189941406
2019-01-28,97.88187408447266,37.08482360839844,3.4173762798309326,81.89450073242188,40.199615478515625,37.13893127441406,85.24307250976562,35.988075256347656,123.29000091552734,97.28614044189453
2019-01-29,95.88848114013672,36.70045852661133,3.2586519718170166,79.69400024414062,40.053314208984375,36.465980529785156,85.48104858398438,35.71253204345703,123.9800033569336,97.77896118164062
2019-01-30,99.09283447265625,39.2083740234375,3.4020233154296875,83.52149963378906,40.913936614990234,37.29498291015625,85.67801666259766,35.76173782348633,124.69000244140625,97.70621490478516
2019-01-31,97.27639770507812,39.490726470947266,3.5595085620880127,85.9365005493164,40.55247116088867,37.27547836303711,84.9312744140625,35.200801849365234,124.75,98.54649353027344
2019-02-01,95.73941802978516,39.50969696044922,3.5837745666503906,81.3115005493164,41.938072204589844,38.62137222290039,85.24307250976562,35.535396575927734,124.5,97.9513168334961
2019-02-04,98.49665069580078,40.631961822509766,3.693965196609497,81.66549682617188,42.359779357910156,38.49458694458008,85.54672241210938,36.19473648071289,123.95999908447266,97.5140609741211
2019-02-05,99.87528228759766,41.327171325683594,3.713031768798828,82.94049835205078,43.03966522216797,38.397056579589844,85.16923522949219,36.44142532348633,124.27999877929688,97.95943450927734
2019-02-06,98.76681518554688,41.34140396118164,3.78855562210083,82.01300048828125,43.21720504760742,40.493927001953125,85.1281967163086,36.27367401123047,123.44000244140625,98.00802612304688
2019-02-07,98.05885314941406,40.558414459228516,3.650383949279785,80.71849822998047,42.636940002441406,38.40681076049805,84.01221466064453,35.69147872924805,123.73999786376953,98.6558609008789
2019-02-08,98.43142700195312,40.606082916259766,3.6689560413360596,79.41100311279297,42.29917526245117,37.62657165527344,83.17518615722656,35.52372741699219,124.20999908447266,99.07695770263672
2019-02-11,98.04023742675781,40.37255859375,3.6263654232025146,79.55000305175781,42.23854446411133,37.62657165527344,82.78131866455078,36.105918884277344,123.5999984741211,98.688232421875
2019-02-12,99.5678939819336,40.720455169677734,3.7432405948638916,81.90049743652344,43.312477111816406,39.40159225463867,84.1927490234375,35.277034759521484,123.86000061035156,98.43718719482422
2019-02-13,99.49335479736328,40.55126953125,3.785583257675171,82.0,43.710872650146484,40.64997100830078,84.59481048583984,35.7309455871582,123.37000274658203,98.06468200683594
2019-02-14,99.57720184326172,40.69900894165039,3.8264408111572266,81.13249969482422,44.005340576171875,41.186370849609375,84.04501342773438,35.63227462768555,124.05999755859375,98.62345886230469
2019-02-15,100.80677032470703,40.60844421386719,3.896021604537964,80.39749908447266,44.74150848388672,40.95229721069336,86.61347961425781,34.5862922668457,124.80000305175781,98.7773208618164
2019-02-19,100.76021575927734,40.72998809814453,3.878688097000122,81.37899780273438,44.51633834838867,40.92304611206055,86.30985260009766,35.00074005126953,126.69999694824219,99.02833557128906
2019-02-20,100.236328125,40.99210739135742,3.925983190536499,81.1050033569336,44.507659912109375,41.166873931884766,86.72836303710938,34.596168518066406,126.4800033569336,98.74492645263672
2019-02-21,102.35052490234375,40.76095962524414,3.857145071029663,80.97200012207031,44.524986267089844,40.50366973876953,86.54780578613281,34.51721954345703,125.05000305175781,97.86227416992188
2019-02-22,103.80984497070312,41.21607971191406,3.941830635070801,81.5780029296875,45.460357666015625,41.517967224121094,86.16216278076172,35.020477294921875,125.5,98.4452896118164
2019-02-25,104.38984680175781,41.516326904296875,3.9294495582580566,81.6500015258789,45.9886474609375,41.69352340698242,87.06481170654297,35.425052642822266,125.37000274658203,98.15377044677734
2019-02-26,105.11017608642578,41.54014587402344,3.8900790214538574,81.81999969482422,46.10124206542969,41.89833450317383,86.40013122558594,35.77042007446289,125.58000183105469,98.63965606689453
2019-02-27,104.93242645263672,41.6688232421875,3.848231315612793,82.05449676513672,46.10990905761719,40.29886245727539,86.29346466064453,35.217830657958984,124.69000244140625,97.52212524414062
2019-02-28,104.80146789550781,41.25897216796875,3.8236918449401855,81.99150085449219,45.86739730834961,39.8697395324707,85.63697814941406,35.158626556396484,123.98999786376953,97.19011688232422
2019-03-01,105.2691879272461,41.69264602661133,3.8779759407043457,83.58650207519531,46.161865234375,40.55244827270508,85.69440460205078,34.18171691894531,121.87999725341797,96.29180908203125
2019-03-04,105.01661682128906,41.90234375,3.886155605316162,84.80850219726562,46.716156005859375,40.0452995300293,85.49747467041016,33.273895263671875,121.55999755859375,97.04646301269531
2019-03-05,104.49275970458984,41.82609939575195,3.8797109127044678,84.62149810791016,46.49098205566406,39.001739501953125,85.43182373046875,32.790374755859375,121.72000122070312,97.24935150146484
2019-03-06,104.5395278930664,41.585426330566406,3.768911600112915,83.44750213623047,45.85873794555664,36.99263381958008,85.11180114746094,32.32659149169922,121.61000061035156,97.60643768310547
2019-03-07,103.26727294921875,41.10409164428711,3.6997554302215576,81.29750061035156,45.55561447143555,36.895111083984375,84.49635314941406,31.793737411499023,121.51000213623047,98.2393798828125
2019-03-08,103.37954711914062,41.201786041259766,3.733962059020996,81.04000091552734,45.45168685913086,37.694847106933594,84.52918243408203,31.487838745117188,122.83999633789062,98.65322875976562
2019-03-11,105.54983520507812,42.62910079956055,3.994227647781372,83.53099822998047,46.20518112182617,38.065452575683594,85.62877655029297,31.625986099243164,122.23999786376953,98.36113739013672
2019-03-12,106.28886413574219,43.10806655883789,4.028436183929443,83.65499877929688,46.39570999145508,38.28002166748047,85.3743896484375,30.510934829711914,122.9800033569336,99.05091857910156
2019-03-13,107.1120834350586,43.2986946105957,4.179637432098389,84.54049682617188,47.08857345581055,37.87040328979492,85.6615982055664,31.418764114379883,123.83999633789062,98.86424255371094
2019-03-14,107.19627380371094,43.780033111572266,4.103787422180176,84.31099700927734,46.283119201660156,37.46076965332031,86.44115447998047,31.70492935180664,122.41000366210938,98.15013122558594
2019-03-15,108.43110656738281,44.34953689575195,4.209135055541992,85.61799621582031,47.05392837524414,38.56284713745117,87.43406677246094,31.014190673828125,122.97000122070312,98.79931640625
2019-03-18,109.98399353027344,44.80227279663086,4.187816619873047,87.10749816894531,46.854732513427734,38.63112258911133,87.95927429199219,30.964847564697266,123.04000091552734,98.74251556396484
2019-03-19,110.05880737304688,44.44723129272461,4.3553786277771,88.09249877929688,46.91535949707031,39.37234115600586,87.63922119140625,31.172075271606445,123.37999725341797,98.52340698242188
2019-03-20,109.9372329711914,44.83563232421875,4.3229079246521,89.8635025024414,46.61223220825195,39.138275146484375,85.76825714111328,30.550405502319336,124.18000030517578,99.55399322509766
2019-03-21,112.4630126953125,46.48693084716797,4.559378147125244,90.96299743652344,47.322410583496094,42.90288162231445,84.41429901123047,31.033924102783203,123.68000030517578,99.77308654785156
2019-03-22,109.49755859375,45.524261474609375,4.399748802185059,88.2385025024414,46.127227783203125,40.591461181640625,81.86225891113281,30.16556739807129,123.97000122070312,101.32308197021484
2019-03-25,110.06819152832031,44.97383117675781,4.307540416717529,88.71299743652344,45.71150588989258,39.54789352416992,81.1811294555664,29.810327529907227,124.91999816894531,101.4853744506836
2019-03-26,110.30207061767578,44.50917434692383,4.384133338928223,89.18800354003906,46.283119201660156,39.323570251464844,81.99353790283203,29.810327529907227,124.30000305175781,101.41230773925781
2019-03-27,109.23560333251953,44.90950393676758,4.374960422515869,88.28500366210938,46.040611267089844,38.26052474975586,81.71453857421875,30.53067398071289,123.6500015258789,102.34554290771484
2019-03-28,109.38528442382812,44.96906661987305,4.393551826477051,88.6709976196289,45.997318267822266,38.367801666259766,82.64180755615234,30.491201400756836,121.9000015258789,102.70259094238281
2019-03-29,110.33012390136719,45.262149810791016,4.450810432434082,89.0374984741211,46.5083122253418,40.30862045288086,83.06853485107422,31.33982276916504,122.01000213623047,102.6052017211914
2019-04-01,111.34044647216797,45.569549560546875,4.5182318687438965,90.70950317382812,47.20982360839844,41.20587921142578,85.86672973632812,31.92201805114746,121.52999877929688,101.14781188964844
2019-04-02,111.49946594238281,46.23196792602539,4.5360798835754395,90.6989974975586,47.07991027832031,41.39119338989258,86.27702331542969,32.55355453491211,121.9800033569336,101.3348617553711
2019-04-03,112.22915649414062,46.54890060424805,4.675383567810059,91.03500366210938,48.04990768432617,42.81510543823242,86.44934844970703,33.26402282714844,121.80000305175781,100.4565658569336
2019-04-04,111.65850067138672,46.629905700683594,4.66646146774292,90.94300079345703,48.43098449707031,41.83006286621094,87.28448486328125,33.48111343383789,122.11000061035156,100.74117279052734
2019-04-05,112.15430450439453,46.94206619262695,4.7331390380859375,91.86399841308594,48.15384292602539,42.249446868896484,87.07777404785156,33.609397888183594,121.9800033569336,100.87132263183594
2019-04-08,112.19173431396484,47.680747985839844,4.753960609436035,92.49299621582031,48.2231330871582,41.83981704711914,87.35890197753906,33.43177795410156,122.51000213623047,100.51346588134766
2019-04-09,111.5836410522461,47.53776931762695,4.691247940063477,91.79199981689453,47.911338806152344,40.6889762878418,86.71395874023438,32.869319915771484,123.1500015258789,100.8306884765625
2019-04-10,112.4349594116211,47.80464553833008,4.761642932891846,92.36650085449219,48.283756256103516,41.12784957885742,87.10260772705078,33.569923400878906,123.52999877929688,101.07465362548828
2019-04-11,112.56590270996094,47.40672302246094,4.747763156890869,92.20349884033203,48.32706069946289,41.23514175415039,87.83850860595703,34.34947204589844,121.94999694824219,100.48097229003906
2019-04-12,113.14591217041016,47.38765335083008,4.709837436676025,92.15299987792969,48.86402893066406,40.97181701660156,91.95633697509766,34.23106002807617,121.83000183105469,99.76524353027344
2019-04-15,113.23946380615234,47.47344207763672,4.578217029571533,92.24349975585938,48.74277877807617,40.78650665283203,90.90618896484375,33.30349349975586,121.5999984741211,100.0173568725586
2019-04-16,112.9775161743164,47.47821044921875,4.665221691131592,93.1520004272461,49.11519241333008,41.70327377319336,91.86537170410156,33.57979202270508,120.51000213623047,99.39112854003906
2019-04-17,113.9129867553711,48.402740478515625,4.642416000366211,93.24099731445312,50.717430114746094,42.08364486694336,94.5113525390625,33.92516326904297,120.27999877929688,99.4317855834961
2019-04-18,115.4097671508789,48.57670211791992,4.6178765296936035,93.08450317382812,50.65681076049805,42.32747268676758,93.8167724609375,33.91529083251953,120.37000274658203,99.95230865478516
2019-04-22,115.77460479736328,48.73634338378906,4.671666145324707,94.3655014038086,50.942604064941406,42.32747268676758,93.93253326416016,33.037071228027344,120.37000274658203,99.47247314453125
2019-04-23,117.34619903564453,49.43927001953125,4.726197242736816,96.1884994506836,50.9079704284668,41.71302795410156,94.0483169555664,33.52058792114258,120.12000274658203,99.68392181396484
2019-04-24,116.9439468383789,49.3630256652832,4.738591194152832,95.0875015258789,50.856014251708984,41.96659851074219,93.89119720458984,33.540321350097656,120.47000122070312,100.49722290039062
2019-04-25,120.81681060791016,48.915061950683594,4.632997989654541,95.11250305175781,49.894657135009766,41.69352340698242,93.94080352783203,32.967994689941406,120.56999969482422,100.35081481933594
2019-04-26,121.50907897949219,48.681541442871094,4.414374351501465,97.53150177001953,45.40838623046875,41.059593200683594,94.65193176269531,32.622623443603516,121.37000274658203,100.6924057006836
2019-04-29,121.39682006835938,48.75541305541992,4.4451093673706055,96.92150115966797,44.26516342163086,41.069339752197266,96.01624298095703,33.32323455810547,120.83000183105469,100.04991149902344
2019-04-30,122.17328643798828,47.816566467285156,4.486505508422852,96.32599639892578,44.20454025268555,41.02058029174805,95.95838928222656,33.727806091308594,121.19999694824219,100.562255859375
2019-05-01,119.6287612915039,50.163665771484375,4.473367691040039,95.57599639892578,43.962039947509766,40.86453628540039,95.22246551513672,33.46138000488281,120.4000015258789,100.97711944580078
2019-05-02,118.0665283203125,49.837215423583984,4.540788650512695,95.04100036621094,43.7801628112793,41.508216857910156,95.42918395996094,33.500850677490234,119.94000244140625,100.4962158203125
2019-05-03,120.58296966552734,50.45676040649414,4.5363264083862305,98.12300109863281,44.81945037841797,42.25918960571289,96.01624298095703,34.329734802246094,120.6500015258789,100.78152465820312
2019-05-06,119.88134002685547,49.67757034301758,4.457998275756836,97.52749633789062,44.63210678100586,41.08884811401367,95.1645736694336,34.29026412963867,120.80999755859375,101.05860137939453
2019-05-07,117.42101287841797,48.33841323852539,4.2909321784973145,96.05000305175781,43.98727798461914,39.26506042480469,93.61004638671875,33.55794906616211,121.20999908447266,101.83283233642578
2019-05-08,117.41168212890625,48.34794235229492,4.311010837554932,95.88849639892578,42.90677261352539,38.76766586303711,93.11393737792969,33.39960861206055,120.91000366210938,101.39273071289062
2019-05-09,117.4023208618164,47.8284912109375,4.21855354309082,94.99349975585938,40.62376022338867,38.299522399902344,93.03952026367188,33.5975341796875,121.19999694824219,101.80840301513672
2019-05-10,118.92715454101562,47.1658821105957,4.184594631195068,94.4990005493164,40.25777816772461,37.97768020629883,93.03125762939453,33.63711929321289,121.43000030517578,101.66980743408203
2019-05-13,115.39105987548828,44.42463684082031,3.9275503158569336,91.13400268554688,39.00299072265625,36.45623016357422,90.50103759765625,31.806324005126953,122.66999816894531,102.46855163574219
2019-05-14,116.6820297241211,45.12789535522461,4.016536712646484,92.00599670410156,39.360252380371094,37.55830383300781,91.22039794921875,32.00425338745117,122.45999908447266,102.1669921875
2019-05-15,118.32514953613281,45.668487548828125,3.955559730529785,93.55750274658203,39.75237274169922,37.46076965332031,90.87310028076172,31.82611846923828,122.38999938964844,102.79452514648438
2019-05-16,121.05746459960938,45.46757507324219,3.9706809520721436,95.37850189208984,39.67395782470703,36.38796615600586,92.03901672363281,31.984455108642578,121.51000213623047,102.4522476196289
2019-05-17,120.25000762939453,45.209205627441406,3.8799595832824707,93.44999694824219,39.11626434326172,35.168861389160156,91.59249114990234,31.410478591918945,120.6500015258789,102.6803970336914
2019-05-20,118.51294708251953,43.7955322265625,3.7614762783050537,92.94850158691406,37.957332611083984,33.76443862915039,92.07207489013672,30.638574600219727,120.63999938964844,102.46855163574219
2019-05-21,119.15142059326172,44.635135650634766,3.843522310256958,92.8759994506836,38.7415657043457,34.75923538208008,92.38629150390625,30.975046157836914,120.36000061035156,102.30551147460938
2019-05-22,119.87443542480469,43.72138214111328,3.772629737854004,92.98400115966797,38.34074401855469,33.87172317504883,91.63385009765625,29.609373092651367,120.23999786376953,102.89232635498047
2019-05-23,118.47540283203125,42.97507858276367,3.6516683101654053,90.77400207519531,38.80257034301758,32.984214782714844,89.83126068115234,29.19373321533203,121.16999816894531,104.04961395263672
2019-05-24,118.53173065185547,42.810020446777344,3.597878932952881,91.16400146484375,38.83741760253906,33.15976333618164,90.71601104736328,28.86716079711914,121.30000305175781,104.13924407958984
2019-05-28,118.45663452148438,42.63300704956055,3.5527663230895996,91.82150268554688,37.96604919433594,32.12596130371094,89.73204040527344,28.431726455688477,120.83000183105469,104.88905334472656
2019-05-29,117.31110382080078,42.42969512939453,3.478652238845825,90.95950317382812,38.54115295410156,32.467315673828125,89.48395538330078,28.115049362182617,120.87000274658203,105.20686340332031
2019-05-30,118.0528564453125,42.649757385253906,3.452099561691284,90.81600189208984,38.97685241699219,32.49656677246094,88.52481842041016,27.877540588378906,121.69000244140625,106.11151123046875
2019-05-31,116.12804412841797,41.877140045166016,3.3615219593048096,88.75350189208984,38.37560272216797,31.804109573364258,87.615234375,26.94729995727539,123.33000183105469,107.43995666503906
2019-06-03,112.52251434326172,41.45374298095703,3.3198320865631104,84.6344985961914,37.87018585205078,31.882129669189453,88.0286636352539,26.917613983154297,125.11000061035156,108.15865325927734
2019-06-04,115.6397933959961,42.970279693603516,3.5486326217651367,86.47799682617188,39.029136657714844,33.63764572143555,90.74081420898438,28.81768035888672,125.1500015258789,106.92546081542969
2019-06-05,118.14677429199219,43.663963317871094,3.5059492588043213,86.92500305175781,38.81999969482422,32.516075134277344,91.06329345703125,30.0448055267334,125.47000122070312,106.3211441040039
2019-06-06,120.0152587890625,44.305030822753906,3.567988872528076,87.71800231933594,39.299251556396484,32.64286422729492,91.26173400878906,30.064598083496094,125.87999725341797,106.66410827636719
2019-06-07,123.37666320800781,45.48429489135742,3.6106715202331543,90.20149993896484,40.109642028808594,33.1500129699707,90.26123809814453,30.59899139404297,126.58999633789062,107.58692169189453
2019-06-10,124.5033950805664,46.065574645996094,3.6833815574645996,93.03150177001953,40.78060531616211,34.0765380859375,91.2369384765625,30.44065284729004,125.33000183105469,106.57431030273438
2019-06-11,124.033935546875,46.5989875793457,3.740953207015991,93.18499755859375,40.824180603027344,33.979000091552734,91.51807403564453,30.262521743774414,125.18000030517578,106.63958740234375
2019-06-12,123.4611587524414,46.45067596435547,3.628042697906494,92.76599884033203,40.362342834472656,32.14546585083008,90.3521728515625,30.777122497558594,125.83000183105469,106.7213134765625
2019-06-13,124.24046325683594,46.44110870361328,3.6791625022888184,93.51499938964844,40.69346237182617,32.55508804321289,90.5754623413086,32.746463775634766,126.5999984741211,107.08880615234375
2019-06-14,124.36251831054688,46.10383605957031,3.589329719543457,93.4834976196289,40.249061584472656,31.852876663208008,90.8069839477539,32.340721130371094,126.55999755859375,107.35832214355469
2019-06-17,124.73812866210938,46.37892532348633,3.599008083343506,94.30149841308594,40.1967658996582,31.628564834594727,90.31083679199219,32.22196578979492,126.4800033569336,107.54609680175781
2019-06-18,126.90707397460938,47.46967697143555,3.7938101291656494,95.06849670410156,41.27729034423828,33.442596435546875,91.54289245605469,32.18238067626953,127.12000274658203,108.08515167236328
2019-06-19,127.40473175048828,47.330936431884766,3.799767017364502,95.43949890136719,41.01587677001953,33.10124969482422,90.88138580322266,32.86521530151367,127.88999938964844,108.24027252197266
2019-06-20,128.58778381347656,47.71128845214844,3.8240859508514404,95.90950012207031,41.12044143676758,33.30605697631836,91.11292266845703,31.81622314453125,131.11000061035156,108.52609252929688
2019-06-21,128.60659790039062,47.548606872558594,3.766016960144043,95.56500244140625,41.355712890625,32.42829513549805,90.49275207519531,31.24224281311035,131.97999572753906,107.33380126953125
2019-06-24,129.3670654296875,47.500770568847656,3.78835129737854,95.69499969482422,41.50386047363281,32.369781494140625,89.84780883789062,31.489648818969727,133.94000244140625,108.13414764404297
2019-06-25,125.28266906738281,46.78077697753906,3.759068250656128,93.91349792480469,40.824180603027344,31.87238121032715,89.10362243652344,30.935461044311523,134.1999969482422,108.46894836425781
2019-06-26,125.75215148925781,47.7926025390625,3.9521327018737793,94.8915023803711,41.9918212890625,36.1246337890625,89.69896697998047,31.133384704589844,132.97000122070312,107.7747802734375
2019-06-27,125.95870208740234,47.778255462646484,4.050652027130127,95.21399688720703,41.355712890625,37.12917709350586,89.99664306640625,31.81622314453125,132.83999633789062,108.53425598144531
2019-06-28,125.7803726196289,47.34290313720703,4.075468063354492,94.68150329589844,41.712982177734375,37.63633346557617,92.44418334960938,32.27145004272461,133.1999969482422,108.46080017089844
2019-07-01,127.39529418945312,48.21120834350586,4.123611927032471,96.1094970703125,41.86983108520508,39.1187629699707,93.9986801147461,32.53864288330078,130.6199951171875,108.20712280273438
2019-07-02,128.24037170410156,48.493465423583984,4.0258355140686035,96.71549987792969,41.93082046508789,38.62137222290039,94.09791564941406,31.855802536010742,133.41000366210938,109.04170989990234
2019-07-03,129.06666564941406,48.895328521728516,4.038740634918213,96.94999694824219,42.27936935424805,38.61162185668945,93.94804382324219,32.38030242919922,133.6300048828125,109.81910705566406
2019-07-05,128.6910858154297,48.85226058959961,3.976205587387085,97.14550018310547,41.89596939086914,38.44581604003906,94.50594329833984,32.12300109863281,132.13999938964844,108.36255645751953
2019-07-08,128.59719848632812,47.84523391723633,3.901262044906616,97.61599731445312,41.66941452026367,39.41135025024414,93.98966217041016,32.44957733154297,131.2899932861328,108.50988006591797
2019-07-09,128.12770080566406,48.137054443359375,3.903743267059326,99.41500091552734,41.60841369628906,40.328121185302734,94.38935852050781,32.024044036865234,131.75,108.46894073486328
2019-07-10,129.4328155517578,48.613059997558594,3.971986770629883,100.87049865722656,42.00925064086914,41.83981704711914,94.11457824707031,32.598018646240234,133.8300018310547,107.87163543701172
2019-07-11,129.94923400878906,48.25905990600586,4.126338481903076,100.05349731445312,42.349090576171875,42.405487060546875,95.01392364501953,32.68708419799805,132.6999969482422,106.4314956665039
2019-07-12,130.41868591308594,48.62981414794922,4.159345626831055,100.55000305175781,43.49931716918945,43.41002655029297,96.01318359375,33.42929458618164,133.52999877929688,106.55424499511719
2019-07-15,130.41868591308594,49.08668899536133,4.150907516479492,101.04949951171875,43.673583984375,43.30275344848633,94.84737396240234,33.26106643676758,133.52999877929688,107.16792297363281
2019-07-16,128.7098388671875,48.9168586730957,4.146191596984863,100.49500274658203,42.84577941894531,41.99586486816406,95.86328125,33.86473083496094,132.39999389648438,106.84876251220703
2019-07-17,127.94930267333984,48.64176940917969,4.211459159851074,99.60150146484375,43.03748321533203,42.29821014404297,94.92232513427734,32.914695739746094,134.5800018310547,108.00254821777344
2019-07-18,128.090087890625,49.194332122802734,4.22312068939209,98.8949966430664,43.51673889160156,43.56607437133789,95.48857116699219,33.38971710205078,136.47999572753906,108.01072692871094
2019-07-19,128.27789306640625,48.45997619628906,4.179940700531006,98.22599792480469,43.80428695678711,44.39507293701172,94.54759216308594,32.736568450927734,134.47000122070312,107.75704193115234
2019-07-22,129.97740173339844,49.56748580932617,4.251410007476807,99.28150177001953,44.74538040161133,46.0237922668457,95.15547943115234,32.55843734741211,134.4499969482422,107.96162414550781
2019-07-23,130.78489685058594,49.954994201660156,4.359110355377197,99.72450256347656,45.09394073486328,45.789730072021484,96.8958740234375,33.37981414794922,133.69000244140625,107.37249755859375
2019-07-24,132.12754821777344,49.91432571411133,4.433557033538818,100.04049682617188,46.11345291137695,46.80403518676758,97.28726196289062,34.230892181396484,134.3699951171875,107.8388900756836
2019-07-25,131.6299285888672,49.519630432128906,4.302530765533447,98.69100189208984,45.451202392578125,46.5894660949707,96.35462188720703,31.341203689575195,133.4199981689453,107.32339477539062
2019-07-26,132.70973205566406,49.69187927246094,4.344470024108887,97.15249633789062,44.95451736450195,46.3163948059082,96.77928924560547,30.91567039489746,133.63999938964844,107.5770263671875
2019-07-29,132.4186553955078,50.155921936035156,4.338266372680664,95.62249755859375,45.75618362426758,45.66294860839844,96.47117614746094,30.42085838317871,134.52999877929688,107.60974884033203
2019-07-30,131.78016662597656,49.940635681152344,4.3538994789123535,94.92649841308594,45.05036926269531,46.28712463378906,96.25466918945312,30.391172409057617,134.97999572753906,107.87163543701172
2019-07-31,127.94930267333984,50.95964813232422,4.186891078948975,93.33899688720703,44.048274993896484,43.780635833740234,96.59609985351562,30.193246841430664,133.2100067138672,108.73896026611328
2019-08-01,129.62998962402344,49.8569221496582,4.092590808868408,92.76599884033203,43.13334274291992,42.522518157958984,94.0479507446289,29.530202865600586,136.41000366210938,110.89859008789062
2019-08-02,128.54080200195312,48.802040100097656,4.00002908706665,91.16200256347656,42.418800354003906,42.99066162109375,94.03961181640625,29.14425277709961,135.88999938964844,111.9234390258789
2019-08-05,124.13720703125,46.247352600097656,3.741946220397949,88.25650024414062,40.92873764038086,40.90354537963867,91.24168395996094,28.23380470275879,137.7899932861328,113.8583755493164
2019-08-06,126.46574401855469,47.122840881347656,3.7806572914123535,89.3915023803711,41.1963005065918,41.56673812866211,91.95779418945312,28.164287567138672,138.91000366210938,114.76844024658203
2019-08-07,127.0197525024414,47.61079788208008,3.8188745975494385,89.66999816894531,40.994529724121094,40.71823501586914,89.95926666259766,28.432424545288086,141.02000427246094,114.80949401855469
2019-08-08,130.4093475341797,48.66090393066406,3.927318811416626,91.64450073242188,41.380531311035156,41.57649230957031,91.483154296875,28.879318237304688,141.72999572753906,115.05543518066406
2019-08-09,129.30137634277344,48.259918212890625,3.8260715007781982,90.37899780273438,40.33658218383789,40.493927001953125,91.38322448730469,28.581390380859375,141.25999450683594,114.82587432861328
2019-08-12,127.49858856201172,48.137454986572266,3.758324146270752,89.24600219726562,40.00322341918945,41.08884811401367,89.6678237915039,27.449256896972656,142.6300048828125,117.21994018554688
2019-08-13,130.13702392578125,50.176002502441406,3.87247633934021,91.21700286865234,41.09103012084961,43.078426361083984,91.05013275146484,27.320154190063477,141.77999877929688,116.8182373046875
2019-08-14,126.21798706054688,48.68251419067383,3.72407865524292,88.14800262451172,40.240081787109375,41.001068115234375,87.26957702636719,25.919883728027344,142.75,119.45004272460938
2019-08-15,125.93539428710938,48.44001388549805,3.691818952560425,88.80599975585938,40.090938568115234,41.196128845214844,87.60267639160156,25.23464584350586,143.6999969482422,120.77826690673828
2019-08-16,128.24343872070312,49.58293151855469,3.9595794677734375,89.62850189208984,40.792762756347656,42.473758697509766,89.70113372802734,25.612024307250977,142.77999877929688,119.81082153320312
2019-08-19,130.39137268066406,50.507354736328125,4.238009929656982,90.80599975585938,41.43316650390625,43.89767837524414,90.50888061523438,25.919883728027344,141.11000061035156,118.09721374511719
2019-08-20,129.3079833984375,50.509761810302734,4.165795803070068,90.06900024414062,40.8804817199707,43.13694763183594,89.35972595214844,25.651748657226562,142.2100067138672,119.31880950927734
2019-08-21,130.74932861328125,51.057212829589844,4.249175548553467,91.177001953125,41.36298370361328,43.078426361083984,89.6095199584961,26.237674713134766,141.75999450683594,118.52352142333984
2019-08-22,129.79788208007812,51.01400375366211,4.255379676818848,90.23300170898438,41.038394927978516,43.673362731933594,90.53384399414062,26.3469181060791,141.39999389648438,117.7364501953125
2019-08-23,125.66219329833984,48.65610885620117,4.031048774719238,87.48100280761719,39.44178009033203,41.89833450317383,88.28549194335938,25.24457550048828,144.1699981689453,119.67143249511719
2019-08-26,127.60285949707031,49.58053207397461,4.105743885040283,88.44349670410156,39.9681396484375,42.356719970703125,88.9933090209961,25.016164779663086,144.19000244140625,119.1877212524414
2019-08-27,127.87602996826172,49.02108383178711,4.015164852142334,88.09149932861328,40.1699104309082,41.39119338989258,88.0523452758789,24.28127098083496,145.57000732421875,121.02427673339844
2019-08-28,127.70647430419922,49.35002899169922,4.004732608795166,88.2125015258789,40.1699104309082,42.08364486694336,88.93501281738281,25.15519905090332,145.16000366210938,121.1800308227539
2019-08-29,130.11813354492188,50.185604095458984,4.148309707641602,89.31999969482422,41.11735534667969,43.56607437133789,90.95021057128906,26.13836669921875,144.1199951171875,120.72089385986328
2019-08-30,129.8732452392578,50.12079620361328,4.160977363586426,88.81449890136719,41.59107208251953,44.1512451171875,91.483154296875,26.128435134887695,143.75,120.753662109375
2019-09-03,128.15869140625,49.39085388183594,4.078011512756348,89.49199676513672,41.21385192871094,43.878173828125,90.4006118774414,26.327054977416992,145.75,120.90970611572266
2019-09-04,129.6565704345703,50.22883605957031,4.192028522491455,90.03099822998047,42.91573715209961,45.6531982421875,91.49149322509766,26.81367301940918,146.66000366210938,121.0904541015625
2019-09-05,131.93637084960938,51.21088409423828,4.464773654937744,92.03600311279297,43.95090866088867,47.81832504272461,93.57331085205078,27.498912811279297,143.13999938964844,118.89746856689453
2019-09-06,131.0414276123047,51.206085205078125,4.437697887420654,91.67549896240234,44.67026901245117,47.75981903076172,93.77314758300781,27.598222732543945,141.9199981689453,119.74345397949219
2019-09-09,129.5529327392578,51.42458724975586,4.483651161193848,91.56749725341797,45.25804138183594,47.91585922241211,96.09646606445312,28.243738174438477,141.38999938964844,117.61619567871094
2019-09-10,128.1963653564453,52.03206253051758,4.550222396850586,91.02749633789062,45.45980453491211,48.16943359375,97.3205795288086,28.919044494628906,140.17999267578125,115.55458068847656
2019-09-11,128.23402404785156,53.686424255371094,4.578790187835693,91.14949798583984,46.310752868652344,49.23249053955078,97.58702850341797,29.55462646484375,141.02999877929688,115.34925842285156
2019-09-12,129.5529327392578,53.56637954711914,4.577298164367676,92.17749786376953,46.50374221801758,49.193485260009766,98.18659973144531,29.73338508605957,141.32000732421875,114.59358215332031
2019-09-13,129.36453247070312,52.524295806884766,4.5194220542907715,91.96700286865234,46.0914421081543,49.25200271606445,100.1185302734375,29.743316650390625,140.14999389648438,112.14600372314453
2019-09-16,128.43185424804688,52.8004150390625,4.4764485359191895,90.39199829101562,45.793155670166016,48.91065216064453,99.2275161743164,27.578359603881836,141.32000732421875,113.57514190673828
2019-09-17,129.4304656982422,52.992515563964844,4.4978108406066895,91.12750244140625,45.5738525390625,49.58359909057617,98.73619079589844,28.44235610961914,141.60000610351562,114.1911392211914
2019-09-18,130.49501037597656,53.489532470703125,4.4707350730896,90.87300109863281,45.389625549316406,49.23249053955078,99.72712707519531,28.402631759643555,140.7100067138672,114.67576599121094
2019-09-19,132.8972930908203,53.05494689941406,4.3952202796936035,91.07499694824219,45.2404899597168,48.588802337646484,99.41069793701172,28.10470199584961,141.27999877929688,115.020751953125
2019-09-20,131.36170959472656,52.279380798339844,4.289648532867432,89.70800018310547,44.49481964111328,47.94511032104492,99.01099395751953,27.79684066772461,142.9499969482422,116.54023742675781
2019-09-23,131.07907104492188,52.51709747314453,4.343057155609131,89.26499938964844,44.65272521972656,48.37424850463867,98.99433135986328,27.310222625732422,143.75,116.51559448242188
2019-09-24,129.42108154296875,52.26737594604492,4.285675525665283,87.08049774169922,43.70527648925781,47.311180114746094,97.70361328125,26.81367301940918,144.50999450683594,117.92001342773438
2019-09-25,131.2863311767578,53.071754455566406,4.427263259887695,88.41649627685547,44.757999420166016,48.24745559692383,98.26152038574219,27.25063705444336,141.8300018310547,116.19525146484375
2019-09-26,131.45590209960938,52.79802703857422,4.405157089233398,86.99199676513672,44.67026901245117,47.39895248413086,97.45378112792969,27.002363204956055,141.7899932861328,116.9426040649414
2019-09-27,129.7508087158203,52.541099548339844,4.266548156738281,86.27249908447266,44.547447204589844,42.142154693603516,98.02837371826172,26.823604583740234,141.05999755859375,117.23009490966797
2019-09-30,130.9754638671875,53.777671813964844,4.323929309844971,86.79550170898438,45.20540237426758,41.791046142578125,98.00337982177734,26.78388023376465,138.8699951171875,117.51761627197266
2019-10-01,129.12904357910156,53.92654037475586,4.322189807891846,86.78250122070312,44.529903411865234,41.25464630126953,96.22139739990234,26.615053176879883,139.6300048828125,117.87133026123047
2019-10-02,126.84915924072266,52.57472610473633,4.298344612121582,85.6614990234375,43.328060150146484,40.94255828857422,94.30611419677734,25.194923400878906,141.25999450683594,118.15930938720703
2019-10-03,128.3848114013672,53.021324157714844,4.503772258758545,86.22100067138672,43.889503479003906,42.3859748840332,94.17179870605469,25.095611572265625,141.89999389648438,119.23722839355469
2019-10-04,130.11813354492188,54.50761032104492,4.520167350769043,86.98249816894531,44.67026901245117,43.44904327392578,96.21153259277344,25.651748657226562,141.89999389648438,120.11758422851562
2019-10-07,129.17608642578125,54.519615173339844,4.578790187835693,86.63300323486328,44.40708541870117,43.06867980957031,96.00167846679688,25.651748657226562,140.69000244140625,119.12208557128906
2019-10-08,127.8100814819336,53.880916595458984,4.402423858642578,85.27549743652344,43.62632369995117,41.58625411987305,93.86121368408203,26.078779220581055,141.9199981689453,119.44291687011719
2019-10-09,130.23121643066406,54.512413024902344,4.488867282867432,86.09950256347656,44.284271240234375,41.8203125,94.54112243652344,26.883190155029297,142.0500030517578,118.76821899414062
2019-10-10,131.0414276123047,55.247154235839844,4.546497821807861,86.01300048828125,44.83694839477539,42.210426330566406,95.86735534667969,26.992431640625,140.80999755859375,116.99922943115234
2019-10-11,131.58779907226562,56.716636657714844,4.620025157928467,86.59600067138672,45.6966667175293,43.98544692993164,97.48741149902344,27.17119026184082,140.02999877929688,115.5511703491211
2019-10-14,131.46533203125,56.6349983215332,4.6334381103515625,86.82150268554688,45.30190658569336,43.751380920410156,97.74760437011719,27.42939567565918,140.58999633789062,116.3904037475586
2019-10-15,133.36830139160156,56.50293731689453,4.877864837646484,88.36900329589844,46.18793487548828,45.31184768676758,100.69390869140625,28.07491111755371,139.61000061035156,114.98347473144531
2019-10-16,132.27549743652344,56.27483367919922,4.824210166931152,88.87149810791016,46.012489318847656,44.043968200683594,100.45886993408203,27.856426239013672,140.41000366210938,115.12332916259766
2019-10-17,131.5972137451172,56.493324279785156,4.826198577880859,89.3740005493164,45.494895935058594,44.375572204589844,101.02127075195312,27.737255096435547,140.61000061035156,114.84358978271484
2019-10-18,129.44931030273438,56.764652252197266,4.731804847717285,87.87550354003906,45.0562629699707,42.39572525024414,101.19752502441406,28.025253295898438,140.4600067138672,114.84358978271484
2019-10-21,130.4102325439453,57.74911117553711,4.868924140930176,89.28299713134766,45.73175811767578,44.10248947143555,103.70735168457031,28.422494888305664,139.7899932861328,113.97960662841797
2019-10-22,128.4695281982422,57.617061614990234,4.858985900878906,88.2864990234375,45.62649154663086,43.55632400512695,104.74819946289062,28.064977645874023,140.1999969482422,114.64607238769531
2019-10-23,129.28919982910156,58.39020538330078,4.846069812774658,88.1084976196289,45.37208557128906,43.55632400512695,105.02518463134766,28.094772338867188,140.52999877929688,114.76130676269531
2019-10-24,131.832763671875,58.48624801635742,4.890037536621094,89.03900146484375,45.81948471069336,45.93602752685547,104.94962310791016,29.207040786743164,141.52999877929688,114.53089141845703
2019-10-25,132.57696533203125,59.206581115722656,5.080808162689209,88.06649780273438,49.530303955078125,46.84304428100586,105.78901672363281,30.647035598754883,141.86000061035156,113.97142791748047
2019-10-28,135.83651733398438,59.79965591430664,5.136699676513672,88.85399627685547,49.793487548828125,47.48672866821289,106.19193267822266,31.143585205078125,140.63999938964844,112.93472290039062
2019-10-29,134.55528259277344,58.416622161865234,5.040569305419922,88.135498046875,49.42504119873047,46.92106628417969,106.12479400634766,30.706621170043945,140.25,113.00875091552734
2019-10-30,136.2322235107422,58.40941619873047,5.042553901672363,88.99949645996094,49.65312957763672,46.69675827026367,105.53721618652344,30.080970764160156,141.02000427246094,114.66255950927734
2019-10-31,135.06398010253906,59.73002243041992,4.993372440338135,88.83300018310547,49.59172058105469,46.37490463256836,104.85730743408203,29.852554321289062,142.42999267578125,116.20941162109375
2019-11-01,135.3937530517578,61.42521667480469,5.0323710441589355,89.5719985961914,49.574161529541016,47.18439483642578,107.2747573852539,30.349103927612305,142.55999755859375,115.85163879394531
2019-11-04,136.17567443847656,61.82859420776367,5.228854656219482,90.23300170898438,50.53916549682617,48.36448669433594,108.1309585571289,30.73641586303711,142.14999389648438,114.32685852050781
2019-11-05,136.09088134765625,61.739768981933594,5.206749439239502,90.08550262451172,50.48652267456055,47.47697448730469,108.365966796875,31.06519889831543,139.85000610351562,113.04112243652344
2019-11-06,135.71408081054688,61.76617431640625,5.157567024230957,89.78849792480469,50.808494567871094,46.50168991088867,108.53385925292969,30.84600830078125,140.4499969482422,113.7251968383789
2019-11-07,135.90245056152344,62.47903060913086,5.175201892852783,89.41000366210938,51.20542907714844,47.20391082763672,109.12142944335938,30.77626609802246,138.27000427246094,111.66471099853516
2019-11-08,137.5039520263672,62.650028228759766,5.161291122436523,89.29399871826172,51.39949417114258,46.0237922668457,109.44039916992188,30.646745681762695,137.38999938964844,111.19486236572266
2019-11-11,137.6453094482422,63.14614486694336,5.17122745513916,88.5824966430664,51.47006607055664,45.11677932739258,109.05426788330078,30.477371215820312,137.05999755859375,111.26905059814453
2019-11-12,138.54965209960938,63.08834457397461,5.206749439239502,88.9000015258789,51.33774185180664,45.740970611572266,108.41633605957031,29.41131019592285,137.42999267578125,111.7800064086914
2019-11-13,138.7757568359375,63.69282913208008,5.180915832519531,87.65550231933594,51.064292907714844,45.15578842163086,107.8455581665039,28.554475784301758,137.97999572753906,112.50532531738281
2019-11-14,139.48231506347656,63.25210189819336,5.211221218109131,87.7300033569336,50.993736267089844,45.643436431884766,107.94629669189453,28.664072036743164,138.55999755859375,113.66748809814453
2019-11-15,141.28160095214844,64.00349426269531,5.072115898132324,86.97450256347656,51.12604522705078,46.53094482421875,108.72692108154297,28.753740310668945,138.2100067138672,113.54385375976562
2019-11-18,141.63023376464844,64.32621002197266,5.273072719573975,87.62650299072266,51.38185119628906,46.63822555541992,109.64185333251953,28.49469757080078,138.6199951171875,113.74990844726562
2019-11-19,141.67730712890625,64.13114166259766,5.166507720947266,87.6395034790039,51.47006607055664,45.42888259887695,109.60830688476562,29.182157516479492,138.69000244140625,114.69776153564453
2019-11-20,141.4315643310547,63.38456344604492,5.2457475662231445,87.27649688720703,51.073123931884766,44.44383239746094,108.81087493896484,28.126060485839844,138.75999450683594,115.88463592529297
2019-11-21,141.2992401123047,63.10038757324219,5.220908164978027,86.7354965209961,51.35538864135742,44.42432403564453,109.06266784667969,27.827165603637695,138.0,115.1593246459961
2019-11-22,141.40322875976562,63.04497146606445,5.2385454177856445,87.28600311279297,50.817317962646484,44.73642349243164,109.78453826904297,28.574403762817383,137.74000549316406,115.30768585205078
2019-11-25,142.9534149169922,64.15038299560547,5.4948954582214355,88.69200134277344,51.875831604003906,46.34564971923828,110.37213134765625,28.88326072692871,137.0800018310547,115.6456069946289
2019-11-26,143.70960998535156,63.649478912353516,5.390317916870117,89.84700012207031,51.95521545410156,45.56541442871094,110.52322387695312,28.94304084777832,137.74000549316406,116.32148742675781
2019-11-27,143.98382568359375,64.50444030761719,5.425119876861572,90.92549896240234,51.61118698120117,46.96983337402344,110.85059356689453,28.84341049194336,137.00999450683594,115.98357391357422
2019-11-29,143.0952606201172,64.36235046386719,5.387831687927246,90.04000091552734,51.20542907714844,46.33589553833008,110.59877014160156,28.63418197631836,137.86000061035156,115.73628997802734
2019-12-02,141.36538696289062,63.618160247802734,5.201642036437988,89.08000183105469,50.86140823364258,45.24357986450195,110.35533905029297,27.976612091064453,137.7899932861328,114.19317626953125
2019-12-03,141.13851928710938,62.48385238647461,5.162117958068848,88.49800109863281,49.458892822265625,44.112239837646484,108.93678283691406,27.18952178955078,139.11000061035156,116.58750915527344
2019-12-04,141.6490020751953,63.03535461425781,5.205868244171143,88.03450012207031,49.4147834777832,45.15578842163086,111.08562469482422,27.27918815612793,138.9199981689453,115.42332458496094
2019-12-05,141.724609375,63.960140228271484,5.188966274261475,87.02400207519531,49.46771240234375,45.467891693115234,111.6899642944336,27.139705657958984,139.0,114.8619613647461
2019-12-06,143.4450225830078,65.19561004638672,5.274228096008301,87.58000183105469,50.11164855957031,46.745506286621094,113.35196685791016,27.627901077270508,137.6199951171875,114.22620391845703
2019-12-09,143.07635498046875,64.2828598022461,5.274228096008301,87.47550201416016,49.86465835571289,45.302085876464844,112.8231430053711,27.388784408569336,137.5800018310547,114.47391510009766
2019-12-10,142.85894775390625,64.65856170654297,5.319222927093506,86.96050262451172,49.917572021484375,46.28712463378906,112.89873504638672,26.900588989257812,137.97000122070312,114.48216247558594
2019-12-11,143.39772033691406,65.21004486083984,5.402747631072998,87.43599700927734,50.34098434448242,48.04264450073242,112.63009643554688,26.761104583740234,138.9199981689453,115.38204956054688
2019-12-12,144.85348510742188,65.3762435913086,5.570044040679932,88.0165023803711,50.76438522338867,49.71038055419922,115.85340118408203,27.617937088012695,138.42999267578125,113.48313903808594
2019-12-13,146.07286071777344,66.264892578125,5.568057060241699,88.0469970703125,50.97608184814453,49.9347038269043,114.83772277832031,27.378820419311523,139.0500030517578,114.79586029052734
2019-12-16,147.0181427001953,67.39923095703125,5.596892356872559,88.46050262451172,50.896690368652344,51.6317024230957,115.2825927734375,27.817201614379883,139.0399932861328,113.76380920410156
2019-12-17,146.22409057617188,67.53169250488281,5.674948215484619,89.53299713134766,50.543861389160156,51.690223693847656,115.98767852783203,28.17587661743164,139.00999450683594,113.60697937011719
2019-12-18,145.92161560058594,67.37032318115234,5.705275058746338,89.20149993896484,50.4291877746582,51.72922897338867,115.87017822265625,27.896907806396484,139.02000427246094,112.67402648925781
2019-12-19,147.18824768066406,67.43775177001953,5.853183269500732,89.61399841308594,51.12604522705078,53.182411193847656,115.29098510742188,28.444881439208984,139.3800048828125,112.85429382324219
2019-12-20,148.7952423095703,67.29808044433594,5.950379848480225,89.32499694824219,51.99930953979492,53.699317932128906,115.19865417480469,28.93307876586914,139.52000427246094,113.00318908691406
2019-12-23,148.7952423095703,68.3962631225586,5.936707496643066,89.6500015258789,52.24630355834961,54.03090286254883,115.16507720947266,29.192119598388672,139.9499969482422,112.83776092529297
2019-12-24,148.7668914794922,68.46128845214844,5.931735992431641,89.46050262451172,52.40508270263672,54.05040740966797,115.48406219482422,29.07256317138672,141.27000427246094,113.16029357910156
2019-12-26,149.9862518310547,69.81958770751953,5.945906162261963,93.4384994506836,52.7667350769043,53.74807357788086,116.70956420898438,29.560758590698242,142.3800048828125,113.43316650390625
2019-12-27,150.26040649414062,69.79309844970703,5.888234615325928,93.48999786376953,52.99607849121094,52.69476318359375,116.79350280761719,28.33528709411621,142.3300018310547,113.55715942382812
2019-12-30,148.96536254882812,70.20734405517578,5.775128364562988,92.34449768066406,52.59032440185547,51.89503479003906,116.36541748046875,28.19580078125,142.6300048828125,113.14373016357422
2019-12-31,149.0694122314453,70.72030639648438,5.849205493927002,92.39199829101562,52.79319763183594,52.45094299316406,117.01177978515625,28.574403762817383,142.89999389648438,112.03564453125
2020-01-02,151.8295135498047,72.3338851928711,5.963804244995117,94.90049743652344,53.66646957397461,54.02115249633789,118.43030548095703,28.982892990112305,143.9499969482422,113.30082702636719
2020-01-03,149.93899536132812,71.63063049316406,5.868346691131592,93.74849700927734,53.01372528076172,53.182411193847656,116.86750030517578,27.548194885253906,145.86000061035156,115.04572296142578
2020-01-06,150.3265380859375,72.20140838623047,5.892956733703613,95.14399719238281,52.863765716552734,52.24613952636719,116.7745361328125,27.219409942626953,147.38999938964844,114.39239501953125
2020-01-07,148.95594787597656,71.86184692382812,5.964301586151123,95.34300231933594,51.9816780090332,56.829986572265625,114.78931427001953,27.11977767944336,147.97000122070312,113.83006286621094
2020-01-08,151.32858276367188,73.01783752441406,5.975487232208252,94.59850311279297,52.0169563293457,56.0985107421875,115.68478393554688,27.73749542236328,146.86000061035156,113.07759857177734
2020-01-09,153.21905517578125,74.56880187988281,6.041114330291748,95.05249786376953,52.308048248291016,55.893699645996094,116.10716247558594,27.847091674804688,146.02999877929688,113.47450256347656
2020-01-10,152.51011657714844,74.73738098144531,6.073429584503174,94.15799713134766,51.9904899597168,55.26952362060547,114.9498062133789,27.219409942626953,146.91000366210938,114.48341369628906
2020-01-13,154.34397888183594,76.33409881591797,6.263845920562744,94.56500244140625,52.56385803222656,56.03024673461914,115.90440368652344,27.289152145385742,145.82000732421875,114.13607788085938
2020-01-14,153.2568817138672,75.30332946777344,6.1470112800598145,93.47200012207031,52.4227180480957,56.0985107421875,117.25606536865234,27.428638458251953,145.69000244140625,114.72321319580078
2020-01-15,154.24945068359375,74.98060607910156,6.104502201080322,93.10099792480469,51.9904899597168,54.78187561035156,115.49895477294922,27.478452682495117,146.5399932861328,115.4840087890625
2020-01-16,157.07583618164062,75.91987609863281,6.188025951385498,93.89700317382812,52.6255989074707,56.25455856323242,115.9466552734375,28.126060485839844,146.30999755859375,115.12010955810547
2020-01-17,157.9549102783203,76.76036071777344,6.196728706359863,93.23600006103516,52.57267761230469,56.23505401611328,116.74919891357422,28.295433044433594,146.5800018310547,114.13607788085938
2020-01-21,157.38775634765625,76.24015045166016,6.163417339324951,94.5999984741211,53.41066360473633,57.512691497802734,115.60028839111328,27.099853515625,146.74000549316406,115.33513641357422
2020-01-22,156.63150024414062,76.51229095458984,6.217360496520996,94.37300109863281,55.33362579345703,57.70774459838867,115.46513366699219,27.219409942626953,146.7899932861328,115.7403793334961
2020-01-23,157.59571838378906,76.88078308105469,6.285719871520996,94.22899627685547,55.854061126708984,57.73699951171875,115.34683227539062,28.693960189819336,147.1199951171875,116.55069732666016
2020-01-24,156.0076446533203,76.65921783447266,6.226558208465576,93.08200073242188,60.39683151245117,56.33258056640625,112.48303985595703,27.538230895996094,147.97999572753906,117.49352264404297
2020-01-27,153.39874267578125,74.405029296875,5.971012115478516,91.41699981689453,57.94459915161133,54.0406608581543,111.53689575195312,26.013866424560547,148.99000549316406,119.321044921875
2020-01-28,156.4047088623047,76.50990295410156,6.164163112640381,92.6624984741211,59.373600006103516,55.074466705322266,113.56436157226562,26.80095672607422,147.66000366210938,118.38660430908203
2020-01-29,158.84349060058594,78.1114273071289,6.103758335113525,92.9000015258789,58.50916290283203,53.933372497558594,113.39543914794922,26.701324462890625,148.4600067138672,119.54427337646484
2020-01-30,163.32398986816406,77.99823760986328,6.110467910766602,93.53399658203125,58.632652282714844,53.670047760009766,114.79776763916016,27.617937088012695,148.47000122070312,119.56087493896484
2020-01-31,160.91357421875,74.5398941040039,5.87729549407959,100.43599700927734,56.39213180541992,51.777984619140625,111.815673828125,26.741178512573242,149.3300018310547,120.65248107910156
2020-02-03,164.83653259277344,74.33518981933594,5.974244117736816,100.20999908447266,56.82435607910156,52.45094299316406,112.66889953613281,27.059999465942383,148.36000061035156,120.55469512939453
2020-02-04,170.26239013671875,76.78925323486328,6.143282413482666,102.4834976196289,57.74172592163086,54.12843322753906,114.29086303710938,28.43000030517578,146.42999267578125,118.9311752319336
2020-02-05,170.0543975830078,77.41542053222656,6.233519554138184,101.99349975585938,59.40005874633789,55.367042541503906,116.23388671875,29.100000381469727,146.61000061035156,117.63069152832031
2020-02-06,173.5802764892578,78.3209457397461,6.3202738761901855,102.5114974975586,59.47098922729492,57.22983932495117,116.25077056884766,28.299999237060547,147.39999389648438,118.16085052490234
2020-02-07,173.82601928710938,77.25636291503906,6.254152297973633,103.96399688720703,58.52248764038086,55.47432327270508,115.87909698486328,28.3799991607666,147.7899932861328,119.63528442382812
2020-02-10,178.372802734375,77.62328338623047,6.537041187286377,106.69550323486328,58.8504753112793,55.9132194519043,116.36060333251953,28.790000915527344,148.1699981689453,119.96659088134766
2020-02-11,174.34596252441406,77.15497589111328,6.6593451499938965,107.54000091552734,59.754638671875,55.83518981933594,116.58025360107422,29.84000015258789,147.66000366210938,119.36187744140625
2020-02-12,174.60113525390625,78.98723602294922,6.774935722351074,108.0,59.79896545410156,57.80527114868164,116.58025360107422,30.469999313354492,147.5399932861328,118.75724792480469
2020-02-13,173.65586853027344,78.42476654052734,6.731184482574463,107.49349975585938,59.78123474121094,57.86378860473633,116.47886657714844,30.09000015258789,148.3800048828125,119.21282958984375
2020-02-14,175.2061309814453,78.44406127929688,7.203746318817139,106.74349975585938,59.63054656982422,57.054298400878906,116.12405395507812,29.200000762939453,149.0,119.73465728759766
2020-02-18,176.9832305908203,77.00770568847656,7.372286319732666,107.78350067138672,58.62885665893555,56.32283020019531,114.58656311035156,28.6299991607666,150.91000366210938,120.55469512939453
2020-02-19,177.5140380859375,78.12299346923828,7.82296895980835,108.51100158691406,59.48869323730469,58.507484436035156,116.14942169189453,28.329999923706055,151.7899932861328,120.54643249511719
2020-02-20,174.8031768798828,77.32152557373047,7.673820972442627,107.65499877929688,58.0172233581543,57.54194259643555,116.14942169189453,28.510000228881836,152.41000366210938,121.49071502685547
2020-02-21,169.2772216796875,75.57136535644531,7.310140132904053,104.79850006103516,57.033287048339844,55.58161163330078,114.73015594482422,27.81999969482422,154.6999969482422,122.62554931640625
2020-02-24,161.9786834716797,71.98169708251953,6.793332099914551,100.4645004272461,54.74628448486328,53.65054702758789,111.646728515625,25.450000762939453,156.08999633789062,124.45609283447266
2020-02-25,159.30577087402344,69.54351043701172,6.514170169830322,98.63700103759766,52.946815490722656,50.81246566772461,106.66250610351562,23.1200008392334,153.3000030517578,125.11878967285156
2020-02-26,161.29623413085938,70.646728515625,6.653379440307617,98.97949981689453,52.87589645385742,51.07578659057617,106.98348999023438,22.309999465942383,153.97000122070312,124.45609283447266
2020-02-27,149.93150329589844,66.02867889404297,6.283014297485352,94.21499633789062,49.48971939086914,49.33002471923828,102.53148651123047,20.600000381469727,154.0,125.8062515258789
2020-02-28,153.561767578125,65.99005889892578,6.717551231384277,94.1875,49.21492004394531,51.2610969543457,98.08792877197266,19.049999237060547,148.3800048828125,128.6475067138672
2020-03-02,163.7796173095703,72.13378143310547,6.875746250152588,97.69750213623047,51.572837829589844,53.24093246459961,102.65819549560547,18.860000610351562,149.1999969482422,127.70098876953125
2020-03-03,155.93141174316406,69.8428726196289,6.613582134246826,95.44950103759766,49.61381530761719,50.51987075805664,98.80597686767578,17.850000381469727,153.88999938964844,129.6835479736328
2020-03-04,161.65647888183594,73.08247375488281,7.076724529266357,98.79149627685547,52.01606369018555,53.92362594604492,101.2474136352539,18.530000686645508,154.16000366210938,128.30654907226562
2020-03-05,157.59967041015625,70.7119369506836,6.797643184661865,96.20149993896484,50.49137878417969,52.39242172241211,96.28008270263672,16.040000915527344,157.49000549316406,131.500244140625
2020-03-06,153.1446990966797,69.77286529541016,6.617311477661133,95.05449676513672,49.436527252197266,50.198036193847656,91.30431365966797,15.970000267028809,157.5500030517578,138.3441162109375
2020-03-09,142.76571655273438,64.2543716430664,6.104920387268066,90.03050231933594,45.075260162353516,44.83394241333008,78.93665313720703,14.75,157.80999755859375,142.0936279296875
2020-03-10,152.5286102294922,68.88206481933594,6.493940830230713,94.59100341796875,47.84980773925781,46.67724609375,85.06977844238281,17.0,154.47999572753906,134.8101806640625
2020-03-11,145.61875915527344,66.48976135253906,6.13054084777832,91.04299926757812,45.793277740478516,42.63955307006836,81.0655288696289,16.260000228881836,153.92999267578125,129.84947204589844
2020-03-12,131.8085174560547,59.92359161376953,5.380358695983887,83.83049774169922,40.36829376220703,37.85089111328125,74.3832778930664,13.449999809265137,147.7899932861328,130.65411376953125
2020-03-13,150.5475616455078,67.10293579101562,5.99050235748291,89.25,48.24871063232422,41.92759704589844,87.78155517578125,14.3100004196167,143.27999877929688,127.70098876953125
2020-03-16,128.3583221435547,58.4703483581543,4.885130405426025,84.4574966430664,39.54389953613281,33.61814880371094,74.64515686035156,15.920000076293945,141.63999938964844,135.97154235839844
2020-03-17,138.92694091796875,61.041290283203125,5.404236793518066,90.39199829101562,44.39270782470703,36.45623016357422,79.20699310302734,15.579999923706055,143.55999755859375,126.90451049804688
2020-03-18,133.07864379882812,59.547000885009766,5.044816970825195,91.5,42.20322036743164,33.832706451416016,70.86897277832031,11.649999618530273,140.6999969482422,119.74554443359375
2020-03-19,135.2681884765625,59.09075164794922,5.2972822189331055,94.04650115966797,40.722862243652344,35.39317321777344,72.06012725830078,10.289999961853027,138.0399932861328,123.00567626953125
2020-03-20,130.18772888183594,55.33934020996094,5.117697715759277,92.30449676513672,40.62535095214844,35.21762466430664,70.53952026367188,10.380000114440918,140.11000061035156,132.25515747070312
2020-03-23,128.8891143798828,54.16370391845703,5.290317535400391,95.1415023803711,43.94948959350586,37.30472183227539,66.7633056640625,10.25,146.3000030517578,137.70541381835938
2020-03-24,140.60464477539062,59.59769058227539,6.197946548461914,97.00499725341797,46.449241638183594,42.20067596435547,74.70428466796875,13.920000076293945,153.39999389648438,135.1420440673828
2020-03-25,139.25865173339844,59.269386291503906,6.109397888183594,94.29199981689453,45.43869400024414,41.449703216552734,77.4920883178711,15.390000343322754,151.3000030517578,134.83509826660156
2020-03-26,147.96946716308594,62.38833236694336,6.3984270095825195,97.77449798583984,49.232643127441406,43.683109283447266,82.8902587890625,15.65999984741211,153.24000549316406,135.4987030029297
2020-03-27,141.89366149902344,59.80531311035156,6.286247253417969,95.00499725341797,46.42264938354492,42.405487060546875,76.9852066040039,14.039999961853027,152.25,139.11563110351562
2020-03-30,151.8745574951172,61.51200866699219,6.606118679046631,98.19750213623047,49.18832778930664,43.41979217529297,78.9873275756836,12.25,152.9199981689453,137.97076416015625
2020-03-31,149.48602294921875,61.38648986816406,6.556621074676514,97.48600006103516,47.97391128540039,41.02058029174805,76.05594635009766,12.1899995803833,148.0500030517578,136.8508758544922
2020-04-01,144.17799377441406,58.156517028808594,6.045970439910889,95.38500213623047,45.98828887939453,38.904197692871094,71.2660140991211,10.6899995803833,149.4499969482422,138.7681884765625
2020-04-02,147.16378784179688,59.1269645690918,6.354400157928467,95.94149780273438,48.17778778076172,40.07455062866211,73.92705535888672,10.0600004196167,151.89999389648438,139.64883422851562
2020-04-03,145.80833435058594,58.27721405029297,6.066864490509033,95.32949829101562,47.98276138305664,40.20133972167969,71.74198150634766,9.390000343322754,152.64999389648438,139.98123168945312
2020-04-06,156.65176391601562,63.36118698120117,6.676013469696045,99.87950134277344,51.7944450378418,45.22406005859375,76.35972595214844,9.5,156.8800048828125,139.61561584472656
2020-04-07,154.96456909179688,62.62731170654297,6.442949295043945,100.58000183105469,51.76786422729492,45.38986587524414,77.366943359375,10.220000267028809,156.0399932861328,138.15345764160156
2020-04-08,156.5190887451172,64.2302474975586,6.639946937561035,102.1500015258789,52.281986236572266,47.096614837646484,80.490966796875,11.329999923706055,154.64999389648438,137.14828491210938
2020-04-09,156.52853393554688,64.6937484741211,6.54045295715332,102.13800048828125,50.65094757080078,44.989994049072266,87.7121353149414,12.510000228881836,158.69000244140625,137.3975067138672
2020-04-13,156.87928771972656,65.9635009765625,6.7120795249938965,108.44349670410156,52.033790588378906,45.02900695800781,83.81135559082031,11.5600004196167,161.41000366210938,136.14308166503906
2020-04-14,164.64215087890625,69.29486083984375,7.062794208526611,114.16600036621094,53.77119445800781,46.44317626953125,81.51527404785156,11.949999809265137,162.67999267578125,136.10984802246094
2020-04-15,162.91714477539062,68.66240692138672,6.985436916351318,115.38400268554688,52.18447494506836,45.2825813293457,77.49497985839844,12.289999961853027,161.85000610351562,139.7152862548828
2020-04-16,167.80796813964844,69.20796966552734,7.330182075500488,120.40950012207031,53.88644027709961,44.40482711791992,74.54164123535156,11.069999694824219,161.7100067138672,141.30206298828125
2020-04-17,169.28665161132812,68.26891326904297,7.2709832191467285,118.75,53.505271911621094,44.57061767578125,81.24211883544922,11.569999694824219,158.57000732421875,139.4079132080078
2020-04-20,165.9312286376953,66.85187530517578,7.139902114868164,119.68049621582031,52.45927810668945,42.32747268676758,78.28025817871094,11.0600004196167,159.6999969482422,140.52940368652344
2020-04-21,159.06884765625,64.78546905517578,6.703622341156006,116.40599822998047,49.95952224731445,40.38663864135742,76.00978088378906,11.0,158.61000061035156,142.29891967773438
2020-04-22,164.4715576171875,66.6515121459961,7.117516994476318,118.17449951171875,53.27479934692383,42.824859619140625,76.25731658935547,10.270000457763672,161.72999572753906,140.8451385498047
2020-04-23,162.48104858398438,66.39321899414062,7.064284801483154,119.97250366210938,52.33517837524414,42.688323974609375,76.29998779296875,10.25,163.33999633789062,141.59283447265625
2020-04-24,165.44786071777344,68.30994415283203,7.203080654144287,120.51100158691406,52.530189514160156,43.06867980957031,77.42668914794922,10.3100004196167,162.63999938964844,141.92503356933594
2020-04-27,164.97393798828125,68.35821533203125,7.3893818855285645,118.80000305175781,52.71634292602539,44.161006927490234,80.76412200927734,10.020000457763672,161.55999755859375,139.2833251953125
2020-04-28,160.95501708984375,67.25019836425781,7.247105121612549,115.7040023803711,52.078102111816406,44.19026184082031,81.33602142333984,11.260000228881836,160.83999633789062,140.8866729736328
2020-04-29,168.1776885986328,69.45904541015625,7.423706531524658,118.635498046875,54.7817268371582,48.59856033325195,83.52965545654297,12.630000114440918,161.72999572753906,140.15560913085938
2020-04-30,169.86488342285156,70.9243392944336,7.269989967346191,123.69999694824219,53.168418884277344,46.70649719238281,81.7371826171875,12.010000228881836,158.8000030517578,138.51901245117188
2020-05-01,165.46681213378906,69.7824935913086,7.033691883087158,114.302001953125,50.94346618652344,43.946441650390625,79.5947265625,10.640000343322754,159.77999877929688,139.70518493652344
2020-05-04,169.51416015625,70.76986694335938,7.245364665985107,115.79949951171875,51.40441131591797,43.361263275146484,78.64727783203125,9.819999694824219,160.33999633789062,139.04803466796875
2020-05-05,171.33407592773438,71.8320083618164,7.306304931640625,115.88999938964844,52.078102111816406,44.28778839111328,78.52780151367188,9.510000228881836,161.02000427246094,138.15797424316406
2020-05-06,173.02125549316406,72.57312774658203,7.407041549682617,117.56300354003906,52.75559616088867,44.94123077392578,77.05110931396484,9.25,158.9499969482422,135.9287109375
2020-05-07,174.0259552001953,73.32389068603516,7.5831451416015625,118.38050079345703,52.74668502807617,45.43862533569336,77.85348510742188,9.539999961853027,161.38999938964844,138.19955444335938
2020-05-08,175.0496063232422,75.06913757324219,7.772930145263672,118.98049926757812,53.19240951538086,47.05760192871094,79.12528228759766,10.140000343322754,160.4199981689453,136.40289306640625
2020-05-11,177.002197265625,76.25035858154297,8.02464771270752,120.44999694824219,53.602474212646484,47.008846282958984,76.79505157470703,10.100000381469727,159.4199981689453,135.3381805419922
2020-05-12,172.99276733398438,75.37895202636719,7.762979507446289,117.84750366210938,52.05135726928711,44.56086349487305,74.28557586669922,9.649999618530273,160.0399932861328,136.72727966308594
2020-05-13,170.37669372558594,74.46882629394531,7.740594387054443,118.39600372314453,51.471927642822266,42.454254150390625,71.7248764038086,9.109999656677246,161.5800018310547,137.68386840820312
2020-05-14,171.1160430908203,74.92632293701172,7.989824295043945,119.44249725341797,52.66645050048828,44.599876403808594,74.70381927490234,9.149999618530273,163.00999450683594,139.03143310546875
2020-05-15,173.60888671875,74.48335266113281,8.447744369506836,120.48899841308594,51.953304290771484,43.31249237060547,73.32106018066406,9.039999961853027,163.92999267578125,138.67376708984375
2020-05-18,175.26763916015625,76.23828125,8.70592975616455,121.31300354003906,53.4152717590332,44.785194396972656,77.20476531982422,9.869999885559082,162.69000244140625,135.6292724609375
2020-05-19,174.0543670654297,75.7977294921875,8.76089859008789,122.46649932861328,53.74509811401367,44.00495529174805,75.68544006347656,9.640000343322754,164.25999450683594,136.13668823242188
2020-05-20,176.46864318847656,77.2718505859375,8.924568176269531,124.89700317382812,56.250057220458984,45.48739242553711,77.9559097290039,9.869999885559082,164.64999389648438,136.54420471191406
2020-05-21,174.34902954101562,76.69577026367188,8.730805397033691,122.33699798583984,55.25164031982422,44.10248947143555,76.96578216552734,9.890000343322754,162.25,136.8853302001953
2020-05-22,174.42507934570312,77.1895523071289,8.980531692504883,121.84400177001953,55.50124740600586,43.82940673828125,76.36827087402344,9.699999809265137,163.2100067138672,137.7088623046875
2020-05-26,172.58111572265625,76.66670989990234,8.673592567443848,121.09300231933594,55.57255935668945,44.668148040771484,81.78839874267578,11.140000343322754,160.88999938964844,135.8622283935547
2020-05-27,172.80923461914062,77.00074005126953,8.48206901550293,120.51950073242188,56.660118103027344,48.22794723510742,86.52568817138672,11.979999542236328,161.17999267578125,135.61260986328125
2020-05-28,172.41952514648438,77.0346450805664,8.444013595581055,120.05500030517578,55.00204086303711,45.32158660888672,85.23680114746094,10.979999542236328,161.72000122070312,135.1135711669922
2020-05-29,174.17791748046875,76.95960235595703,8.830544471740723,122.11849975585938,56.098514556884766,46.72599792480469,83.06023406982422,10.5,162.91000366210938,136.07847595214844
2020-06-01,173.77871704101562,77.90603637695312,8.761645317077637,123.552001953125,55.1446647644043,45.19480514526367,84.16130065917969,11.109999656677246,163.66000366210938,135.1622314453125
2020-06-02,175.75579833984375,78.26670837402344,8.780547142028809,123.62049865722656,55.37644577026367,45.66294860839844,84.44297790527344,11.220000267028809,162.60000610351562,134.67088317871094
2020-06-03,176.18348693847656,78.69757843017578,8.725079536437988,123.91999816894531,55.20707321166992,47.71105194091797,89.0009994506836,11.850000381469727,159.60000610351562,132.88015747070312
2020-06-04,173.8642578125,78.01981353759766,8.72607707977295,123.02999877929688,56.13417053222656,49.95420455932617,90.8532485961914,16.719999313354492,161.27999877929688,130.95611572265625
2020-06-05,177.9323272705078,80.24187469482422,8.87886905670166,124.1500015258789,57.355445861816406,52.39242172241211,94.94181060791016,18.59000015258789,158.00999450683594,130.0232696533203
2020-06-08,179.03497314453125,80.71632385253906,8.76440143585205,126.2030029296875,56.7581787109375,52.3729248046875,96.83670043945312,20.309999465942383,159.72000122070312,130.52304077148438
2020-06-09,180.40365600585938,83.26518249511719,9.004286766052246,130.04299926757812,56.19658279418945,51.836517333984375,94.35283660888672,18.549999237060547,161.25999450683594,132.00567626953125
2020-06-10,187.0951385498047,85.4073715209961,9.32355785369873,132.37249755859375,56.936466217041016,51.173316955566406,90.52888488769531,17.020000457763672,163.57000732421875,133.9629364013672
2020-06-11,177.04844665527344,81.30693054199219,8.755691528320312,127.89800262451172,53.21915817260742,47.32093048095703,82.974853515625,14.380000114440918,162.38999938964844,136.49490356445312
2020-06-12,178.44564819335938,82.00889587402344,8.891312599182129,127.2509994506836,52.88931655883789,47.48672866821289,85.2453384399414,16.739999771118164,162.6199951171875,135.17889404296875
2020-06-15,179.58624267578125,83.02312469482422,9.131452560424805,128.63400268554688,53.57573699951172,48.02315139770508,86.42324829101562,16.700000762939453,162.3300018310547,135.25384521484375
2020-06-16,183.98704528808594,85.22342681884766,9.02668571472168,130.7635040283203,53.843170166015625,49.759151458740234,87.11463928222656,17.030000686645508,162.25,133.17999267578125
2020-06-17,184.62387084960938,85.10480499267578,9.193410873413086,132.0489959716797,53.92339324951172,49.70062255859375,84.91244506835938,16.979999542236328,162.55999755859375,133.7296600341797
2020-06-18,186.60092163085938,85.1386947631836,9.175498008728027,132.69900512695312,53.55790328979492,49.23249053955078,84.45153045654297,16.489999771118164,162.24000549316406,135.14566040039062
2020-06-19,185.48878479003906,84.65216827392578,9.218544960021973,133.75050354003906,53.14783477783203,49.573848724365234,83.48697662353516,16.0,164.02999877929688,135.25384521484375
2020-06-22,190.64047241210938,86.86699676513672,9.482820510864258,135.6909942626953,53.56681442260742,49.88594055175781,82.58220672607422,14.920000076293945,165.08999633789062,135.27053833007812
2020-06-23,191.91415405273438,88.72113037109375,9.406426429748535,138.2205047607422,53.4152717590332,48.60831832885742,83.58940887451172,14.0,166.47999572753906,134.34600830078125
2020-06-24,188.04568481445312,87.15502166748047,9.192912101745605,136.72000122070312,52.67537307739258,47.096614837646484,80.79826354980469,13.039999961853027,165.89999389648438,135.7869110107422
2020-06-25,190.421875,88.31208038330078,9.446242332458496,137.72900390625,52.15833282470703,47.97437286376953,83.61503601074219,13.170000076293945,165.8000030517578,136.1783447265625
2020-06-26,186.61036682128906,85.5986099243164,9.112786293029785,134.64349365234375,51.25798416137695,47.29167175292969,79.0313720703125,12.380000114440918,166.5399932861328,137.63600158691406
2020-06-29,188.61595153808594,87.5713882446289,9.157577514648438,134.0189971923828,51.94438552856445,47.93537139892578,79.38134765625,13.319999694824219,166.6300048828125,137.20291137695312
2020-06-30,193.43492126464844,88.30237579345703,9.45395565032959,137.9409942626953,53.33504104614258,50.24679183959961,80.28612518310547,13.069999694824219,167.3699951171875,136.5365447998047
2020-07-01,194.56600952148438,88.1353530883789,9.486054420471191,143.93499755859375,52.42576599121094,48.471771240234375,79.60327911376953,12.8100004196167,166.6199951171875,136.2714385986328
2020-07-02,196.04879760742188,88.1353530883789,9.567927360534668,144.51499938964844,52.711036682128906,48.59856033325195,79.86184692382812,12.5,166.97999572753906,136.41319274902344
2020-07-06,200.26901245117188,90.49301147460938,9.7938814163208,152.8520050048828,53.0765266418457,49.66162109375,81.87864685058594,12.800000190734863,167.97999572753906,135.85450744628906
2020-07-07,197.9402618408203,90.21220397949219,9.826231002807617,150.00599670410156,51.98004913330078,47.87684631347656,79.56881713867188,11.90999984741211,169.0399932861328,137.7640380859375
2020-07-08,202.29351806640625,92.31327819824219,10.168893814086914,154.0554962158203,52.24747848510742,48.48152542114258,80.4134521484375,11.989999771118164,170.08999633789062,137.21363830566406
2020-07-09,203.70977783203125,92.71025848388672,10.460543632507324,159.13150024414062,52.07810592651367,48.74485397338867,78.6724624633789,11.180000305175781,169.6300048828125,139.39840698242188
2020-07-10,203.09194946289062,92.87240600585938,10.430928230285645,160.0,53.06760025024414,49.447052001953125,82.97322082519531,11.9399995803833,169.19000244140625,138.69796752929688
2020-07-13,196.81871032714844,92.44397735595703,10.005899429321289,155.1999969482422,52.22073745727539,48.23769760131836,84.16263580322266,11.630000114440918,169.39999389648438,139.15660095214844
2020-07-14,198.03530883789062,93.9737777709961,10.329150199890137,154.1999969482422,52.57731628417969,48.48152542114258,84.6452865600586,11.569999694824219,170.19000244140625,139.35670471191406
2020-07-15,197.74066162109375,94.62006378173828,10.180091857910156,150.44349670410156,52.62187957763672,49.26174545288086,85.95532989501953,13.4399995803833,170.33999633789062,138.70628356933594
2020-07-16,193.8246307373047,93.45577239990234,10.088019371032715,149.9949951171875,52.719947814941406,48.86189270019531,86.19666290283203,12.449999809265137,168.72999572753906,139.36505126953125
2020-07-17,192.83612060546875,93.26697540283203,10.154460906982422,148.09849548339844,53.48658752441406,48.24745559692383,84.60218811035156,11.90999984741211,170.1199951171875,139.0731658935547
2020-07-20,201.1244659423828,95.23248291015625,10.462284088134766,159.8419952392578,54.511749267578125,49.9444465637207,83.8609619140625,11.470000267028809,170.94000244140625,139.41510009765625
2020-07-21,198.41555786132812,93.91810607910156,10.280872344970703,156.9145050048828,54.110591888427734,50.24679183959961,85.6795425415039,11.470000267028809,173.0,139.49850463867188
2020-07-22,201.2670135498047,94.18195343017578,10.390618324279785,154.99549865722656,54.422607421875,50.37358474731445,85.05899047851562,11.359999656677246,175.6300048828125,139.9154052734375
2020-07-23,192.5129852294922,89.8951187133789,10.08304214477539,149.32749938964844,53.843170166015625,51.3391227722168,85.3089370727539,11.770000457763672,177.17999267578125,141.54974365234375
2020-07-24,191.33436584472656,89.67243194580078,10.147491455078125,150.44549560546875,45.09810256958008,48.78385925292969,84.70561981201172,11.390000343322754,178.6999969482422,141.5414276123047
2020-07-27,193.7581024169922,91.79767608642578,10.373446464538574,152.760498046875,44.18883514404297,50.3150634765625,83.5162124633789,11.390000343322754,182.22999572753906,141.01609802246094
2020-07-28,192.0187530517578,90.28968811035156,10.168396949768066,150.01649475097656,43.894657135009766,48.852134704589844,83.87822723388672,11.770000457763672,183.75,141.9917449951172
2020-07-29,193.95767211914062,92.0203857421875,10.417241096496582,151.67649841308594,42.8516731262207,49.14472198486328,85.91224670410156,11.399999618530273,185.1300048828125,141.74990844726562
2020-07-30,193.8056182861328,93.13385009765625,10.565058708190918,152.593994140625,42.78035354614258,49.48607635498047,83.61963653564453,11.180000305175781,183.75999450683594,142.68385314941406
2020-07-31,194.8606719970703,102.88392639160156,10.565803527832031,158.23399353027344,42.5485725402832,48.822872161865234,83.29212188720703,11.119999885559082,185.42999267578125,142.5921630859375
2020-08-03,205.81988525390625,105.47632598876953,10.959482192993164,155.59449768066406,43.056705474853516,49.14472198486328,82.82672119140625,11.079999923706055,185.63999938964844,141.87420654296875
2020-08-04,202.73074340820312,106.18069458007812,11.175978660583496,156.94149780273438,43.79659652709961,50.0322380065918,82.35267639160156,11.470000267028809,189.58999633789062,143.2266082763672
2020-08-05,202.39810180664062,106.56559753417969,11.234705924987793,160.25149536132812,43.60939407348633,49.78840255737305,83.78340911865234,12.5600004196167,191.35000610351562,141.97434997558594
2020-08-06,205.63925170898438,110.28358459472656,11.283230781555176,161.25,43.59144973754883,47.496490478515625,83.80924987792969,13.039999961853027,193.88999938964844,142.76742553710938
2020-08-07,201.96084594726562,107.77619934082031,11.147862434387207,158.3730010986328,43.1068000793457,47.54524612426758,85.65367126464844,13.029999732971191,190.80999755859375,141.81578063964844
2020-08-10,197.9402618408203,109.34270477294922,11.113521575927734,157.4080047607422,44.17482376098633,47.93537139892578,86.73965454101562,14.0,190.14999389648438,141.18121337890625
2020-08-11,193.31137084960938,106.0908432006836,10.799969673156738,154.0334930419922,43.25040054321289,46.579715728759766,89.48043060302734,13.729999542236328,179.94000244140625,139.50335693359375
2020-08-12,198.833740234375,109.61672973632812,11.38749885559082,158.11199951171875,44.147884368896484,47.28192138671875,88.72199249267578,13.539999961853027,179.10000610351562,138.23448181152344
2020-08-13,198.3679962158203,111.55665588378906,11.39023208618164,158.05099487304688,43.58246612548828,44.999752044677734,88.23072052001953,13.300000190734863,183.3300018310547,136.7568817138672
2020-08-14,198.55809020996094,111.45724487304688,11.5106782913208,157.4010009765625,43.87864303588867,44.473087310791016,88.26518249511719,13.329999923706055,182.5399932861328,136.2225341796875
2020-08-17,199.86976623535156,111.16625213623047,12.280116081237793,159.12049865722656,43.914546966552734,44.10248947143555,85.9381103515625,12.619999885559082,186.5,136.56492614746094
2020-08-18,201.01988220214844,112.09259033203125,12.204216003417969,165.62449645996094,43.66324234008789,43.30275344848633,84.7400894165039,12.600000381469727,188.17999267578125,137.5415496826172
2020-08-19,199.80029296875,112.23322296142578,12.082528114318848,163.0240020751953,43.37604522705078,42.96139144897461,84.93830871582031,12.680000305175781,182.24000549316406,136.6817169189453
2020-08-20,204.44989013671875,114.7236328125,12.0850191116333,164.86849975585938,44.129940032958984,41.92759704589844,83.92129516601562,12.5,183.5,137.91726684570312
2020-08-21,202.9635467529297,120.6356201171875,12.625014305114746,164.23599243164062,44.22866439819336,41.60575485229492,83.87822723388672,12.15999984741211,182.02999877929688,138.74374389648438
2020-08-24,203.60191345214844,122.07845306396484,12.661599159240723,165.3730010986328,44.10301971435547,42.678565979003906,86.23973846435547,13.4399995803833,181.0,138.518310546875
2020-08-25,206.25070190429688,121.07696533203125,12.691208839416504,167.32449340820312,44.36330032348633,43.98544692993164,86.61898803710938,13.140000343322754,181.22000122070312,137.4581298828125
2020-08-26,210.70974731445312,122.72348022460938,12.714103698730469,172.09249877929688,44.47099304199219,43.84891128540039,85.40373229980469,12.789999961853027,183.36000061035156,136.93214416503906
2020-08-27,215.88343811035156,121.25641632080078,12.570018768310547,170.0,44.33636474609375,43.517311096191406,88.21345520019531,13.279999732971191,181.24000549316406,134.60305786132812
2020-08-28,218.1034393310547,121.05998229980469,13.087126731872559,170.08999633789062,45.26078414916992,44.56086349487305,88.575439453125,13.59000015258789,184.38999938964844,134.5028839111328
2020-08-31,214.8829803466797,125.16541290283203,13.31282901763916,172.54800415039062,45.72749328613281,44.385311126708984,86.3518295288086,13.050000190734863,184.8300018310547,135.39617919921875
2020-09-01,216.54086303710938,130.1510467529297,13.761385917663574,174.95599365234375,45.583892822265625,44.629146575927734,86.3087158203125,13.100000381469727,185.0500030517578,136.94483947753906
2020-09-02,220.7140655517578,127.45454406738281,14.28462028503418,176.57249450683594,46.89424133300781,46.647987365722656,87.61013793945312,13.229999542236328,182.6199951171875,138.24856567382812
2020-09-03,207.04151916503906,117.25043487548828,12.959360122680664,168.39999389648438,45.224891662597656,45.18505096435547,87.3343505859375,13.359999656677246,181.13999938964844,138.6413116455078
2020-09-04,204.13546752929688,117.3280029296875,12.568058013916016,164.7310028076172,44.946678161621094,45.33134078979492,89.22187042236328,13.609999656677246,181.63999938964844,136.0087432861328
2020-09-08,193.0926513671875,109.43241882324219,11.861616134643555,157.49200439453125,43.896602630615234,43.917179107666016,86.11908721923828,13.630000114440918,181.2899932861328,136.8445281982422
2020-09-09,201.3152618408203,113.79731750488281,12.660155296325684,163.4304962158203,44.5338134765625,44.03422164916992,86.93788146972656,13.050000190734863,183.0500030517578,136.476806640625
2020-09-10,195.67474365234375,110.08230590820312,12.258647918701172,158.7554931640625,43.94146728515625,43.761131286621094,86.04153442382812,13.010000228881836,182.4600067138672,137.17044067382812
2020-09-11,194.39797973632812,108.63704681396484,12.112030982971191,155.81100463867188,44.22866439819336,44.950992584228516,87.11027526855469,12.949999809265137,182.4499969482422,137.46295166015625
2020-09-14,195.7128448486328,111.89614868164062,12.816728591918945,155.14849853515625,44.345340728759766,47.81832504272461,88.31690216064453,13.260000228881836,183.88999938964844,137.4546356201172
2020-09-15,198.9237518310547,112.07074737548828,12.934967994689941,157.80650329589844,44.87487030029297,47.837833404541016,85.56749725341797,13.140000343322754,183.4499969482422,137.12030029296875
2020-09-16,195.369873046875,108.76313018798828,12.460521697998047,153.90499877929688,45.206939697265625,48.96916961669922,85.92947387695312,13.800000190734863,183.97000122070312,136.71080017089844
2020-09-17,193.3308563232422,107.02688598632812,12.409740447998047,150.43649291992188,45.16206359863281,49.72014236450195,84.94692993164062,13.630000114440918,182.9600067138672,137.12869262695312
2020-09-18,190.92982482910156,103.63197326660156,12.136676788330078,147.74549865722656,44.77614212036133,49.48607635498047,84.76595306396484,13.1899995803833,183.1999969482422,136.702392578125
2020-09-21,192.97828674316406,106.77469635009766,12.46325969696045,148.02349853515625,44.623565673828125,47.93537139892578,82.14580535888672,12.210000038146973,179.52000427246094,137.39613342285156
2020-09-22,197.62794494628906,108.45274353027344,12.58323860168457,156.44949340820312,44.829994201660156,48.471771240234375,81.24945831298828,12.34000015258789,178.64999389648438,137.2874755859375
2020-09-23,191.12037658691406,103.9035873413086,12.071457862854004,149.9929962158203,43.81582260131836,48.618064880371094,79.9308090209961,11.930000305175781,174.7899932861328,137.47129821777344
2020-09-24,193.5976104736328,104.97055053710938,12.29473876953125,150.989501953125,44.120967864990234,48.24745559692383,79.86184692382812,11.770000457763672,175.44000244140625,137.99786376953125
2020-09-25,198.0090789794922,108.90865325927734,12.818222045898438,154.75650024414062,44.821022033691406,47.92560958862305,80.55996704101562,12.289999961853027,174.94000244140625,137.99786376953125
2020-09-28,199.5525665283203,111.50817108154297,12.978778839111328,158.70249938964844,46.158294677734375,48.49127960205078,82.8784408569336,12.760000228881836,176.6999969482422,137.6050262451172
2020-09-29,197.47549438476562,110.66429138183594,13.168703079223633,157.24400329589844,45.94288635253906,49.456817626953125,82.1802978515625,12.25,178.19000244140625,137.7638397216797
2020-09-30,200.4005584716797,112.33264923095703,13.472140312194824,157.43649291992188,46.47240447998047,45.79948806762695,82.97322082519531,12.289999961853027,177.1199951171875,136.4433135986328
2020-10-01,202.43002319335938,113.283203125,13.555776596069336,161.06300354003906,46.8852653503418,46.73576736450195,83.57656860351562,12.579999923706055,178.6999969482422,136.6683349609375
2020-10-02,196.45602416992188,109.62641143798828,13.005910873413086,156.25,45.781333923339844,45.399620056152344,84.36949157714844,13.0,178.5399932861328,136.1580047607422
2020-10-05,200.4481964111328,113.0019302368164,13.58365535736084,159.9600067138672,46.391639709472656,46.42367172241211,86.1527328491211,13.119999885559082,179.41000366210938,133.49766540527344
2020-10-06,196.18922424316406,109.76222229003906,13.677252769470215,154.9980010986328,46.10444259643555,46.15058898925781,85.26545715332031,12.529999732971191,177.3000030517578,134.21713256835938
2020-10-07,199.92416381835938,111.62456512451172,13.903769493103027,159.7845001220703,47.27118682861328,47.21364974975586,86.75293731689453,13.069999694824219,177.22000122070312,133.2383575439453
2020-10-08,200.6387176513672,111.51788330078125,13.779060363769531,159.52749633789062,47.899436950683594,48.66683578491211,88.53617858886719,13.15999984741211,177.85000610351562,133.957763671875
2020-10-09,205.62184143066406,113.45781707763672,13.703388214111328,164.33250427246094,47.40581130981445,48.657073974609375,88.03165435791016,13.199999809265137,181.0800018310547,133.9326629638672
2020-10-12,210.94796752929688,120.66472625732422,14.16463851928711,172.14649963378906,48.35715866088867,49.427555084228516,89.11031341552734,12.920000076293945,180.55999755859375,134.35934448242188
2020-10-13,212.33905029296875,117.46379852294922,14.186792373657227,172.18150329589844,48.31228256225586,50.56863021850586,87.66632080078125,12.220000267028809,177.72000122070312,135.32144165039062
2020-10-14,210.43345642089844,117.55110168457031,14.034454345703125,168.1855010986328,48.06098556518555,50.35408020019531,87.17919158935547,12.359999656677246,178.27000427246094,135.63101196289062
2020-10-15,209.2900848388672,117.08551788330078,13.909744262695312,166.9324951171875,48.330230712890625,50.65641784667969,88.4840087890625,12.229999542236328,178.9199981689453,135.39674377441406
2020-10-16,209.2900848388672,115.44625854492188,13.751928329467773,163.635498046875,48.608455657958984,50.33456802368164,88.30132293701172,12.460000038146973,178.3000030517578,135.0203399658203
2020-10-19,204.10694885253906,112.49755096435547,13.439530372619629,160.36050415039062,48.985408782958984,51.329368591308594,86.8138427734375,12.5600004196167,178.38999938964844,134.50987243652344
2020-10-20,204.51661682128906,113.98159790039062,13.58664608001709,160.85049438476562,47.95328140258789,52.20711898803711,87.30966186523438,12.800000190734863,179.25,133.22987365722656
2020-10-21,204.65956115722656,113.36083221435547,13.466413497924805,159.2469940185547,48.01610565185547,51.99256134033203,86.43978881835938,12.75,180.60000610351562,132.76979064941406
2020-10-22,204.74526977539062,112.27442932128906,13.303372383117676,158.82000732421875,48.37510299682617,53.03611373901367,89.49307250976562,13.149999618530273,178.8300018310547,131.38937377929688
2020-10-23,206.02203369140625,111.58578491210938,13.531633377075195,160.22000122070312,43.259368896484375,51.543922424316406,90.30204772949219,12.600000381469727,178.63999938964844,132.19252014160156
2020-10-26,200.162353515625,111.5954818725586,13.084567070007324,160.3520050048828,41.93107986450195,50.85147476196289,88.06647491455078,11.800000190734863,178.5500030517578,133.42230224609375
2020-10-27,203.1827392578125,113.09892272949219,13.338964462280273,164.31649780273438,40.96178436279297,50.67591857910156,86.40498352050781,11.229999542236328,179.02000427246094,134.3175048828125
2020-10-28,193.1116485595703,107.8610610961914,12.57253646850586,158.13900756835938,39.714256286621094,48.76435852050781,83.97804260253906,10.949999809265137,176.1300048828125,134.44305419921875
2020-10-29,195.05538940429688,111.85738372802734,12.96782398223877,160.55050659179688,39.58860397338867,49.23249053955078,84.52605438232422,11.15999984741211,175.39999389648438,133.1378631591797
2020-10-30,192.91160583496094,105.59133911132812,12.479935646057129,151.8074951171875,39.74119186401367,49.09595489501953,85.28287506103516,11.279999732971191,176.1999969482422,131.8244171142578
2020-11-02,192.77825927734375,105.50402069091797,12.52648639678955,150.2239990234375,39.90272903442383,48.48152542114258,87.2052993774414,11.1899995803833,177.91000366210938,132.81185913085938
2020-11-03,196.68467712402344,107.12389373779297,12.963342666625977,152.42050170898438,40.25275802612305,49.81766891479492,89.95410919189453,11.25,178.9199981689453,132.04132080078125
2020-11-04,206.17445373535156,111.49847412109375,13.734749794006348,162.05799865722656,41.01561737060547,50.67591857910156,87.2052993774414,11.010000228881836,178.82000732421875,134.905517578125
2020-11-05,212.74871826171875,115.4559555053711,14.098926544189453,166.10000610351562,41.29587936401367,53.23117446899414,90.77179718017578,11.600000381469727,182.92999267578125,135.1400604248047
2020-11-06,213.15843200683594,115.32479095458984,14.499189376831055,165.56849670410156,41.03371047973633,53.79684066772461,89.56266021728516,11.460000038146973,183.19000244140625,133.50694274902344
2020-11-09,208.080078125,113.0219955444336,13.571955680847168,157.18699645996094,41.223548889160156,54.57707214355469,101.68875122070312,13.199999809265137,175.0800018310547,130.7013397216797
2020-11-10,201.04844665527344,112.68189239501953,12.714920043945312,151.75100708007812,41.07890701293945,54.0406608581543,101.35819244384766,12.380000114440918,175.66000366210938,129.94761657714844
2020-11-11,206.32687377929688,116.10210418701172,13.360123634338379,156.8695068359375,41.90157699584961,54.96718215942383,99.8446044921875,12.039999961853027,174.89999389648438,130.41661071777344
2020-11-12,205.26931762695312,115.8300552368164,13.39870834350586,155.51400756835938,40.63593673706055,54.859901428222656,98.61808013916016,11.739999771118164,175.9600067138672,132.635986328125
2020-11-13,206.28880310058594,115.87864685058594,13.239648818969727,156.4405059814453,41.09698486328125,56.498382568359375,99.23570251464844,12.239999771118164,177.16000366210938,132.4600830078125
2020-11-16,206.9748077392578,116.8891372680664,13.456955909729004,156.55299377441406,41.756927490234375,60.33126449584961,102.03671264648438,12.789999961853027,177.14999389648438,132.1417999267578
2020-11-17,204.33560180664062,116.00493621826172,13.364357948303223,156.7830047607422,41.160274505615234,60.45805740356445,101.00153350830078,12.699999809265137,176.5,133.0044403076172
2020-11-18,201.6417236328125,114.68351745605469,13.370827674865723,155.2729949951172,40.73537826538086,59.23894500732422,100.25345611572266,12.739999771118164,175.49000549316406,133.38970947265625
2020-11-19,202.92178344726562,115.27618408203125,13.382278442382812,155.8509979248047,41.24162673950195,60.30200958251953,100.52310180664062,12.789999961853027,175.16000366210938,134.0764923095703
2020-11-20,200.9825897216797,114.01306915283203,13.031299591064453,154.97000122070312,41.03371047973633,59.882625579833984,99.66195678710938,12.529999732971191,175.69000244140625,135.26573181152344
2020-11-23,200.71505737304688,110.62201690673828,13.08332347869873,154.91949462890625,41.639400482177734,62.593929290771484,102.53253173828125,13.5600004196167,172.22999572753906,134.64598083496094
2020-11-24,204.29739379882812,111.90462493896484,12.901860237121582,155.9029998779297,42.498226165771484,62.36961364746094,107.27338409423828,14.819999694824219,169.58999633789062,133.30593872070312
2020-11-25,204.30694580078125,112.74020385742188,13.177665710449219,159.2534942626953,42.534393310546875,61.86246109008789,106.15123748779297,14.9399995803833,169.50999450683594,132.8955841064453
2020-11-27,205.60609436035156,113.2843246459961,13.204048156738281,159.76699829101562,42.89599609375,62.642696380615234,105.4466323852539,14.979999542236328,167.7899932861328,134.18531799316406
2020-11-30,204.49798583984375,115.67457580566406,13.343694686889648,158.40199279785156,43.70961380004883,62.50615310668945,102.5412368774414,14.130000114440918,166.6699981689453,134.0178680419922
2020-12-01,206.5422821044922,119.24052429199219,13.332246780395508,161.00399780273438,44.803497314453125,65.42227935791016,104.15921020507812,14.270000457763672,170.17999267578125,132.0417938232422
2020-12-02,205.73983764648438,119.59032440185547,13.48608112335205,160.17649841308594,45.11085891723633,67.40209197998047,106.15992736816406,14.859999656677246,171.4600067138672,130.99391174316406
2020-12-03,204.66038513183594,119.45428466796875,13.34216022491455,159.3365020751953,46.09624481201172,68.1725845336914,105.46404266357422,16.09000015258789,172.80999755859375,132.05014038085938
2020-12-04,204.77500915527344,118.78385162353516,13.503759384155273,158.12899780273438,47.00027084350586,71.52754974365234,106.42089080810547,16.399999618530273,172.32000732421875,130.11361694335938
2020-12-07,204.7081298828125,120.24131774902344,13.552063941955566,157.89999389648438,45.382076263427734,70.81560516357422,106.020751953125,17.209999084472656,174.88999938964844,131.28724670410156
2020-12-08,206.35125732421875,120.85346221923828,13.296347618103027,158.864501953125,45.82504653930664,71.38127136230469,106.12512969970703,17.6299991607666,175.5,131.90765380859375
2020-12-09,202.32948303222656,118.32717895507812,12.878782272338867,155.2100067138672,45.26454544067383,69.64527130126953,105.29873657226562,17.15999984741211,172.5,131.47171020507812
2020-12-10,201.10670471191406,119.74578857421875,12.920113563537598,155.07449340820312,45.436317443847656,69.51847076416016,104.62025451660156,17.989999771118164,172.1699981689453,132.63706970214844
2020-12-11,203.72422790527344,118.9393310546875,12.960949897766113,155.8209991455078,44.957176208496094,68.7870101928711,104.00263214111328,17.049999237060547,172.49000549316406,133.10655212402344
2020-12-14,204.62217712402344,118.32717895507812,13.255261421203613,157.84849548339844,45.626155853271484,69.77204132080078,102.90657806396484,16.700000762939453,171.5399932861328,132.73764038085938
2020-12-15,204.55531311035156,124.25421905517578,13.306804656982422,158.25599670410156,45.80696105957031,71.34225463867188,104.66372680664062,17.010000228881836,173.94000244140625,132.29336547851562
2020-12-16,209.47506713867188,124.18620300292969,13.189275741577148,162.04800415039062,46.213775634765625,71.18620300292969,104.96820068359375,16.860000610351562,174.89999389648438,131.94125366210938
2020-12-17,209.60877990722656,125.05098724365234,13.287630081176758,161.8040008544922,45.78888702392578,70.47423553466797,104.09833526611328,16.799999237060547,176.74000549316406,131.59214782714844
2020-12-18,208.81588745117188,123.06883239746094,13.218658447265625,160.08250427246094,42.90503692626953,69.69402313232422,103.58509063720703,16.510000228881836,176.44000244140625,131.1976776123047
2020-12-21,212.6370391845703,124.59429931640625,13.278665542602539,160.3090057373047,41.91061782836914,69.70378875732422,107.47345733642578,16.100000381469727,175.8800048828125,131.7179412841797
2020-12-22,213.92666625976562,128.14083862304688,13.224882125854492,160.3260040283203,41.73884582519531,68.69921875,105.83805847167969,15.479999542236328,174.49000549316406,132.39781188964844
2020-12-23,211.13726806640625,127.24691009521484,12.956962585449219,159.2635040283203,42.1004638671875,68.22132110595703,108.795654296875,15.890000343322754,175.64999389648438,131.48301696777344
2020-12-24,212.7898712158203,128.22828674316406,12.941526412963867,158.63450622558594,42.552467346191406,68.83575439453125,108.3172378540039,15.65999984741211,176.35000610351562,132.00332641601562
2020-12-28,214.90109252929688,132.81442260742188,12.848152160644531,164.197998046875,42.552467346191406,68.91380310058594,109.030517578125,16.059999465942383,175.7100067138672,132.06214904785156
2020-12-29,214.1272735595703,131.04600524902344,12.891231536865234,166.10000610351562,44.64981460571289,68.47491455078125,108.74348449707031,15.859999656677246,176.35000610351562,131.89425659179688
2020-12-30,211.7677001953125,129.9286651611328,13.092914581298828,164.29249572753906,44.071231842041016,70.14263916015625,109.04793548583984,16.149999618530273,177.6999969482422,132.17955017089844
2020-12-31,212.474609375,128.92787170410156,13.002531051635742,162.84649658203125,45.038536071777344,73.32209014892578,110.53539276123047,15.770000457763672,178.36000061035156,132.37257385253906
2021-01-04,207.95616149902344,125.7408447265625,13.060795783996582,159.3314971923828,44.902931213378906,72.22003173828125,109.49156951904297,15.130000114440918,182.3300018310547,132.213134765625
2021-01-05,208.15673828125,127.2954330444336,13.350874900817871,160.92550659179688,45.75273132324219,75.35069274902344,110.08732604980469,15.430000305175781,182.8699951171875,131.2312469482422
2021-01-06,202.75938415527344,123.01051330566406,12.563801765441895,156.91900634765625,46.19569396972656,75.20441436767578,115.25657653808594,15.520000457763672,179.89999389648438,128.53732299804688
2021-01-07,208.52928161621094,127.20800018310547,13.290369033813477,158.10800170898438,47.18107223510742,77.15496826171875,119.04151916503906,15.380000114440918,179.47999572753906,127.40435028076172
2021-01-08,209.79983520507812,128.30604553222656,13.223389625549316,159.13499450683594,46.69291305541992,75.50672912597656,119.1729507446289,15.130000114440918,173.33999633789062,126.99317169189453
2021-01-11,207.76507568359375,125.32305908203125,13.566753387451172,155.7104949951172,46.59345626831055,76.72586059570312,120.95147705078125,15.0,173.0,126.78330993652344
2021-01-12,205.3195037841797,125.14813995361328,13.430554389953613,156.04150390625,48.130306243896484,77.4963150024414,122.85272979736328,15.380000114440918,174.1199951171875,126.68260192871094
2021-01-13,206.66647338867188,127.1788558959961,13.477365493774414,158.29449462890625,51.4842414855957,77.93518829345703,122.96662902832031,15.529999732971191,173.3699951171875,128.1092529296875
2021-01-14,203.4949493408203,125.2550277709961,13.147195816040039,156.37350463867188,53.563499450683594,79.29084014892578,123.68507385253906,16.440000534057617,173.27999877929688,126.90913391113281
2021-01-15,203.14144897460938,123.53519439697266,12.807817459106445,155.21249389648438,52.05378341674805,78.72518157958984,121.46844482421875,15.760000228881836,171.1300048828125,127.41271209716797
2021-01-19,206.7620086669922,124.20565032958984,12.972902297973633,156.03799438476562,52.4244270324707,83.38704681396484,120.94275665283203,15.970000267028809,172.5800018310547,127.82401275634766
2021-01-20,214.3087921142578,128.2865753173828,13.312029838562012,163.16900634765625,53.03916549682617,81.43647003173828,119.12913513183594,16.170000076293945,175.38999938964844,127.9498062133789
2021-01-21,214.91058349609375,132.98934936523438,13.811765670776367,165.34950256347656,56.46541213989258,82.90916442871094,118.13035583496094,15.829999923706055,175.27999877929688,127.05189514160156
2021-01-22,215.8467559814453,135.12693786621094,13.657386779785156,164.6114959716797,51.22207260131836,80.24663543701172,117.2191390991211,15.819999694824219,173.89999389648438,127.4631118774414
2021-01-25,219.26670837402344,138.86776733398438,13.598376274108887,164.6999969482422,50.119163513183594,79.27133178710938,115.75598907470703,15.430000305175781,174.0500030517578,128.96531677246094
2021-01-26,221.9414825439453,139.1009979248047,13.38124942779541,166.30650329589844,49.9112434387207,77.54508972167969,115.28288269042969,15.529999732971191,173.6199951171875,128.7219696044922
2021-01-27,222.4860076904297,138.03219604492188,12.865833282470703,161.62899780273438,48.44671630859375,73.23429870605469,112.02361297607422,16.559999465942383,172.52000427246094,129.04930114746094
2021-01-28,228.2463836669922,133.203125,12.998547554016113,161.88099670410156,50.68870544433594,76.45277404785156,113.99494171142578,18.100000381469727,172.67999267578125,128.33590698242188
2021-01-29,221.5880889892578,128.21853637695312,12.937544822692871,160.30999755859375,50.182437896728516,76.33570861816406,112.73328399658203,17.170000076293945,172.61000061035156,127.56379699707031
2021-02-01,228.93418884277344,130.33676147460938,13.183799743652344,167.1439971923828,51.24919128417969,78.44234466552734,113.56562042236328,16.84000015258789,174.22999572753906,127.711669921875
2021-02-02,228.8004608154297,131.16265869140625,13.502264022827148,169.0,52.433467864990234,79.60293579101562,117.06143951416016,16.59000015258789,172.11000061035156,126.8883285522461
2021-02-03,232.13441467285156,130.1424102783203,13.476120948791504,165.62649536132812,52.1441764831543,77.15496826171875,118.40194702148438,17.600000381469727,171.85000610351562,125.76237487792969
2021-02-04,231.18865966796875,133.49459838867188,13.609331130981445,166.5500030517578,53.470245361328125,79.24208068847656,121.12672424316406,17.399999618530273,168.14999389648438,125.42634582519531
2021-02-05,231.37022399902344,133.0810089111328,13.536375999450684,167.6074981689453,52.91543960571289,79.09578704833984,120.89018249511719,17.190000534057617,169.80999755859375,124.37605285644531
2021-02-08,231.62806701660156,133.22702026367188,14.380720138549805,166.14700317382812,53.80677032470703,81.93386840820312,122.78263092041016,17.770000457763672,171.52000427246094,124.92211151123047
2021-02-09,232.86996459960938,132.35121154785156,14.205923080444336,165.25,53.46115493774414,81.26091766357422,122.2920150756836,17.440000534057617,172.0800018310547,125.01457214355469
2021-02-10,231.96246337890625,131.7478790283203,14.704910278320312,164.32899475097656,53.53390884399414,80.31489562988281,122.36212921142578,17.40999984741211,172.7100067138672,125.84635925292969
2021-02-11,233.55780029296875,131.49488830566406,15.189457893371582,163.10650634765625,55.1710319519043,84.34283447265625,122.02041625976562,16.989999771118164,171.2100067138672,125.15746307373047
2021-02-12,234.03543090820312,131.7283935546875,14.90112018585205,163.885498046875,56.216976165771484,85.83502960205078,123.75516510009766,17.270000457763672,170.69000244140625,123.60310363769531
2021-02-16,232.80313110351562,129.60707092285156,15.268637657165527,163.44749450683594,56.8172607421875,85.57167053222656,126.73406982421875,17.81999969482422,168.24000549316406,121.72093963623047
2021-02-17,233.81800842285156,127.32026672363281,14.846090316772461,165.4320068359375,56.25335693359375,83.9234619140625,127.12834930419922,17.989999771118164,166.3300018310547,122.4939193725586
2021-02-18,233.42543029785156,126.22067260742188,14.769401550292969,166.4114990234375,56.03506851196289,86.3519287109375,127.55764770507812,17.709999084472656,166.32000732421875,121.99824523925781
2021-02-19,230.72535705566406,126.37633514404297,14.866509437561035,162.4949951171875,57.30838394165039,88.71212005615234,129.68666076660156,18.68000030517578,167.00999450683594,120.3766098022461
2021-02-22,224.54000854492188,122.6104965209961,14.298055648803711,159.03700256347656,55.21651077270508,84.14778137207031,130.9044952392578,20.440000534057617,169.50999450683594,119.46080017089844
2021-02-23,223.35269165039062,122.47425079345703,14.085161209106445,159.72500610351562,55.589412689208984,86.04959869384766,131.9558563232422,20.65999984741211,169.1199951171875,119.11630249023438
2021-02-24,224.57833862304688,121.97795867919922,14.440725326538086,157.97650146484375,57.47210693359375,90.23355865478516,134.2776336669922,21.81999969482422,169.0,118.33489990234375
2021-02-25,219.25466918945312,117.73526000976562,13.254014015197754,152.85800170898438,54.93456268310547,85.94229888916016,132.45529174804688,20.860000610351562,165.82000732421875,116.40245819091797
2021-02-26,222.50054931640625,117.99798583984375,13.659378051757812,154.64649963378906,55.28017807006836,89.26802062988281,128.94190979003906,20.940000534057617,161.80999755859375,120.25061798095703
2021-03-01,226.86668395996094,124.35234069824219,13.786118507385254,157.3070068359375,57.19015884399414,92.41820526123047,131.85951232910156,21.18000030517578,161.52999877929688,118.66238403320312
2021-03-02,223.92718505859375,121.75415802001953,13.352372169494629,154.72650146484375,55.698551177978516,88.83891296386719,131.43019104003906,21.440000534057617,162.41000366210938,118.67078399658203
2021-03-03,217.88543701171875,118.77648162841797,12.753290176391602,150.25,54.47980880737305,86.9078369140625,133.97103881835938,22.170000076293945,160.6199951171875,117.38371276855469
2021-03-04,217.0907745361328,116.89837646484375,12.32053279876709,148.8784942626953,53.0518798828125,82.24595642089844,131.91204833984375,21.239999771118164,159.0399932861328,116.62663269042969
2021-03-05,221.7537078857422,118.15367126464844,12.411417007446289,150.0229949951172,55.24379348754883,86.7322769165039,132.2187042236328,20.450000762939453,159.13999938964844,116.8537368774414
2021-03-08,217.7227020263672,113.22979736328125,11.546655654907227,147.59750366210938,54.434329986572266,82.94816589355469,133.97103881835938,21.469999313354492,157.49000549316406,115.94522857666016
2021-03-09,223.84103393554688,117.83255004882812,12.474236488342285,153.1425018310547,56.99916076660156,87.09314727783203,133.02476501464844,21.600000381469727,160.83999633789062,117.55198669433594
2021-03-10,222.53884887695312,116.7524185180664,12.42242431640625,152.8820037841797,56.61716842651367,83.29928588867188,135.91603088378906,21.75,161.66000366210938,117.78750610351562
2021-03-11,227.04859924316406,118.67916870117188,12.9457426071167,155.67950439453125,57.58124923706055,87.1029052734375,135.2063446044922,22.149999618530273,161.52000427246094,116.93787384033203
2021-03-12,225.72727966308594,117.774169921875,12.808749198913574,154.47450256347656,57.208351135253906,85.6009521484375,136.8096923828125,23.3700008392334,161.49000549316406,114.45626831054688
2021-03-15,224.82720947265625,120.65453338623047,13.142766952514648,154.08399963378906,58.017818450927734,86.65424346923828,136.12628173828125,25.170000076293945,162.1999969482422,115.12930297851562
2021-03-16,227.60397338867188,122.19205474853516,13.242402076721191,154.59300231933594,58.918235778808594,89.17049407958984,134.4966583251953,24.469999313354492,162.35000610351562,114.66661834716797
2021-03-17,226.96240234375,121.40384674072266,13.292214393615723,156.7864990234375,59.82774353027344,92.41820526123047,135.88099670410156,25.15999984741211,163.50999450683594,113.80853271484375
2021-03-18,220.9111328125,117.2876205444336,12.675741195678711,151.39950561523438,57.9632453918457,87.60028839111328,138.12388610839844,24.700000762939453,162.55999755859375,112.65606689453125
2021-03-19,220.55685424804688,116.76214599609375,12.798539161682129,153.7480010986328,57.99052810668945,88.27324676513672,135.92478942871094,24.969999313354492,163.24000549316406,113.3542709350586
2021-03-22,225.9570770263672,120.07069396972656,13.137784957885742,155.5435028076172,59.69131088256836,89.02422332763672,132.27125549316406,23.829999923706055,163.0,114.62455749511719
2021-03-23,227.47946166992188,119.24354553222656,13.022711753845215,156.875,57.73585891723633,83.28953552246094,130.94833374023438,22.270000457763672,161.80999755859375,115.65924835205078
2021-03-24,225.4496307373047,116.85945129394531,12.596532821655273,154.35350036621094,56.42617416381836,80.94884490966797,131.96461486816406,21.809999465942383,162.3699951171875,116.28174591064453
2021-03-25,222.46224975585938,117.34600067138672,12.489177703857422,152.31300354003906,56.407981872558594,82.01190185546875,133.6555938720703,22.770000457763672,161.77999877929688,115.36483001708984
2021-03-26,226.42623901367188,117.94931030273438,12.792060852050781,152.60150146484375,59.00008773803711,85.81550598144531,135.88099670410156,22.93000030517578,162.24000549316406,114.96102142333984
2021-03-29,225.2389678955078,118.12448120117188,12.90066146850586,153.7864990234375,58.66355895996094,84.45011901855469,133.7694854736328,22.90999984741211,160.30999755859375,113.98522186279297
2021-03-30,221.9931182861328,116.674560546875,12.824441909790039,152.76449584960938,57.99962615966797,84.40135192871094,135.34654235839844,24.1200008392334,157.57000732421875,114.58253479003906
2021-03-31,225.7464141845703,118.86405944824219,13.299192428588867,154.70399475097656,58.20880889892578,86.03006744384766,133.37521362304688,23.899999618530273,159.9600067138672,113.94312286376953
2021-04-01,232.0466766357422,119.69117736816406,13.76098918914795,158.0500030517578,58.70904541015625,90.12628173828125,134.67190551757812,23.860000610351562,161.97999572753906,115.83428192138672
2021-04-05,238.48097229003906,122.51315307617188,13.936092376708984,161.3365020751953,60.51897048950195,91.43315887451172,135.38577270507812,24.229999542236328,161.9199981689453,115.32887268066406
2021-04-06,237.32244873046875,122.8148193359375,13.810554504394531,161.1909942626953,59.62765121459961,91.17959594726562,134.43392944335938,24.059999465942383,163.22000122070312,116.11225128173828
2021-04-07,239.2757568359375,124.45935821533203,14.091516494750977,163.96949768066406,60.25519561767578,91.63799285888672,136.54025268554688,23.93000030517578,162.75999450683594,115.30355834960938
2021-04-08,242.48329162597656,126.8531723022461,14.264381408691406,164.96499633789062,60.98282241821289,92.93511962890625,136.70770263671875,23.649999618530273,164.50999450683594,116.25543212890625
2021-04-09,244.97274780273438,129.42218017578125,14.347076416015625,168.61000061035156,62.08333206176758,92.94486999511719,137.7300262451172,23.540000915527344,163.27000427246094,115.83428192138672
2021-04-12,245.0301513671875,127.7094955444336,15.15310287475586,168.96949768066406,59.49123001098633,93.22769927978516,137.43919372558594,22.90999984741211,162.27999877929688,115.78372192382812
2021-04-13,247.50048828125,130.81370544433594,15.621871948242188,170.0,59.318424224853516,89.8727035522461,135.79998779296875,22.559999465942383,163.42999267578125,116.65135955810547
2021-04-14,244.72377014160156,128.47824096679688,15.220852851867676,166.64999389648438,58.381614685058594,88.42927551269531,133.2618408203125,22.3700008392334,162.72000122070312,116.28069305419922
2021-04-15,248.46754455566406,130.88182067871094,16.077945709228516,168.95449829101562,59.136505126953125,88.03915405273438,134.10787963867188,22.1299991607666,165.35000610351562,118.22664642333984
2021-04-16,249.65481567382812,130.5509490966797,15.854016304016113,169.9720001220703,58.89094161987305,88.41954803466797,135.10379028320312,22.030000686645508,166.35000610351562,117.30839538574219
2021-04-19,247.73989868164062,131.21266174316406,15.305289268493652,168.60049438476562,57.87228775024414,86.22515106201172,134.53089904785156,21.549999237060547,165.88999938964844,116.971435546875
2021-04-20,247.28038024902344,129.52923583984375,15.115490913391113,166.7344970703125,57.02644729614258,85.31813049316406,131.55209350585938,20.3700008392334,166.47999572753906,117.51058959960938
2021-04-21,249.50167846679688,129.90872192382812,15.304045677185059,168.1009979248047,57.93595886230469,87.2784423828125,132.67137145996094,21.010000228881836,168.1300048828125,117.74647521972656
2021-04-22,246.23658752441406,128.3906707763672,14.795668601989746,165.45199584960938,56.908203125,82.6165771484375,129.87759399414062,20.06999969482422,167.0399932861328,118.26029205322266
2021-04-23,250.04736328125,130.70668029785156,15.209144592285156,167.04400634765625,53.87953186035156,83.90396118164062,132.3628692626953,21.110000610351562,166.39999389648438,117.9822998046875
2021-04-26,250.43040466308594,131.0959014892578,15.421113014221191,170.4499969482422,53.44296646118164,85.6692123413086,132.68896484375,22.040000915527344,166.83999633789062,117.81385803222656
2021-04-27,250.83255004882812,130.7747802734375,15.325218200683594,170.8715057373047,52.72445297241211,87.24917602539062,133.29710388183594,21.760000228881836,166.4199981689453,116.7861328125
2021-04-28,243.737548828125,129.98658752441406,15.220602035522461,172.9250030517578,52.40612030029297,83.90396118164062,134.1607666015625,21.700000762939453,166.91000366210938,116.8619384765625
2021-04-29,241.7747039794922,129.8892822265625,15.268424987792969,173.5655059814453,53.00639724731445,85.8837890625,136.7694091796875,21.299999237060547,166.22000122070312,116.51663208007812
2021-04-30,241.4587860107422,127.9236068725586,14.95433521270752,173.37100219726562,52.32426071166992,83.9429702758789,135.55319213867188,21.719999313354492,165.66000366210938,116.7861328125
2021-05-03,241.15235900878906,128.97457885742188,14.782218933105469,169.32449340820312,52.07869338989258,82.9189224243164,135.1566162109375,21.950000762939453,167.80999755859375,116.85620880126953
2021-05-04,237.25540161132812,124.41070556640625,14.298503875732422,165.593505859375,51.751277923583984,82.3239974975586,137.0249786376953,21.420000076293945,166.5800018310547,117.64918518066406
2021-05-05,235.99151611328125,124.65399169921875,14.405363082885742,163.52699279785156,51.70579147338867,83.04570770263672,138.82286071777344,21.56999969482422,167.27000427246094,117.84321594238281
2021-05-06,239.11293029785156,126.2499008178711,14.469622611999512,165.31849670410156,52.33539581298828,82.7043685913086,141.61656188964844,21.489999771118164,170.05999755859375,118.03722381591797
2021-05-07,241.7268524169922,126.92241668701172,14.757810592651367,164.58050537109375,52.77465057373047,83.85519409179688,142.10133361816406,22.0,171.58999633789062,117.45513153076172
2021-05-10,236.67132568359375,123.64727783203125,14.213319778442383,159.52450561523438,51.218955993652344,78.85196685791016,142.08367919921875,22.0,172.11000061035156,116.26565551757812
2021-05-11,235.76171875,122.73104858398438,14.253670692443848,161.19549560546875,50.36790466308594,78.68616485595703,139.7217559814453,21.56999969482422,172.13999938964844,115.60765075683594
2021-05-12,228.83908081054688,119.67030334472656,13.70793342590332,157.5970001220703,49.06842803955078,74.90206146240234,138.7611083984375,20.760000228881836,170.42999267578125,114.3928451538086
2021-05-13,232.69776916503906,121.81475830078125,13.615025520324707,158.07350158691406,49.425331115722656,75.28242492675781,142.3303985595703,21.209999084472656,171.1300048828125,114.57003021240234
2021-05-14,237.60008239746094,124.23212432861328,14.190652847290039,161.14500427246094,50.651588439941406,77.73038482666016,144.54248046875,22.399999618530273,172.69000244140625,115.64139556884766
2021-05-17,234.75634765625,123.08192443847656,14.11343765258789,163.51950073242188,50.63328170776367,78.40335083007812,145.1241455078125,23.350000381469727,174.6999969482422,115.39672088623047
2021-05-18,232.7456512451172,121.69776916503906,13.964238166809082,161.61399841308594,50.184879302978516,76.9306411743164,143.0795440673828,23.559999465942383,175.0399932861328,115.10152435302734
2021-05-19,233.32144165039062,121.54181671142578,14.014054298400879,161.58999633789062,50.660743713378906,77.95470428466797,141.98672485351562,22.969999313354492,175.16000366210938,114.82307434082031
2021-05-20,236.54603576660156,124.09567260742188,14.558796882629395,162.38400268554688,51.200653076171875,79.12503814697266,141.73997497558594,22.600000381469727,175.9600067138672,115.76793670654297
2021-05-21,235.28883361816406,122.26314544677734,14.936650276184082,160.1540069580078,51.319618225097656,78.72518157958984,143.35275268554688,22.56999969482422,176.0399932861328,116.1391372680664
2021-05-24,240.6727294921875,123.8909683227539,15.554619789123535,162.24949645996094,52.12492370605469,80.85130310058594,144.12826538085938,22.989999771118164,176.35000610351562,116.56934356689453
2021-05-25,241.57485961914062,123.6960220336914,15.590238571166992,162.95249938964844,52.04256057739258,79.22258758544922,142.6388702392578,23.209999084472656,177.9499969482422,117.64918518066406
2021-05-26,241.3541259765625,123.64727783203125,15.64229679107666,163.25799560546875,52.08831024169922,80.20761108398438,142.62127685546875,23.899999618530273,177.63999938964844,117.44669342041016
2021-05-27,239.2620086669922,122.11691284179688,15.431077003479004,161.5054931640625,52.829559326171875,81.85584259033203,144.84213256835938,24.43000030517578,177.7100067138672,116.97428131103516
2021-05-28,239.61708068847656,121.4638442993164,16.184797286987305,161.15350341796875,52.271339416503906,82.0606460571289,144.74520874023438,24.239999771118164,178.3800048828125,116.78866577148438
2021-06-01,237.428955078125,121.14217376708984,16.204727172851562,160.9324951171875,52.06085968017578,82.07044219970703,146.34033203125,24.670000076293945,177.89999389648438,116.76246643066406
2021-06-02,237.33303833007812,121.9024658203125,16.716585159301758,161.69949340820312,52.600772857666016,82.25569915771484,146.34915161132812,25.81999969482422,178.77000427246094,117.0328140258789
2021-06-03,235.80709838867188,120.42084503173828,16.907379150390625,159.35049438476562,51.466033935546875,80.00279235839844,146.44615173339844,24.93000030517578,175.27000427246094,116.593505859375
2021-06-04,240.68231201171875,122.71151733398438,17.513641357421875,160.31100463867188,52.50011444091797,81.69005584716797,146.68408203125,24.299999237060547,177.16000366210938,118.19021606445312
2021-06-07,243.5806121826172,122.72125244140625,17.554243087768555,159.90049743652344,52.24387741088867,81.96312713623047,145.9966583251953,24.25,177.8699951171875,117.82695770263672
2021-06-08,242.39059448242188,123.5400619506836,17.392839431762695,163.20550537109375,52.161521911621094,78.53986358642578,145.4149932861328,24.219999313354492,177.32000732421875,118.65487670898438
2021-06-09,243.36952209472656,123.92020416259766,17.298416137695312,164.0574951171875,52.161521911621094,76.71607208251953,143.5994873046875,23.850000381469727,176.97999572753906,119.70245361328125
2021-06-10,246.8723602294922,122.92596435546875,17.36493682861328,167.4824981689453,52.50926971435547,77.3207778930664,141.3609619140625,23.459999084472656,177.74000549316406,120.4205551147461
2021-06-11,247.49620056152344,124.13465881347656,17.763805389404297,167.3415069580078,52.939369201660156,77.37928009033203,141.2640838623047,23.530000686645508,175.74000549316406,120.22627258300781
2021-06-14,249.4156036376953,127.18560791015625,17.956636428833008,169.19349670410156,53.25050354003906,78.50084686279297,138.86692810058594,22.989999771118164,174.7100067138672,119.30545043945312
2021-06-15,247.94725036621094,126.36683654785156,17.72718620300293,169.156494140625,53.06747817993164,80.14910125732422,136.76055908203125,22.790000915527344,174.0500030517578,119.1617660522461
2021-06-16,247.00674438476562,126.86396026611328,17.748859405517578,170.7624969482422,52.362850189208984,78.50084686279297,137.72120666503906,22.829999923706055,171.11000061035156,119.06037139892578
2021-06-17,250.38487243652344,128.4625701904297,18.592931747436523,174.46200561523438,52.32624816894531,78.64714050292969,133.74655151367188,22.229999542236328,165.85000610351562,120.84293365478516
2021-06-18,248.97410583496094,127.1661376953125,18.574501037597656,174.34500122070312,50.944419860839844,75.04835510253906,130.36236572265625,22.290000915527344,164.92999267578125,123.11559295654297
2021-06-21,252.0451202392578,128.95965576171875,18.363731384277344,172.697998046875,51.127437591552734,75.1653823852539,132.57437133789062,22.450000762939453,166.9499969482422,121.0541763305664
2021-06-22,254.80911254882812,130.5972442626953,18.8216495513916,175.27200317382812,51.127437591552734,75.74080657958984,132.38052368164062,22.110000610351562,166.25,121.34988403320312
2021-06-23,254.5787353515625,130.32432556152344,18.99156379699707,175.1909942626953,50.569217681884766,77.06719207763672,133.18247985839844,22.200000762939453,166.13999938964844,121.0372314453125
2021-06-24,255.9414825439453,130.04165649414062,19.13930320739746,172.45399475097656,51.31046676635742,78.58863830566406,134.4075164794922,22.350000381469727,166.0399932861328,121.23157501220703
2021-06-25,254.3388214111328,129.74925231933594,18.96539878845215,170.072998046875,51.16404724121094,80.00279235839844,135.7647247314453,22.219999313354492,166.58999633789062,119.9728012084961
2021-06-28,257.8897399902344,131.3770751953125,19.916114807128906,172.1945037841797,52.600772857666016,81.3194351196289,136.011474609375,21.389999389648438,166.5800018310547,121.20620727539062
2021-06-29,260.4616394042969,132.88792419433594,19.957721710205078,172.40699768066406,51.9327392578125,80.88055419921875,135.8440399169922,21.079999923706055,164.8300018310547,121.40901184082031
2021-06-30,259.9818420410156,133.5019989013672,19.933551788330078,172.00799560546875,51.37451934814453,82.87991333007812,137.07786560058594,21.209999084472656,165.6300048828125,121.9497299194336
2021-07-01,260.6536865234375,133.80418395996094,20.142324447631836,171.64849853515625,51.25556564331055,78.13025665283203,138.4351043701172,21.510000228881836,166.1999969482422,121.9564437866211
2021-07-02,266.4598388671875,136.42628479003906,20.416379928588867,175.5489959716797,51.94189453125,78.3448257446289,138.30210876464844,21.479999542236328,167.2899932861328,122.69241333007812
2021-07-06,266.4693603515625,138.43426513671875,20.627151489257812,183.78700256347656,51.32876968383789,79.07628631591797,135.9797821044922,21.010000228881836,168.1199951171875,124.13045501708984
2021-07-07,268.6479187011719,140.9198760986328,20.301530838012695,184.82899475097656,51.209800720214844,76.2869644165039,136.1393585205078,20.309999465942383,168.75999450683594,125.23013305664062
2021-07-08,266.2391052246094,139.62347412109375,19.83414649963379,186.57049560546875,50.68819046020508,75.20441436767578,133.7904510498047,20.350000381469727,168.64999389648438,125.72077941894531
2021-07-09,266.73809814453125,141.4462432861328,19.981130599975586,185.9669952392578,51.23725891113281,76.79411315917969,138.07162475585938,20.889999389648438,169.2100067138672,123.95283508300781
2021-07-12,266.1430358886719,140.85162353515625,20.44179344177246,185.92750549316406,51.91444396972656,77.59383392333984,140.0482940673828,20.84000015258789,169.0,123.79212951660156
2021-07-13,269.65557861328125,141.9628448486328,20.180198669433594,183.8679962158203,52.04256057739258,76.51126861572266,137.9652862548828,20.020000457763672,169.22000122070312,122.84471130371094
2021-07-14,271.1239318847656,145.3842010498047,19.773101806640625,184.08399963378906,51.72227096557617,76.55027770996094,137.4954833984375,20.6200008392334,171.0399932861328,124.24040222167969
2021-07-15,269.7035827636719,144.73118591308594,18.90087127685547,181.55999755859375,51.072540283203125,75.01909637451172,137.79689025878906,20.459999084472656,171.07000732421875,125.61087036132812
2021-07-16,269.4348449707031,142.69393920898438,18.098400115966797,178.68150329589844,50.3038330078125,73.15628814697266,134.6502227783203,19.790000915527344,169.41000366210938,125.37403106689453
2021-07-19,265.8455810546875,138.85340881347656,18.71501350402832,177.47950744628906,50.00185775756836,72.73693084716797,130.2715301513672,18.969999313354492,169.61000061035156,128.1232147216797
2021-07-20,268.0625,142.45994567871094,18.547840118408203,178.6595001220703,50.55091857910156,73.52690887451172,132.70021057128906,20.559999465942383,169.38999938964844,126.88816833496094
2021-07-21,270.05865478515625,141.7289276123047,19.343093872070312,179.25999450683594,51.45689010620117,75.28242492675781,135.49227905273438,21.399999618530273,168.75999450683594,125.28087615966797
2021-07-22,274.607666015625,143.0935821533203,19.526456832885742,181.90150451660156,51.209800720214844,73.66343688964844,133.78158569335938,21.15999984741211,169.08999633789062,126.46526336669922
2021-07-23,277.9953308105469,144.80914306640625,19.49058723449707,182.83200073242188,48.50106430053711,74.06330108642578,133.52455139160156,21.200000762939453,168.55999755859375,125.61931610107422
2021-07-26,277.4003601074219,145.228271484375,19.227495193481445,184.99099731445312,49.69987106323242,74.41439819335938,134.4197540283203,22.079999923706055,168.16000366210938,125.24706268310547
2021-07-27,274.99151611328125,143.06434631347656,19.14179229736328,181.3195037841797,48.6657829284668,72.38581848144531,134.24249267578125,21.459999084472656,168.44000244140625,126.58365631103516
2021-07-28,274.6844482421875,141.31956481933594,19.435773849487305,181.51600646972656,48.56512451171875,73.68296813964844,134.46409606933594,21.6299991607666,169.2899932861328,126.59213256835938
2021-07-29,274.9531555175781,141.9628448486328,19.594226837158203,179.99600219726562,49.14164733886719,75.17513275146484,135.61634826660156,21.170000076293945,171.1699981689453,125.88990783691406
2021-07-30,273.4271545410156,142.1773223876953,19.431785583496094,166.37950134277344,49.159942626953125,75.66275787353516,134.5349884033203,20.3799991607666,169.82000732421875,126.48213958740234
2021-08-02,273.3408203125,141.84591674804688,19.681921005249023,166.57400512695312,49.12334060668945,75.72128295898438,133.99429321289062,20.059999465942383,169.61000061035156,127.61029052734375
2021-08-03,275.5481872558594,143.63943481445312,19.74669647216797,168.31199645996094,49.47108840942383,78.86170959472656,135.51885986328125,19.950000762939453,169.49000549316406,127.677978515625
2021-08-04,274.9627990722656,143.23977661132812,20.204118728637695,167.73599243164062,49.324668884277344,79.95404815673828,134.0563201904297,19.450000762939453,169.52999877929688,127.94063568115234
2021-08-05,277.8514099121094,143.3470001220703,20.565858840942383,168.79949951171875,49.635986328125,79.47613525390625,135.7493438720703,20.90999984741211,168.86000061035156,127.28839874267578
2021-08-06,277.7937927246094,142.66368103027344,20.29579734802246,167.2469940185547,49.66361618041992,79.97355651855469,139.60508728027344,21.020000457763672,164.63999938964844,125.16256713867188
2021-08-09,276.7093811035156,142.61485290527344,20.22504425048828,167.093505859375,49.78335189819336,78.22777557373047,139.45440673828125,20.559999465942383,161.72000122070312,124.71372985839844
2021-08-10,274.8955078125,142.1365203857422,19.867280960083008,166.03399658203125,49.68204116821289,74.03406524658203,141.16514587402344,20.940000534057617,161.77000427246094,124.13772583007812
2021-08-11,275.385009765625,142.39031982421875,19.63109588623047,164.60549926757812,49.86625671386719,73.17579650878906,142.84925842285156,21.229999542236328,164.0,124.06158447265625
2021-08-12,278.12969970703125,145.34828186035156,19.836383819580078,165.1750030517578,49.31361389160156,68.513916015625,143.40765380859375,20.43000030517578,164.0399932861328,123.85826110839844
2021-08-13,281.0472106933594,145.5532684326172,20.1184139251709,164.69850158691406,49.26756286621094,69.16736602783203,141.80331420898438,19.84000015258789,166.38999938964844,125.81473541259766
2021-08-16,282.72662353515625,147.5251922607422,19.88123321533203,164.94949340820312,49.249141693115234,69.17710876464844,140.8726348876953,19.760000228881836,167.22000122070312,126.11961364746094
2021-08-17,281.2679138183594,146.61732482910156,19.390928268432617,162.09800720214844,48.53071594238281,69.03082275390625,139.17076110839844,19.34000015258789,166.97000122070312,126.06883239746094
2021-08-18,279.5467224121094,142.87844848632812,18.9743709564209,160.06100463867188,48.070186614990234,68.87479400634766,137.90322875976562,19.139999389648438,167.10000610351562,126.49232482910156
2021-08-19,285.3543701171875,143.21031188964844,19.729755401611328,159.3874969482422,48.30044937133789,68.54318237304688,136.7509307861328,18.729999542236328,166.61000061035156,127.42398071289062
2021-08-20,292.6524658203125,144.66488647460938,20.744251251220703,159.99749755859375,47.904388427734375,68.49442291259766,137.14097595214844,18.5,166.6999969482422,127.5086441040039
2021-08-23,292.9313049316406,146.14874267578125,21.88231086730957,163.2935028076172,49.0280876159668,69.96710205078125,138.89598083496094,19.110000610351562,168.72999572753906,127.42398071289062
2021-08-24,290.9793701171875,146.0609130859375,21.717880249023438,165.28900146484375,49.56229782104492,70.20115661621094,139.75579833984375,19.829999923706055,168.64999389648438,126.43305206298828
2021-08-25,290.3929138183594,144.83087158203125,22.136428833007812,164.95899963378906,49.56229782104492,72.21025848388672,142.63650512695312,20.149999618530273,167.47999572753906,125.38270568847656
2021-08-26,287.5851745605469,144.0303497314453,21.991933822631836,165.8000030517578,48.93598175048828,70.97164154052734,143.37222290039062,19.899999618530273,167.6699981689453,125.7300033569336
2021-08-27,288.19097900390625,145.06512451171875,22.5579776763916,167.48150634765625,49.635986328125,72.1712417602539,144.52452087402344,20.219999313354492,170.19000244140625,126.58547973632812
2021-08-30,291.9120788574219,149.47764587402344,22.60979461669922,171.07850646972656,49.68204116821289,71.35201263427734,142.21102905273438,19.510000228881836,169.35000610351562,126.9157943725586
2021-08-31,290.267822265625,148.21835327148438,22.3117733001709,173.5395050048828,49.79256820678711,71.8786392211914,141.7767333984375,19.940000534057617,169.69000244140625,126.05186462402344
2021-09-01,290.2198181152344,148.88214111328125,22.367591857910156,173.9499969482422,49.433345794677734,71.8981704711914,141.57286071777344,19.639999389648438,169.6999969482422,126.26304626464844
2021-09-02,289.5659484863281,149.99502563476562,22.322738647460938,173.156005859375,49.488616943359375,72.16149139404297,142.22874450683594,19.760000228881836,169.25,126.81424713134766
2021-09-03,289.55633544921875,150.6295623779297,22.768278121948242,173.90249633789062,49.28597640991211,71.9859390258789,141.36898803710938,19.3700008392334,171.05999755859375,125.66090393066406
2021-09-07,288.63323974609375,152.96267700195312,22.587867736816406,175.46449279785156,49.41493606567383,71.82015991210938,141.120849609375,19.530000686645508,167.7100067138672,124.60084533691406
2021-09-08,288.6620788574219,151.42031860351562,22.26592445373535,176.27499389648438,49.34124755859375,70.48402404785156,140.49148559570312,19.1299991607666,167.2899932861328,125.44890594482422
2021-09-09,285.81597900390625,150.40504455566406,22.104455947875977,174.20799255371094,49.18466567993164,71.06917572021484,141.10305786132812,20.200000762939453,168.02999877929688,126.9669189453125
2021-09-10,284.335205078125,145.42633056640625,22.404470443725586,173.45750427246094,49.589935302734375,71.68360137939453,139.48101806640625,18.950000762939453,167.17999267578125,125.8475341796875
2021-09-13,285.56591796875,145.99253845214844,22.079538345336914,172.85850524902344,50.649147033691406,72.51261901855469,141.69696044921875,19.309999465942383,167.74000549316406,126.61074829101562
2021-09-14,288.25823974609375,144.5965576171875,22.16924285888672,172.5,50.216251373291016,71.6738510131836,139.22396850585938,19.209999084472656,168.82000732421875,128.14566040039062
2021-09-15,293.0947265625,145.4849090576172,22.267919540405273,173.7895050048828,50.76888656616211,71.99568176269531,140.19012451171875,19.3799991607666,167.8300018310547,127.69618225097656
2021-09-16,293.4793701171875,145.25059509277344,22.16924285888672,174.41200256347656,50.50178909301758,72.7856674194336,140.12803649902344,19.889999389648438,164.02999877929688,127.11102294921875
2021-09-17,288.3351745605469,142.58558654785156,21.828359603881836,173.12600708007812,49.97677993774414,72.4638442993164,139.76466369628906,19.729999542236328,163.77000427246094,126.5005111694336
2021-09-20,282.9794616699219,139.53981018066406,21.043935775756836,167.7864990234375,48.79781723022461,70.58153533935547,135.58091735839844,20.329999923706055,164.94000244140625,128.0693359375
2021-09-21,283.460205078125,140.0181427001953,21.176498413085938,167.18150329589844,48.696502685546875,70.35720825195312,135.5986785888672,19.760000228881836,166.0399932861328,127.9591293334961
2021-09-22,287.0948181152344,142.38055419921875,21.869224548339844,169.00250244140625,49.276771545410156,72.1419906616211,138.19577026367188,20.520000457763672,165.4199981689453,128.7223358154297
2021-09-23,288.03717041015625,143.33726501464844,22.4084529876709,170.8000030517578,49.76493453979492,72.21025848388672,142.86697387695312,20.899999618530273,163.50999450683594,125.81354522705078
2021-09-24,287.8352355957031,143.4251251220703,22.00876808166504,171.2760009765625,49.939937591552734,72.22003173828125,144.51560974121094,21.389999389648438,163.3000030517578,124.58393859863281
2021-09-27,282.8544921875,141.91200256347656,21.589143753051758,170.2899932861328,50.34520721435547,73.32209014892578,148.00799560546875,21.469999313354492,163.63999938964844,124.12602996826172
2021-09-28,272.6140441894531,138.53433227539062,20.631284713745117,165.79800415039062,49.737300872802734,71.29348754882812,147.2102508544922,21.43000030517578,162.0500030517578,122.19255065917969
2021-09-29,273.07562255859375,139.4324188232422,20.44988441467285,165.05599975585938,49.26756286621094,69.86958312988281,147.09498596191406,21.010000228881836,161.32000732421875,122.4045181274414
2021-09-30,271.07568359375,138.134033203125,20.648235321044922,164.2519989013672,49.07413864135742,69.32264709472656,145.091796875,20.520000457763672,164.22000122070312,122.38755798339844
2021-10-01,277.9795227050781,139.25665283203125,20.674150466918945,164.16299438476562,49.60835266113281,69.33241271972656,148.14096069335938,21.649999618530273,164.58999633789062,123.41751861572266
2021-10-04,272.2198181152344,135.83018493652344,19.66745376586914,159.48899841308594,49.249141693115234,68.9710464477539,147.9813690185547,21.389999389648438,165.36000061035156,123.10334777832031
2021-10-05,277.6526794433594,137.7533416748047,20.384098052978516,161.0500030517578,49.69125747680664,68.85383605957031,150.39796447753906,21.469999313354492,164.58999633789062,121.91458129882812
2021-10-06,281.8351745605469,138.62216186523438,20.632280349731445,163.10049438476562,49.71887969970703,68.30691528320312,150.71897888183594,20.540000915527344,165.02999877929688,122.60232543945312
2021-10-07,283.50830078125,139.88145446777344,21.006059646606445,165.1215057373047,49.903099060058594,68.89293670654297,151.67312622070312,20.170000076293945,164.16000366210938,121.32022857666016
2021-10-08,283.50830078125,139.500732421875,20.76285743713379,164.43099975585938,49.56229782104492,68.48272705078125,151.78907775878906,20.06999969482422,164.22999572753906,120.47113037109375
2021-10-11,282.9121398925781,139.4128875732422,20.627300262451172,162.31500244140625,49.22150802612305,67.60372924804688,148.59666442871094,20.1299991607666,163.9199981689453,120.16544342041016
2021-10-12,281.6140441894531,138.14382934570312,20.603382110595703,162.3665008544922,48.0517578125,65.16211700439453,147.45529174804688,20.290000915527344,164.66000366210938,122.22026824951172
2021-10-13,284.91217041015625,137.55810546875,20.870502471923828,164.21400451660156,48.13465118408203,64.83004760742188,143.56736755371094,19.610000610351562,167.58999633789062,123.40908813476562
2021-10-14,291.1044006347656,140.34027099609375,21.67486572265625,164.9929962158203,49.645198822021484,66.21690368652344,145.76991271972656,19.639999389648438,168.0,123.86750030517578
2021-10-15,292.5082092285156,141.39459228515625,21.79048728942871,170.4510040283203,50.160987854003906,66.09969329833984,148.5699462890625,19.979999542236328,165.3300018310547,123.14578247070312
2021-10-18,295.4697570800781,143.06390380859375,22.149307250976562,172.33700561523438,50.17020797729492,65.68949890136719,148.51641845703125,19.84000015258789,164.9199981689453,123.72318267822266
2021-10-19,296.3736572265625,145.22134399414062,22.217084884643555,172.20750427246094,50.8517951965332,65.99227905273438,150.31771850585938,19.530000686645508,165.4499969482422,122.0164566040039
2021-10-20,295.5851745605469,145.70947265625,22.030696868896484,170.7530059814453,50.9991569519043,66.67591857910156,152.34193420410156,19.520000457763672,166.89999389648438,121.19279479980469
2021-10-21,298.80633544921875,145.9241943359375,22.617767333984375,171.75050354003906,51.57941818237305,67.03728485107422,151.1470184326172,19.889999389648438,166.75,121.04852294921875
2021-10-22,297.26788330078125,145.15301513671875,22.651657104492188,166.77749633789062,45.55567932128906,65.93367004394531,153.18017578125,19.149999618530273,167.77000427246094,122.38158416748047
2021-10-25,296.2774963378906,145.1042022705078,23.090221405029297,166.01849365234375,45.50963592529297,67.15448760986328,152.43109130859375,19.229999542236328,168.92999267578125,122.19478607177734
2021-10-26,298.1813049316406,145.76806640625,24.636146545410156,168.80349731445312,44.468833923339844,67.33027648925781,152.84129333496094,19.389999389648438,167.67999267578125,123.20518493652344
2021-10-27,310.73895263671875,145.3092041015625,24.371017456054688,169.62449645996094,44.109619140625,66.6466293334961,149.65782165527344,19.030000686645508,168.1199951171875,125.44686126708984
2021-10-28,311.87359619140625,148.9407196044922,24.85940933227539,172.32850646972656,44.28462600708008,67.9553451538086,151.91390991210938,19.190000534057617,168.0800018310547,125.02230834960938
2021-10-29,318.8638916015625,146.23663330078125,25.483362197875977,168.6215057373047,45.13200378417969,67.4865493774414,151.49478149414062,19.200000762939453,166.64999389648438,125.40445709228516
2021-11-01,316.700439453125,145.4165802001953,25.742511749267578,165.90550231933594,45.638580322265625,69.04917907714844,151.41453552246094,19.770000457763672,167.52000427246094,124.50153350830078
2021-11-02,320.31585693359375,146.4513397216797,26.314634323120117,165.6374969482422,45.92411422729492,69.10779571533203,152.0120086669922,19.829999923706055,167.16000366210938,125.0541000366211
2021-11-03,321.15234375,147.8864288330078,26.510990142822266,169.1999969482422,46.412269592285156,69.58635711669922,152.06549072265625,20.6299991607666,165.77000427246094,123.76183319091797
2021-11-04,323.49847412109375,147.36898803710938,29.703516006469727,173.85000610351562,46.660831451416016,70.55322265625,150.06800842285156,20.6299991607666,167.64999389648438,125.0626220703125
2021-11-05,323.13311767578125,147.89695739746094,29.654674530029297,175.94949340820312,47.22658920288086,71.21734619140625,149.85400390625,21.81999969482422,169.83999633789062,126.93304443359375
2021-11-08,324.0273742675781,147.07569885253906,30.703235626220703,174.44900512695312,47.810890197753906,72.81905364990234,150.75465393066406,22.25,170.4499969482422,126.69493865966797
2021-11-09,323.0273742675781,147.43743896484375,30.556711196899414,178.81149291992188,47.48627853393555,73.82501220703125,149.61326599121094,22.260000228881836,171.2899932861328,128.34437561035156
2021-11-10,318.075439453125,144.612060546875,29.36263084411621,174.1024932861328,47.078189849853516,71.69590759277344,149.4705810546875,21.56999969482422,173.14999389648438,125.9979019165039
2021-11-11,319.6427917480469,144.5631561279297,30.290586471557617,173.625,46.8648796081543,72.8093032836914,149.46163940429688,21.329999923706055,174.1199951171875,125.81078338623047
2021-11-12,323.7677307128906,146.63580322265625,30.290586471557617,176.25750732421875,46.660831451416016,75.49508666992188,148.7928466796875,20.290000915527344,174.4499969482422,125.25818634033203
2021-11-15,323.1427307128906,146.64553833007812,29.926782608032227,177.28399658203125,46.670108795166016,74.98722076416016,148.5253448486328,20.31999969482422,174.17999267578125,123.685302734375
2021-11-16,326.4503479003906,147.62319946289062,30.104196548461914,177.03500366210938,46.9390754699707,75.01651763916016,147.45529174804688,19.84000015258789,172.9199981689453,123.37080383300781
2021-11-17,326.6719055175781,150.05751037597656,29.165281295776367,177.4499969482422,46.586631774902344,73.69804382324219,146.6616668701172,19.860000610351562,174.5,124.34844970703125
2021-11-18,328.74298095703125,154.33956909179688,31.57138442993164,184.80299377441406,46.07653045654297,75.22163391113281,145.39541625976562,19.389999389648438,173.94000244140625,124.81608581542969
2021-11-19,330.5155029296875,156.9596405029297,32.87710189819336,183.82850646972656,45.928131103515625,81.09127807617188,143.49603271484375,19.280000686645508,172.61000061035156,126.13383483886719
2021-11-22,327.3558654785156,157.4191131591797,31.851463317871094,178.6284942626953,46.21565246582031,81.90191650390625,146.55459594726562,19.6299991607666,168.74000549316406,124.65452575683594
2021-11-23,325.2847595214844,157.8004150390625,31.642148971557617,179.0019989013672,45.53860092163086,83.41573333740234,150.05911254882812,19.469999313354492,167.27999877929688,122.85211944580078
2021-11-24,325.5063781738281,158.31854248046875,32.56711959838867,179.02049255371094,46.150726318359375,84.19702911376953,148.8820343017578,19.459999084472656,167.1199951171875,124.82455444335938
2021-11-26,317.5785217285156,153.30328369140625,31.399944305419922,175.22799682617188,45.2418098449707,81.47218322753906,144.3966827392578,17.75,166.85000610351562,127.97875213623047
2021-11-29,324.2734069824219,156.65660095214844,33.26681900024414,178.07850646972656,46.37331771850586,84.1286849975586,143.77244567871094,17.739999771118164,166.6199951171875,126.95006561279297
2021-11-30,318.455078125,161.6033935546875,32.569114685058594,175.35350036621094,45.63134765625,82.03861999511719,141.63233947753906,17.690000534057617,165.5,128.87997436523438
2021-12-01,317.96380615234375,161.0852813720703,31.336002349853516,172.18600463867188,45.074867248535156,83.16178131103516,140.7941131591797,16.280000686645508,166.16000366210938,129.675048828125
2021-12-02,317.39544677734375,160.09786987304688,32.024837493896484,171.8679962158203,45.90959548950195,80.94478607177734,143.75460815429688,17.420000076293945,165.24000549316406,129.8367462158203
2021-12-03,311.15325927734375,158.22079467773438,30.596343994140625,169.489501953125,45.67771911621094,79.71421813964844,141.1508026123047,16.6200008392334,166.6300048828125,131.38601684570312
2021-12-06,314.2165832519531,161.62298583984375,29.94240951538086,171.36849975585938,47.29151153564453,80.52481842041016,142.8183135986328,17.93000030517578,166.22000122070312,129.58131408691406
2021-12-07,322.6261901855469,167.35189819335938,32.32487106323242,176.1645050048828,48.75690841674805,83.82591247558594,144.9674072265625,17.889999389648438,166.80999755859375,128.53443908691406
2021-12-08,322.67437744140625,171.16473388671875,31.72577667236328,176.1580047607422,47.99637985229492,84.01146697998047,143.30877685546875,18.229999542236328,166.89999389648438,126.31270599365234
2021-12-09,320.8728942871094,170.6563262939453,30.393983840942383,174.17100524902344,46.81849670410156,82.94691467285156,143.08584594726562,18.139999389648438,165.8800048828125,127.01923370361328
2021-12-10,329.9664001464844,175.4369354248047,30.102903366088867,172.21200561523438,46.920528411865234,83.54265594482422,142.51515197753906,18.010000228881836,166.5800018310547,126.71272277832031
2021-12-13,326.94171142578125,171.80992126464844,28.072317123413086,169.5675048828125,46.37331771850586,82.38046264648438,140.82086181640625,17.1200008392334,167.0,128.58547973632812
2021-12-14,316.2876892089844,170.4314727783203,28.247760772705078,169.0915069580078,46.09507751464844,81.34520721435547,141.8998260498047,16.90999984741211,165.44000244140625,128.27899169921875
2021-12-15,322.36602783203125,175.29034423828125,30.363079071044922,173.31500244140625,46.99471664428711,83.65990447998047,140.8386688232422,16.989999771118164,166.14999389648438,127.04478454589844
2021-12-16,312.973876953125,168.4077606201172,28.297603607177734,168.87100219726562,47.14311981201172,80.75922393798828,143.04127502441406,16.520000457763672,168.16000366210938,127.09420013427734
2021-12-17,311.914306640625,167.31280517578125,27.71344757080078,170.0175018310547,46.94834518432617,81.0619888305664,139.7864532470703,16.950000762939453,167.8000030517578,128.5343475341797
2021-12-20,308.1671142578125,165.953857421875,27.631710052490234,167.07899475097656,46.00233459472656,80.11463165283203,137.27182006835938,17.299999237060547,167.08999633789062,127.5713882446289
2021-12-21,315.2761535644531,169.12147521972656,28.98343849182129,170.41700744628906,47.08747482299805,88.56266021728516,139.18902587890625,18.1200008392334,167.02000427246094,127.08561706542969
2021-12-22,320.9692687988281,171.71218872070312,29.307411193847656,171.03700256347656,47.27296829223633,88.23059844970703,139.7329559326172,18.260000228881836,168.58999633789062,127.67366027832031
2021-12-23,322.404541015625,172.33787536621094,29.546655654907227,171.06849670410156,47.58829879760742,92.21533203125,140.23231506347656,18.260000228881836,168.97000122070312,126.56588745117188
2021-12-27,329.87969970703125,176.2972869873047,30.84754753112793,169.66949462890625,48.1725959777832,92.22510528564453,141.03488159179688,18.170000076293945,169.3699951171875,126.87257385253906
2021-12-28,328.7237243652344,175.2805633544922,30.22650718688965,170.66099548339844,48.00566101074219,90.76988983154297,141.46287536621094,18.540000915527344,168.63999938964844,126.36981964111328
2021-12-29,329.3981018066406,175.36854553222656,29.90651512145996,169.2010040283203,48.07058334350586,93.92446899414062,141.39157104492188,18.049999237060547,168.58999633789062,124.98927307128906
2021-12-30,326.8645935058594,174.2149200439453,29.492826461791992,168.64450073242188,47.98711013793945,91.69770812988281,141.32022094726562,18.06999969482422,169.8000030517578,126.03742980957031
2021-12-31,323.9747314453125,173.59902954101562,29.318378448486328,166.7169952392578,47.76451873779297,91.07198333740234,141.20431518554688,17.959999084472656,170.9600067138672,126.28459930419922
2022-01-03,322.4624938964844,177.939697265625,30.026142120361328,170.4044952392578,49.35048294067383,93.6139907836914,144.19155883789062,18.75,168.3300018310547,122.9696273803711
2022-01-04,316.9330749511719,175.68138122558594,29.1977596282959,167.52200317382812,49.28556442260742,94.1908187866211,149.65782165527344,19.020000457763672,169.57000732421875,122.45830535888672
2022-01-05,304.7666931152344,171.00827026367188,27.517072677612305,164.35699462890625,49.96261215209961,92.29409790039062,146.9217987060547,18.68000030517578,169.05999755859375,121.7936019897461
2022-01-06,302.35845947265625,168.15359497070312,28.089258193969727,163.25399780273438,50.09246063232422,93.51622009277344,148.482666015625,18.56999969482422,166.99000549316406,122.1089096069336
2022-01-07,302.5126037597656,168.31980895996094,27.161195755004883,162.5540008544922,49.563804626464844,92.34298706054688,149.953857421875,19.280000686645508,167.75,121.23113250732422
2022-01-10,302.7340393066406,168.33934020996094,27.31371307373047,161.48599243164062,51.20542526245117,91.79547119140625,150.09742736816406,18.790000915527344,168.25999450683594,121.52940368652344
2022-01-11,303.4180603027344,171.16473388671875,27.729402542114258,165.36199951171875,51.85464859008789,92.09856414794922,150.24990844726562,19.020000457763672,170.2899932861328,122.3390121459961
2022-01-12,306.5872802734375,171.60464477539062,27.91082763671875,165.20700073242188,51.69697570800781,92.98825073242188,151.10211181640625,18.5,170.74000549316406,121.87031555175781
2022-01-13,293.61175537109375,168.33934020996094,26.491310119628906,161.21400451660156,50.95500564575195,93.48687744140625,150.91372680664062,19.34000015258789,170.16000366210938,122.95254516601562
2022-01-14,298.8135070800781,169.19964599609375,26.857154846191406,162.13800048828125,51.65987777709961,95.18807220458984,141.63803100585938,18.489999771118164,169.6699981689453,121.09479522705078
2022-01-18,291.5406799316406,166.00277709960938,25.821428298950195,158.91749572753906,50.788063049316406,90.7982406616211,135.69944763183594,17.899999618530273,169.38999938964844,119.39047241210938
2022-01-19,292.1956787109375,162.51260375976562,24.98805809020996,156.2989959716797,49.730743408203125,87.99227142333984,133.60028076171875,17.309999465942383,172.0800018310547,120.21710205078125
2022-01-20,290.52923583984375,160.83106994628906,24.073945999145508,151.66749572753906,48.26535415649414,83.17224884033203,132.4610595703125,16.760000228881836,171.64999389648438,120.95848846435547
2022-01-21,285.1637268066406,158.77804565429688,23.30039405822754,142.64300537109375,48.26535415649414,80.102294921875,130.1466064453125,16.299999237060547,171.08999633789062,122.39863586425781
2022-01-24,285.4911804199219,158.0056915283203,23.298397064208984,144.54400634765625,48.1725959777832,81.09952545166016,130.02999877929688,16.40999984741211,172.02999877929688,121.39310455322266
2022-01-25,277.90032958984375,156.20687866210938,22.253692626953125,139.98599243164062,47.300785064697266,78.9192886352539,131.4473419189453,16.459999084472656,172.5800018310547,121.19707489013672
2022-01-26,285.8187255859375,156.11888122558594,22.700284957885742,138.87249755859375,47.940738677978516,80.14139556884766,132.69427490234375,16.239999771118164,169.7899932861328,119.7313232421875
2022-01-27,288.83380126953125,155.659423828125,21.874895095825195,139.6374969482422,44.56475830078125,76.9638900756836,130.35293579101562,15.779999732971191,167.60000610351562,121.92997741699219
2022-01-28,296.94476318359375,166.52090454101562,22.76807403564453,143.97799682617188,44.267974853515625,77.50162506103516,131.51910400390625,15.640000343322754,167.10000610351562,121.97258758544922
2022-01-31,299.56494140625,170.87139892578125,24.40888786315918,149.57350158691406,45.278907775878906,80.4346923828125,133.30429077148438,16.469999313354492,168.08999633789062,121.34195709228516
2022-02-01,297.4263610839844,170.7052001953125,24.560409545898438,151.19349670410156,45.39948272705078,79.63300323486328,135.59181213378906,16.829999923706055,168.22999572753906,120.93915557861328
2022-02-02,301.9538879394531,171.9076690673828,25.16250991821289,150.6125030517578,45.91885757446289,82.62472534179688,134.50636291503906,16.959999084472656,168.83999633789062,121.3487548828125
2022-02-03,290.19207763671875,169.0334014892578,23.872581481933594,138.8455047607422,44.778079986572266,80.14139556884766,133.3939971923828,16.56999969482422,168.60000610351562,120.40153503417969
2022-02-04,294.7099304199219,168.74960327148438,24.242414474487305,157.63949584960938,44.866859436035156,79.35924530029297,136.85667419433594,16.450000762939453,168.86000061035156,118.62653350830078
2022-02-07,289.90313720703125,168.0350341796875,24.650129318237305,157.9355010986328,45.025718688964844,79.06594848632812,137.314208984375,17.280000686645508,170.11000061035156,118.70338439941406
2022-02-08,293.3804626464844,171.13804626464844,25.0289306640625,161.4134979248047,45.614479064941406,82.24343872070312,139.89776611328125,18.260000228881836,170.6300048828125,117.90967559814453
2022-02-09,299.7864990234375,172.5574493408203,26.620899200439453,161.1894989013672,46.64247131347656,86.15419006347656,140.4808349609375,18.760000228881836,171.2100067138672,118.13158416748047
2022-02-10,291.2804870605469,168.48529052734375,25.742671966552734,159.0034942626953,45.66121292114258,88.98951721191406,139.89776611328125,18.709999084472656,170.55999755859375,116.25416564941406
2022-02-11,284.21002197265625,165.07876586914062,23.873579025268555,153.2935028076172,44.51173782348633,87.75761413574219,138.0767059326172,17.610000610351562,173.80999755859375,117.97796630859375
2022-02-14,284.1715087890625,165.31370544433594,24.190580368041992,155.16700744628906,44.46501159667969,87.8553695678711,136.7938690185547,17.43000030517578,174.74000549316406,116.51016998291016
2022-02-15,289.4406433105469,169.14109802246094,26.411563873291016,156.510498046875,45.26870346069336,93.85841369628906,138.7943572998047,18.84000015258789,173.0800018310547,115.18748474121094
2022-02-16,289.102783203125,168.9062042236328,26.42751121520996,158.10049438476562,45.072452545166016,93.91707611083984,139.04556274414062,18.81999969482422,174.86000061035156,115.87015533447266
2022-02-17,280.6372375488281,165.31370544433594,24.42982292175293,154.65249633789062,44.455665588378906,91.6390609741211,135.8429718017578,18.219999313354492,177.25,116.73207092285156
2022-02-18,277.9344177246094,163.76707458496094,23.56754493713379,152.60150146484375,42.0912971496582,88.77442169189453,136.4799041748047,17.8700008392334,177.1199951171875,117.96092987060547
2022-02-22,277.73175048828125,160.8499755859375,23.31633949279785,150.19749450683594,41.76420974731445,88.54955291748047,136.23770141601562,17.43000030517578,177.49000549316406,118.26810455322266
2022-02-23,270.5404357910156,156.6897430419922,22.316505432128906,144.82699584960938,41.726829528808594,85.36225891113281,133.38502502441406,16.639999389648438,178.2899932861328,116.63818359375
2022-02-24,284.3633117675781,159.30337524414062,23.673213958740234,151.35800170898438,43.661312103271484,86.84835815429688,129.67115783691406,16.959999084472656,177.13999938964844,116.71498107910156
2022-02-25,286.9888610839844,161.3688201904297,24.08092498779297,153.7884979248047,44.58649444580078,88.09001159667969,132.73912048339844,17.459999084472656,176.5500030517578,116.80033874511719
2022-02-28,288.4174499511719,161.6331024169922,24.308208465576172,153.56300354003906,44.577144622802734,86.87770080566406,127.20423126220703,17.25,178.3800048828125,119.36044311523438
2022-03-01,284.7107849121094,159.753662109375,23.403064727783203,151.14199829101562,43.754764556884766,84.33568572998047,122.4049072265625,16.290000915527344,181.6199951171875,120.74041748046875
2022-03-02,289.7688903808594,163.0426788330078,24.147838592529297,152.05250549316406,45.67055892944336,91.21864318847656,124.94361114501953,16.3700008392334,179.72999572753906,116.61318969726562
2022-03-03,285.6470642089844,162.7196502685547,23.643348693847656,147.89849853515625,44.792091369628906,87.19056701660156,124.05551147460938,15.710000038146973,180.8000030517578,117.80094909667969
2022-03-04,279.7974548339844,159.7242889404297,22.867666244506836,145.64100646972656,44.92292785644531,80.0827407836914,120.56591796875,14.59000015258789,183.67999267578125,119.8346939086914
2022-03-07,269.2276611328125,155.93601989746094,21.28838348388672,137.4530029296875,44.55846405029297,74.01126098632812,115.91014862060547,12.84000015258789,186.41000366210938,118.92036437988281
2022-03-08,266.2738342285156,154.1153106689453,21.449901580810547,136.01449584960938,44.3902473449707,75.4386978149414,115.09381103515625,13.510000228881836,191.50999450683594,117.72406768798828
2022-03-09,278.4847412109375,159.50892639160156,22.945430755615234,139.2790069580078,44.51173782348633,77.66783905029297,119.70475006103516,14.300000190734863,185.82000732421875,116.57051086425781
2022-03-10,275.6757507324219,155.1724853515625,22.590496063232422,146.8175048828125,43.60523986816406,74.03080749511719,118.28738403320312,14.199999809265137,186.39999389648438,114.89569854736328
2022-03-11,270.3473815917969,151.46249389648438,22.034160614013672,145.52450561523438,42.82957458496094,71.19551849365234,115.62310028076172,14.020000457763672,185.08999633789062,115.28022003173828
2022-03-14,266.8434143066406,147.4392852783203,21.266448974609375,141.85299682617188,41.493202209472656,67.85182189941406,116.7713394165039,14.25,182.3000030517578,112.58856201171875
2022-03-15,277.1816101074219,151.81488037109375,22.904556274414062,147.3665008544922,41.8763542175293,71.47906494140625,118.84355163574219,15.569999694824219,178.88999938964844,112.39202880859375
2022-03-16,284.1702880859375,156.2198944091797,24.423017501831055,153.10400390625,43.57719802856445,77.8927001953125,124.15421295166016,16.469999313354492,180.00999450683594,113.49431610107422
2022-03-17,284.971435546875,157.22811889648438,24.69221305847168,157.23899841308594,44.05381393432617,78.7237319946289,125.72406005859375,16.549999237060547,180.88999938964844,112.64836120605469
2022-03-18,290.00054931640625,160.51718139648438,26.374183654785156,161.25050354003906,44.3435173034668,77.6385269165039,125.6792221069336,16.75,179.3000030517578,114.02407836914062
2022-03-21,288.7746887207031,161.88763427734375,26.65435028076172,161.4915008544922,44.28744888305664,76.6021499633789,125.27552032470703,16.09000015258789,180.6699981689453,111.38370513916016
2022-03-22,293.5045166015625,165.2550048828125,26.444978713989258,164.88900756835938,45.22197341918945,77.35499572753906,127.93981170654297,16.559999465942383,179.36000061035156,109.95671081542969
2022-03-23,289.0932312011719,166.61561584472656,25.557626724243164,163.4080047607422,45.109840393066406,73.9623794555664,125.39214324951172,16.209999084472656,181.80999755859375,112.36639404296875
2022-03-24,293.5431823730469,170.3941192626953,28.066129684448242,163.64950561523438,48.240516662597656,76.46526336669922,126.20848083496094,16.719999313354492,183.1300048828125,111.48623657226562
2022-03-25,293.13775634765625,171.0303497314453,27.609493255615234,164.77349853515625,48.436771392822266,76.35773468017578,127.31187438964844,17.010000228881836,182.3800048828125,109.93962097167969
2022-03-28,299.9140319824219,171.89178466796875,28.134923934936523,168.99049377441406,48.13771057128906,78.07846069335938,126.36993408203125,17.299999237060547,179.05999755859375,110.87956237792969
2022-03-29,304.46051025390625,175.18084716796875,28.57062339782715,169.31500244140625,48.82926940917969,80.21961212158203,126.6480484008789,18.15999984741211,179.13999938964844,111.7169418334961
2022-03-30,302.9643249511719,174.01597595214844,27.607505798339844,166.30099487304688,48.062957763671875,77.39408874511719,126.07390594482422,18.049999237060547,180.5800018310547,112.58856201171875
2022-03-31,297.6069641113281,170.92269897460938,27.204702377319336,162.99749755859375,46.31538391113281,76.15241241455078,122.288330078125,18.25,180.64999389648438,112.86194610595703
2022-04-01,298.678466796875,170.62904357910156,26.632415771484375,163.55999755859375,44.96031188964844,74.48056030273438,121.38227844238281,18.239999771118164,179.5,113.29159545898438
2022-04-04,304.0357971191406,174.67184448242188,27.278484344482422,168.34649658203125,45.97895431518555,75.93730926513672,121.92051696777344,18.229999542236328,180.3699951171875,112.50426483154297
2022-04-05,300.0877990722656,171.3632049560547,25.853740692138672,164.05499267578125,44.979000091552734,72.94558715820312,120.50167083740234,17.84000015258789,179.24000549316406,109.96253967285156
2022-04-06,289.102783203125,168.20140075683594,24.334280014038086,158.75599670410156,44.42763137817383,72.13410949707031,118.82978820800781,17.3799991607666,179.66000366210938,109.07249450683594
2022-04-07,290.9079284667969,168.50486755371094,24.13587760925293,157.7845001220703,44.446319580078125,71.64525604248047,118.46829223632812,16.950000762939453,180.33999633789062,108.25091552734375
2022-04-08,286.66070556640625,166.49813842773438,23.05011749267578,154.4604949951172,43.941673278808594,70.6270751953125,120.63723754882812,16.59000015258789,181.47000122070312,107.07843017578125
2022-04-11,275.3571472167969,162.24978637695312,21.851701736450195,151.1219940185547,43.52113723754883,70.51936340332031,120.19441986083984,16.969999313354492,182.3699951171875,105.38394927978516
2022-04-12,272.268310546875,164.11947631835938,21.43993377685547,150.78750610351562,43.45571517944336,70.45083618164062,118.87496185302734,17.1299991607666,183.77000427246094,105.23844909667969
2022-04-13,277.6352233886719,166.80157470703125,22.1368465423584,155.54100036621094,43.93232727050781,70.8620376586914,115.043212890625,18.950000762939453,184.64999389648438,105.45240783691406
2022-04-14,270.11566162109375,161.7994842529297,21.194664001464844,151.7064971923828,42.680049896240234,68.65921783447266,113.97681427001953,19.0,184.0399932861328,103.33858489990234
2022-04-18,270.78173828125,161.58416748046875,21.718103408813477,152.78500366210938,43.5865478515625,69.65782928466797,116.091552734375,18.540000915527344,184.61000061035156,102.82514190673828
2022-04-19,275.3957824707031,163.86495971679688,22.131868362426758,158.11549377441406,44.792091369628906,71.2046890258789,118.49539947509766,19.59000015258789,181.82000732421875,102.05487823486328
2022-04-20,276.41900634765625,163.6985321044922,21.417997360229492,153.9980010986328,44.96031188964844,71.6648178100586,118.91114807128906,19.479999542236328,182.7100067138672,104.10882568359375
2022-04-21,271.0616760253906,162.9056396484375,20.122867584228516,148.29600524902344,44.3902473449707,69.4326400756836,117.98931884765625,20.219999313354492,182.05999755859375,103.33858489990234
2022-04-22,264.51702880859375,158.3734130859375,19.45685577392578,144.35000610351562,43.493099212646484,67.95430755615234,114.60038757324219,20.18000030517578,180.2899932861328,102.68817138671875
2022-04-25,270.974853515625,159.4404296875,19.84270477294922,146.07400512695312,43.97905349731445,68.64942169189453,114.56423950195312,19.979999542236328,177.0500030517578,103.71513366699219
2022-04-26,260.83935546875,153.48880004882812,18.732027053833008,139.39100646972656,42.53987503051758,65.67317199707031,111.17530822753906,18.770000457763672,177.32000732421875,104.75922393798828
2022-04-27,273.3880310058594,153.26365661621094,18.36013412475586,138.16700744628906,42.259517669677734,65.07598114013672,109.72935485839844,18.969999313354492,175.97999572753906,103.41561126708984
2022-04-28,279.5754699707031,160.1843719482422,19.72306251525879,144.59649658203125,43.77345275878906,68.70816802978516,111.46450805664062,19.43000030517578,176.92999267578125,103.56963348388672
2022-04-29,267.8858337402344,154.32080078125,18.491743087768555,124.28150177001953,40.73623275756836,66.7599105834961,107.86769104003906,18.770000457763672,176.91000366210938,102.22602081298828
2022-05-02,274.59466552734375,154.6243438720703,19.474802017211914,124.5,42.016536712646484,69.11936950683594,108.85275268554688,18.559999465942383,173.6300048828125,100.45404815673828
2022-05-03,271.99798583984375,156.11219787597656,19.543594360351562,124.25350189208984,42.10999298095703,69.76553344726562,111.18435668945312,19.1299991607666,174.08999633789062,101.13131713867188
2022-05-04,279.913330078125,162.51409912109375,20.273418426513672,125.92849731445312,43.493099212646484,72.0760269165039,114.86247253417969,19.6200008392334,175.8000030517578,101.68852996826172
2022-05-05,267.7217712402344,153.4594268798828,18.787860870361328,116.40699768066406,42.00957107543945,69.79489135742188,111.9886474609375,18.540000915527344,175.1300048828125,98.90243530273438
2022-05-06,265.1927490234375,154.1848907470703,18.619361877441406,114.77249908447266,41.72699737548828,68.8746109008789,111.80790710449219,17.84000015258789,175.4199981689453,97.445068359375
2022-05-09,255.39501953125,149.0675811767578,16.899497985839844,108.78900146484375,40.568443298339844,66.5053482055664,110.12699890136719,16.31999969482422,172.8800048828125,98.30233764648438
2022-05-10,260.1442565917969,151.4694061279297,17.542577743530273,108.85900115966797,41.4538459777832,67.46480560302734,107.44295501708984,16.56999969482422,171.4199981689453,99.1938705444336
2022-05-11,251.50498962402344,143.6170196533203,16.5804500579834,105.37200164794922,40.34238052368164,65.55570220947266,106.76517486572266,15.970000267028809,172.82000732421875,101.1056137084961
2022-05-12,246.48550415039062,139.75454711914062,16.126806259155273,106.93049621582031,40.35179138183594,66.28997039794922,106.67478942871094,15.489999771118164,170.1699981689453,100.91697692871094
2022-05-13,252.05519104003906,144.21502685546875,17.653247833251953,113.05500030517578,41.067649841308594,70.41167449951172,107.62368774414062,16.579999923706055,168.7899932861328,99.42532348632812
2022-05-16,252.42198181152344,142.67591857910156,17.21256446838379,110.81050109863281,40.57786178588867,68.99210357666016,106.87361907958984,16.549999237060547,170.39999389648438,99.32247161865234
2022-05-17,257.55731201171875,146.3031005859375,18.122846603393555,115.36849975585938,41.82119369506836,72.91799926757812,110.41618347167969,17.81999969482422,169.3300018310547,98.12232971191406
2022-05-18,245.830810546875,138.0487823486328,16.887535095214844,107.11250305175781,39.8902587890625,69.5599365234375,108.52740478515625,16.889999389648438,169.4199981689453,100.21406555175781
2022-05-19,244.92135620117188,134.6470947265625,17.072980880737305,107.31900024414062,39.57000732421875,67.94454193115234,106.9188003540039,16.75,171.91000366210938,100.45404815673828
2022-05-20,244.36016845703125,134.88233947753906,16.644262313842773,107.59100341796875,39.23091506958008,67.45500946044922,106.04219055175781,16.260000228881836,172.02999877929688,101.59422302246094
2022-05-23,252.18753051757812,140.29371643066406,16.8476505279541,107.55699920654297,39.56058120727539,68.13054656982422,112.6031723022461,16.75,172.8300018310547,99.92253875732422
2022-05-24,251.1909942626953,137.59783935546875,16.105871200561523,104.0999984741211,39.249752044677734,65.22282409667969,114.1937255859375,15.5,174.1300048828125,101.89427947998047
2022-05-25,253.99679565429688,137.7547149658203,16.924423217773438,106.7750015258789,39.74897384643555,66.44661712646484,114.9889907836914,16.1299991607666,173.0800018310547,102.29717254638672
2022-05-26,257.2670593261719,140.95053100585938,17.797819137573242,111.07749938964844,40.954627990722656,69.11936950683594,116.97718048095703,17.239999771118164,172.75999450683594,101.83427429199219
2022-05-27,264.36871337890625,146.6951904296875,18.754961013793945,115.14649963378906,41.96247863769531,71.7823257446289,118.63097381591797,18.1299991607666,172.85000610351562,102.08289337158203
2022-05-31,263.04327392578125,145.9109649658203,18.61637306213379,120.20950317382812,41.84003448486328,72.29141998291016,119.49853515625,17.8700008392334,171.13999938964844,99.92253875732422
2022-06-01,263.5754089355469,145.78350830078125,18.265417098999023,121.68399810791016,41.54803466796875,72.00749206542969,117.40193939208984,17.290000915527344,172.22999572753906,99.8083724975586
2022-06-02,265.6652526855469,148.2343292236328,19.53363037109375,125.51100158691406,42.235633850097656,73.78934478759766,119.2906723022461,17.459999084472656,174.35000610351562,99.85985565185547
2022-06-03,261.25323486328125,142.51904296875,18.664226531982422,122.3499984741211,40.86985397338867,68.47319793701172,117.62785339355469,16.219999313354492,172.5800018310547,99.64517211914062
2022-06-06,260.0245666503906,143.26406860351562,18.73002815246582,124.79000091552734,40.822757720947266,68.97249603271484,117.23924255371094,16.299999237060547,171.82000732421875,97.80738067626953
2022-06-07,263.65277099609375,145.78350830078125,18.869617462158203,123.0,41.0017204284668,69.2760009765625,117.5465087890625,16.690000534057617,172.94000244140625,98.86370849609375
2022-06-08,261.6306457519531,145.0482940673828,18.596370697021484,121.18000030517578,38.83530807495117,67.16132354736328,115.67582702636719,16.149999618530273,172.77999877929688,97.98773193359375
2022-06-09,256.1931457519531,139.83297729492188,17.99803352355957,116.1500015258789,37.686161041259766,64.63542175292969,113.24481201171875,15.470000267028809,172.22999572753906,98.31405639648438
2022-06-10,244.77622985839844,134.43141174316406,16.927005767822266,109.6500015258789,36.90437698364258,61.30672073364258,108.03942108154297,14.710000038146973,174.5399932861328,97.70430755615234
2022-06-13,234.3945770263672,129.28472900390625,15.603679656982422,103.66999816894531,35.576271057128906,57.605995178222656,104.8221664428711,13.319999694824219,169.92999267578125,94.638427734375
2022-06-14,236.5522003173828,130.1474151611328,15.792158126831055,102.30999755859375,35.72697830200195,57.46893310546875,103.07799530029297,12.949999809265137,168.57000732421875,93.44473266601562
2022-06-15,243.5861358642578,132.76487731933594,16.48124122619629,107.66999816894531,36.40515899658203,57.880123138427734,104.29801940917969,13.3100004196167,170.77000427246094,95.18806457519531
2022-06-16,237.0166015625,127.50050354003906,15.557806968688965,103.66000366210938,35.17124938964844,53.85631561279297,102.50865173339844,12.15999984741211,172.69000244140625,95.94380187988281
2022-06-17,239.6095733642578,128.97103881835938,15.836034774780273,106.22000122070312,34.82273864746094,54.5807991027832,102.14717864990234,12.9399995803833,171.27000427246094,96.25299835205078
2022-06-21,245.5018768310547,133.1961669921875,16.52013397216797,108.68000030517578,35.53859329223633,55.60877990722656,104.67756652832031,13.039999961853027,170.6300048828125,94.62127685546875
2022-06-22,244.9116668701172,132.68646240234375,16.314701080322266,108.94999694824219,35.20891571044922,55.1584358215332,104.09016418457031,13.100000381469727,171.30999755859375,97.22341918945312
2022-06-23,250.45558166503906,135.54898071289062,16.18008041381836,112.44000244140625,35.237178802490234,55.04094314575195,102.95146942138672,12.979999542236328,170.25999450683594,98.02205657958984
2022-06-24,259.00860595703125,138.87225341796875,17.078580856323242,116.45999908447266,36.36748504638672,57.214385986328125,106.02411651611328,13.899999618530273,170.08999633789062,96.6651840209961
2022-06-27,256.28985595703125,138.87225341796875,16.822296142578125,113.22000122070312,36.386329650878906,57.54724884033203,105.17461395263672,13.5600004196167,169.89999389648438,95.8407211303711
2022-06-28,248.1529541015625,134.73529052734375,15.937752723693848,107.4000015258789,35.58568572998047,56.646549224853516,104.66854095458984,13.5,169.6199951171875,96.28730010986328
2022-06-29,251.81021118164062,136.49008178710938,15.498969078063965,108.91999816894531,35.12415313720703,54.84513854980469,104.19862365722656,13.029999732971191,169.49000549316406,97.7901840209961
2022-06-30,248.49154663085938,134.02952575683594,15.11703109741211,106.20999908447266,35.237178802490234,54.12063980102539,101.76760864257812,12.680000305175781,168.4600067138672,98.64897918701172
2022-07-01,251.15225219726562,136.1959686279297,14.482792854309082,109.55999755859375,34.22932052612305,52.52484130859375,103.0689468383789,13.130000114440918,168.32000732421875,99.6617660522461
2022-07-05,254.31610107421875,138.7742462158203,14.922571182250977,113.5,34.55899429321289,55.540245056152344,102.67691802978516,13.880000114440918,164.75,100.44483947753906
2022-07-06,257.5669860839844,140.10745239257812,15.088111877441406,114.33000183105469,34.84157943725586,56.16682434082031,102.0113754272461,13.890000343322754,162.13999938964844,98.75823211669922
2022-07-07,259.6859130859375,143.46995544433594,15.814095497131348,116.33000183105469,35.92477798461914,57.615787506103516,104.59151458740234,14.100000381469727,162.22999572753906,97.88916778564453
2022-07-08,258.9698791503906,144.14639282226562,15.794153213500977,115.54000091552734,35.78349685668945,58.013065338134766,104.2633056640625,13.970000267028809,162.3000030517578,96.80494689941406
2022-07-11,255.9222412109375,142.01910400390625,15.110050201416016,111.75,35.03937530517578,56.70840835571289,102.8957290649414,13.430000305175781,161.42999267578125,98.47430419921875
2022-07-12,245.43411254882812,142.98959350585938,15.040243148803711,109.22000122070312,35.04879379272461,58.052310943603516,102.99602508544922,14.770000457763672,160.8300018310547,99.05944061279297
2022-07-13,244.5150146484375,142.6268768310547,15.122016906738281,110.4000015258789,35.04879379272461,57.738407135009766,102.02960205078125,14.3100004196167,161.60000610351562,100.19528198242188
2022-07-14,245.830810546875,145.54824829101562,15.32944107055664,110.62999725341797,35.51976013183594,58.219058990478516,98.4648208618164,14.25,159.3300018310547,99.37779998779297
2022-07-15,248.38510131835938,147.21475219726562,15.718361854553223,113.55000305175781,36.37689971923828,60.35752868652344,102.977783203125,14.470000267028809,159.00999450683594,99.93714904785156
2022-07-18,245.9952850341797,144.17581176757812,16.056427001953125,113.76000213623047,36.461666107177734,59.29810333251953,101.92020416259766,14.539999961853027,159.16000366210938,98.89592742919922
2022-07-19,251.1038818359375,148.02845764160156,16.944955825805664,118.20999908447266,37.88397216796875,61.210941314697266,104.44564056396484,15.15999984741211,159.5399932861328,98.36245727539062
2022-07-20,253.7549285888672,150.02828979492188,17.757699966430664,122.7699966430664,38.204227447509766,62.09379577636719,104.42741394042969,15.210000038146973,158.0399932861328,98.62060546875
2022-07-21,256.2414855957031,152.29283142089844,18.00002670288086,124.62999725341797,38.251319885253906,62.42731475830078,105.13854217529297,14.079999923706055,160.27000427246094,100.32433319091797
2022-07-22,251.90695190429688,151.0576629638672,17.27105140686035,122.41999816894531,36.923213958740234,60.12210464477539,104.62799072265625,13.680000305175781,160.6699981689453,102.01090240478516
2022-07-25,250.4265899658203,149.94007873535156,16.976863861083984,121.13999938964844,36.88553237915039,59.003822326660156,105.04737854003906,13.75,160.22999572753906,101.01274108886719
2022-07-26,243.7216033935547,148.61663818359375,16.487226486206055,114.80999755859375,36.6971549987793,58.52315902709961,103.40628051757812,13.430000305175781,160.0399932861328,101.09021759033203
2022-07-27,260.0148010253906,153.70449829101562,17.74074935913086,120.97000122070312,37.84628677368164,60.71066665649414,105.06561279296875,13.970000267028809,161.6699981689453,100.52226257324219
2022-07-28,267.43585205078125,154.25352478027344,17.934213638305664,122.27999877929688,37.40359115600586,60.887229919433594,104.67357635498047,13.760000228881836,163.63999938964844,101.32252502441406
2022-07-29,271.6252746582031,159.3119659423828,18.112714767456055,134.9499969482422,34.201072692871094,60.681243896484375,105.17501831054688,13.710000038146973,164.10000610351562,101.04715728759766
2022-08-01,268.98394775390625,158.3315887451172,18.38994789123535,135.38999938964844,34.813316345214844,61.34828186035156,104.12655639648438,14.279999732971191,165.02999877929688,103.48072052001953
2022-08-02,265.8974609375,156.86114501953125,18.474706649780273,134.16000366210938,33.91849136352539,61.27961730957031,102.50369262695312,14.0600004196167,164.0500030517578,101.29113006591797
2022-08-03,273.29913330078125,162.86068725585938,18.8406925201416,139.52000427246094,34.39887619018555,63.025699615478516,103.57952117919922,14.630000114440918,164.4499969482422,102.88592529296875
2022-08-04,274.4407653808594,162.5469970703125,19.161800384521484,142.57000732421875,33.927913665771484,63.61427307128906,102.43987274169922,14.859999656677246,167.1699981689453,102.85143280029297
2022-08-05,273.7248229980469,162.3212127685547,18.936426162719727,140.8000030517578,33.6710319519043,61.26980209350586,105.53970336914062,14.739999771118164,165.2899932861328,100.40320587158203
2022-08-08,271.21881103515625,161.8499755859375,17.743738174438477,139.41000366210938,33.66151428222656,60.279052734375,104.25418090820312,15.020000457763672,166.69000244140625,102.02387237548828
2022-08-09,273.13458251953125,161.8990936279297,17.0386962890625,137.8300018310547,32.843284606933594,58.022884368896484,105.19324493408203,14.619999885559082,167.1999969482422,101.62733459472656
2022-08-10,279.77191162109375,166.1399688720703,18.046897888183594,142.69000244140625,33.652000427246094,60.22999954223633,107.9375,15.069999694824219,166.77999877929688,100.96350860595703
2022-08-11,277.7013854980469,165.40370178222656,17.892322540283203,140.63999938964844,33.86130905151367,61.13247299194336,109.53299713134766,14.989999771118164,166.33999633789062,98.61013793945312
2022-08-12,282.4325866699219,168.9475555419922,18.65719985961914,143.5500030517578,34.35606002807617,63.80064010620117,111.34729766845703,15.25,167.8699951171875,99.61011505126953
2022-08-15,283.94189453125,170.01759338378906,18.97930908203125,143.17999267578125,34.57488250732422,63.467124938964844,111.64815521240234,15.329999923706055,165.7100067138672,99.52391052246094
2022-08-16,283.2066345214844,169.86056518554688,18.826732635498047,144.77999877929688,34.43217086791992,62.64312744140625,112.71484375,15.5,165.4199981689453,99.93770599365234
2022-08-17,282.4600524902344,171.35272216796875,18.284238815307617,142.10000610351562,34.04207992553711,60.4458122253418,111.76667785644531,14.960000038146973,164.35000610351562,98.8946304321289
2022-08-18,281.3450622558594,170.95999145507812,18.721023559570312,142.3000030517578,34.44168472290039,61.7798957824707,110.90055847167969,14.84000015258789,163.9199981689453,99.04114532470703
2022-08-19,277.4472961425781,168.3782196044922,17.79958724975586,138.22999572753906,33.66151428222656,59.356956481933594,108.15630340576172,14.170000076293945,162.72000122070312,97.44636535644531
2022-08-22,269.3027648925781,164.50054931640625,16.986839294433594,133.22000122070312,32.19631576538086,57.19887924194336,106.36934661865234,13.710000038146973,161.63999938964844,97.11878967285156
2022-08-23,268.0326232910156,164.1667938232422,17.133434295654297,133.6199951171875,32.30097961425781,56.7574577331543,105.32088470458984,13.819999694824219,162.77000427246094,96.58430480957031
2022-08-24,267.4024353027344,164.4613037109375,17.174320220947266,133.8000030517578,32.21533966064453,57.19887924194336,105.57616424560547,13.989999771118164,163.25,95.87741088867188
2022-08-25,270.3692626953125,166.9154815673828,17.8634033203125,137.27999877929688,33.195316314697266,60.033817291259766,108.08338165283203,14.420000076293945,163.75,97.21361541748047
2022-08-26,259.9365234375,160.62290954589844,16.21498680114746,130.75,31.73963165283203,56.53184509277344,104.54593658447266,13.739999771118164,161.75999450683594,97.94634246826172
2022-08-29,257.16357421875,158.42391967773438,15.757253646850586,129.7899932861328,31.34002685546875,55.92366027832031,104.29066467285156,13.510000228881836,161.86000061035156,97.13603973388672
2022-08-30,254.9722442626953,155.9992218017578,15.425176620483398,128.72999572753906,30.693058013916016,55.2271842956543,104.30888366699219,13.329999923706055,160.50999450683594,97.37738800048828
2022-08-31,253.5178680419922,154.34011840820312,15.05221176147461,126.7699966430664,30.36957550048828,55.452796936035156,103.68891906738281,12.989999771118164,159.27000427246094,96.44636535644531
2022-09-01,252.4803924560547,155.06661987304688,13.898415565490723,127.81999969482422,30.21734619140625,56.21793746948242,104.40005493164062,12.930000305175781,157.8699951171875,94.68061828613281
2022-09-02,248.27239990234375,152.95596313476562,13.609216690063477,127.51000213623047,29.70357322692871,55.25661849975586,103.6706771850586,12.989999771118164,159.25999450683594,95.21621704101562
2022-09-06,245.54788208007812,151.69943237304688,13.42772102355957,126.11000061035156,28.885345458984375,54.177574157714844,103.69803619384766,13.220000267028809,158.3300018310547,92.85787200927734
2022-09-07,250.24066162109375,153.1032257080078,13.680093765258789,129.47999572753906,29.16126251220703,53.95195770263672,105.6673355102539,13.890000343322754,159.94000244140625,94.32644653320312
2022-09-08,250.65760803222656,151.63067626953125,13.955411911010742,129.82000732421875,29.25640296936035,54.33452224731445,108.12895965576172,13.960000038146973,158.97999572753906,93.35888671875
2022-09-09,256.41693115234375,154.48739624023438,14.351433753967285,133.27000427246094,29.931915283203125,56.345462799072266,108.64864349365234,14.1899995803833,159.82000732421875,93.56623077392578
2022-09-12,258.5403137207031,160.4364013671875,14.469141006469727,136.4499969482422,30.027057647705078,56.835933685302734,109.93415832519531,14.470000267028809,160.6300048828125,92.79740142822266
2022-09-13,244.32620239257812,151.02207946777344,13.098536491394043,126.81999969482422,27.86732292175293,52.5982551574707,106.11406707763672,13.680000305175781,158.5399932861328,93.01337432861328
2022-09-14,244.5491943359375,152.46514892578125,13.095544815063477,128.5500030517578,27.762662887573242,52.09797668457031,105.86792755126953,14.029999732971191,157.92999267578125,93.33299255371094
2022-09-15,237.91722106933594,149.5789794921875,12.8970365524292,126.27999877929688,27.439178466796875,51.685970306396484,107.46342468261719,14.270000457763672,154.97999572753906,93.27251434326172
2022-09-16,237.29669189453125,147.93955993652344,13.16537094116211,123.52999877929688,27.819746017456055,51.842926025390625,106.74314880371094,13.75,155.83999633789062,92.4950180053711
2022-09-19,237.08338928222656,151.65032958984375,13.348915100097656,124.66000366210938,28.010034561157227,51.107215881347656,107.7278060913086,14.210000038146973,155.9600067138672,92.71100616455078
2022-09-20,235.07632446289062,154.02593994140625,13.143424987792969,122.19000244140625,27.553348541259766,49.83198165893555,105.603515625,13.970000267028809,155.07000732421875,91.78665161132812
2022-09-21,231.6827850341797,150.9042510986328,13.228215217590332,118.54000091552734,27.087146759033203,49.14532470703125,102.55839538574219,13.229999542236328,155.7899932861328,93.3243408203125
2022-09-22,233.6510467529297,149.9422149658203,12.52994441986084,117.30999755859375,26.70657730102539,48.71371078491211,101.39141082763672,12.710000038146973,155.6999969482422,90.9400405883789
2022-09-23,230.68411254882812,147.6745147705078,12.48505687713623,113.77999877929688,26.183292388916016,49.14532470703125,99.5041732788086,12.210000038146973,153.00999450683594,91.31148529052734
2022-09-26,230.22840881347656,148.00828552246094,12.19776725769043,115.1500015258789,25.66000747680664,47.94858169555664,97.36164855957031,11.859999656677246,151.22999572753906,89.56645965576172
2022-09-27,229.22003173828125,148.98013305664062,12.382312774658203,114.41000366210938,25.583892822265625,49.61617660522461,96.50464630126953,12.270000457763672,151.5399932861328,87.2081069946289
2022-09-28,233.7383270263672,147.0953369140625,12.704514503479004,118.01000213623047,25.812232971191406,50.0281867980957,98.45570373535156,12.75,154.69000244140625,90.12802124023438
2022-09-29,230.27688598632812,139.87014770507812,12.189788818359375,114.80000305175781,25.098663330078125,49.05704116821289,96.78727722167969,12.25,154.66000366210938,89.66149139404297
2022-09-30,225.81675720214844,135.66854858398438,12.108990669250488,113.0,24.518295288085938,49.14532470703125,95.2738265991211,12.039999961853027,154.6699981689453,88.5039291381836
2022-10-03,233.4183349609375,139.84068298339844,12.481067657470703,115.87999725341797,25.66000747680664,50.73445510864258,98.21865844726562,11.920000076293945,158.42999267578125,89.91021728515625
2022-10-04,241.310791015625,143.42384338378906,13.134448051452637,121.08999633789062,26.354551315307617,52.9317741394043,102.81369018554688,12.949999809265137,160.6999969482422,89.65909576416016
2022-10-05,241.6210479736328,143.7183074951172,13.17634391784668,120.94999694824219,26.297462463378906,53.687103271484375,101.54425811767578,12.869999885559082,159.80999755859375,88.80181121826172
2022-10-06,239.2843475341797,142.76609802246094,13.097540855407715,120.30000305175781,25.85980796813965,53.579200744628906,99.47455596923828,12.729999542236328,159.6300048828125,88.3082504272461
2022-10-07,227.1160125732422,137.52392578125,12.046144485473633,114.55999755859375,24.470718383789062,52.01128387451172,97.4876480102539,12.180000305175781,157.8800048828125,87.4509506225586
2022-10-10,222.27781677246094,137.84788513183594,11.641148567199707,113.66999816894531,23.975982666015625,50.50728225708008,96.57697296142578,12.050000190734863,155.47999572753906,86.0914535522461
2022-10-11,218.55458068847656,136.4342498779297,11.557357788085938,112.20999908447266,23.823753356933594,52.797706604003906,93.78976440429688,12.260000228881836,155.16000366210938,86.47244262695312
2022-10-12,218.8842315673828,135.8059844970703,11.47157096862793,112.9000015258789,24.09966468811035,51.85400390625,95.30756378173828,12.699999809265137,155.99000549316406,86.89671325683594
2022-10-13,227.1160125732422,140.3708038330078,11.930432319641113,112.52999877929688,25.136722564697266,53.92816925048828,100.60598754882812,13.050000190734863,154.91000366210938,86.0654296875
2022-10-14,221.6087646484375,135.84523010253906,11.19924259185791,106.9000015258789,24.651491165161133,51.824520111083984,102.2801742553711,13.109999656677246,152.97999572753906,85.3553695678711
2022-10-17,230.3059539794922,139.80140686035156,11.85860824584961,113.79000091552734,25.136722564697266,52.591270446777344,106.5759506225586,13.199999809265137,153.4199981689453,84.93971252441406
2022-10-18,231.24644470214844,141.11685180664062,11.937416076660156,116.36000061035156,24.613435745239258,51.65740966796875,109.317138671875,13.699999809265137,153.75,85.13888549804688
2022-10-19,229.28793334960938,141.22483825683594,12.021206855773926,115.06999969482422,24.73712158203125,52.129249572753906,107.17386627197266,13.989999771118164,151.69000244140625,83.5888671875
2022-10-20,228.9678955078125,140.7634735107422,12.16385269165039,115.25,24.813236236572266,52.78787612915039,106.8243179321289,13.460000038146973,151.4499969482422,82.16007995605469
2022-10-21,234.75633239746094,144.57241821289062,12.435179710388184,119.31999969482422,25.66000747680664,55.097957611083984,112.43550872802734,13.710000038146973,154.14999389648438,80.6793212890625
2022-10-24,239.7303466796875,146.71249389648438,12.567852973937988,119.81999969482422,25.85980796813965,55.284732818603516,112.57347869873047,14.100000381469727,153.64999389648438,80.01254272460938
2022-10-25,243.0366668701172,149.5495147705078,13.228215217590332,120.5999984741211,26.078636169433594,54.92101287841797,112.86783599853516,14.289999961853027,154.0,82.34192657470703
2022-10-26,224.2848663330078,146.61431884765625,12.864118576049805,115.66000366210938,25.888349533081055,54.50814437866211,114.16485595703125,14.0,154.97999572753906,83.52825164794922
2022-10-27,219.85382080078125,142.1476287841797,13.143424987792969,110.95999908447266,24.994009017944336,51.323177337646484,114.61559295654297,13.970000267028809,154.74000549316406,84.4028549194336
2022-10-28,228.6964569091797,152.8872833251953,13.799798965454102,103.41000366210938,27.658002853393555,53.12209701538086,115.97700500488281,14.0,153.16000366210938,83.82266998291016
2022-10-31,225.07020568847656,150.5311737060547,13.463631629943848,102.44000244140625,27.049091339111328,53.18107223510742,115.79301452636719,14.180000305175781,151.91000366210938,83.22517395019531
2022-11-01,221.2306365966797,147.89048767089844,13.50951862335205,96.79000091552734,26.925403594970703,53.92816925048828,117.88109588623047,14.109999656677246,153.4600067138672,84.0029525756836
2022-11-02,213.40606689453125,142.3734130859375,13.186319351196289,92.12000274658203,26.088151931762695,52.54212188720703,116.79568481445312,13.579999923706055,152.38999938964844,83.63838958740234
2022-11-03,207.73394775390625,136.33609008789062,13.38782024383545,89.30000305175781,26.059606552124023,52.57160568237305,117.00725555419922,13.729999542236328,151.80999755859375,83.18698120117188
2022-11-04,214.65682983398438,136.07057189941406,14.121003150939941,90.9800033569336,27.192630767822266,55.20608901977539,120.2083740234375,14.109999656677246,156.47000122070312,81.78938293457031
2022-11-07,220.9397430419922,136.6015625,14.265644073486328,90.52999877929688,27.39512825012207,55.59929656982422,120.84310913085938,14.319999694824219,155.85000610351562,80.97339630126953
2022-11-08,221.9093475341797,137.17189025878906,14.565898895263672,89.9800033569336,27.462629318237305,56.51350402832031,120.91668701171875,14.25,159.4499969482422,81.85884857177734
2022-11-09,217.68194580078125,132.619140625,13.741944313049316,86.13999938964844,26.536924362182617,55.01932144165039,119.34371948242188,13.979999542236328,158.64999389648438,82.12792205810547
2022-11-10,235.5902099609375,144.41888427734375,15.711061477661133,96.62999725341797,28.69690704345703,59.24628448486328,124.2558364868164,14.930000305175781,163.47999572753906,85.28768157958984
2022-11-11,239.5946044921875,147.20166015625,16.286636352539062,100.79000091552734,29.342971801757812,61.458065032958984,124.45819091796875,14.880000114440918,164.55999755859375,84.97520446777344
2022-11-14,234.2036895751953,145.8053741455078,16.25471305847168,98.48999786376953,29.26582908630371,60.73062515258789,123.17955017089844,14.680000305175781,164.9199981689453,84.76688385009766
2022-11-15,234.6109161376953,147.53599548339844,16.624794006347656,98.94000244140625,29.61297035217285,62.02820587158203,122.28731536865234,14.609999656677246,165.5,86.13841247558594
2022-11-16,235.0387420654297,146.30682373046875,15.870667457580566,97.12000274658203,28.47512435913086,57.870052337646484,122.45286560058594,14.09000015258789,165.1199951171875,88.0221176147461
2022-11-17,234.9901123046875,148.2046661376953,15.638242721557617,94.8499984741211,28.8222599029541,57.742271423339844,121.91934204101562,13.949999809265137,163.9199981689453,87.09329986572266
2022-11-18,234.54286193847656,148.76512145996094,15.370904922485352,94.13999938964844,28.802978515625,57.58498764038086,123.11517333984375,14.050000190734863,162.7899932861328,86.49430847167969
2022-11-21,235.34991455078125,145.5398406982422,15.279132843017578,92.45999908447266,27.906200408935547,56.18910598754883,122.38848876953125,13.850000381469727,161.8800048828125,86.85889434814453
2022-11-22,238.2473907470703,147.6736602783203,15.9983491897583,93.19999694824219,28.754762649536133,57.624298095703125,124.2190170288086,13.979999542236328,162.07000732421875,88.09158325195312
2022-11-23,240.72682189941406,148.548828125,16.478158950805664,94.12999725341797,28.610122680664062,57.92903518676758,125.54364013671875,14.420000076293945,163.0800018310547,89.62804412841797
2022-11-25,240.6393280029297,145.63818359375,16.22977638244629,93.41000366210938,28.291912078857422,57.41786193847656,125.78279876708984,14.5,163.22000122070312,89.32422637939453
2022-11-28,235.06790161132812,141.8131103515625,15.787872314453125,93.94999694824219,27.70370101928711,54.80304718017578,123.58432006835938,13.829999923706055,161.92999267578125,89.5759506225586
2022-11-29,233.67752075195312,138.8140106201172,15.600336074829102,92.41999816894531,27.867626190185547,54.183753967285156,125.61721801757812,14.140000343322754,162.72999572753906,88.52560424804688
2022-11-30,248.07752990722656,145.55955505371094,16.88548469543457,96.54000091552734,28.995830535888672,56.670772552490234,127.10738372802734,14.430000305175781,164.80999755859375,89.1766586303711
2022-12-01,247.63999938964844,145.83485412597656,17.09701156616211,95.5,28.764404296875,54.547462463378906,125.3228759765625,13.979999542236328,167.83999633789062,92.02548217773438
2022-12-02,247.9608612060547,145.3431854248047,16.838584899902344,94.12999725341797,28.35940933227539,53.75122833251953,124.32941436767578,13.970000267028809,167.25999450683594,93.18277740478516
2022-12-05,243.27430725097656,144.18289184570312,16.573177337646484,91.01000213623047,28.127981185913086,53.12209701538086,120.84310913085938,14.109999656677246,164.38999938964844,91.87754821777344
2022-12-06,238.3349151611328,140.5249786376953,15.951556205749512,88.25,27.578346252441406,52.76822280883789,121.04546356201172,14.329999923706055,164.83999633789062,93.06095123291016
2022-12-07,237.6056365966797,138.58787536621094,16.084259033203125,88.45999908447266,27.317991256713867,52.90583419799805,120.96268463134766,13.550000190734863,166.3300018310547,95.25370025634766
2022-12-08,240.55177307128906,140.26930236816406,17.130939483642578,90.3499984741211,27.42405891418457,54.262393951416016,122.23211669921875,13.600000381469727,166.47000122070312,94.99260711669922
2022-12-09,238.62657165527344,139.78750610351562,16.96331024169922,89.08999633789062,27.231203079223633,53.9379997253418,121.5698013305664,13.529999732971191,167.05999755859375,92.52144622802734
2022-12-12,245.52035522460938,142.07864379882812,17.496126174926758,90.55000305175781,27.665130615234375,54.40984344482422,123.45551300048828,14.199999809265137,165.67999267578125,92.81729888916016
2022-12-13,249.8083038330078,143.04226684570312,18.03192901611328,92.48999786376953,27.70370101928711,54.30171585083008,123.33594512939453,13.460000038146973,168.50999450683594,93.71355438232422
2022-12-14,250.09996032714844,140.8199920654297,17.63481903076172,91.58000183105469,27.250490188598633,53.662757873535156,122.71964263916016,13.350000381469727,168.10000610351562,94.11381530761719
2022-12-15,242.11721801757812,134.22193908691406,16.914419174194336,88.44999694824219,26.180139541625977,51.156063079833984,119.67486572265625,12.930000305175781,165.35000610351562,94.48102569580078
2022-12-16,237.9168243408203,132.26515197753906,16.534259796142578,87.86000061035156,25.958356857299805,51.18555450439453,118.92976379394531,12.8100004196167,166.7899932861328,93.42560577392578
2022-12-19,233.79415893554688,130.160888671875,16.21796226501465,84.91999816894531,25.833003997802734,50.84150695800781,119.6380844116211,12.479999542236328,166.32000732421875,91.85557556152344
2022-12-20,235.10682678222656,130.09205627441406,16.049335479736328,85.19000244140625,25.495502471923828,49.819175720214844,120.21760559082031,12.529999732971191,169.0800018310547,90.2244873046875
2022-12-21,237.66400146484375,133.18946838378906,16.46441650390625,86.7699966430664,25.871570587158203,50.32050323486328,121.5698013305664,13.029999732971191,168.8000030517578,90.4512710571289
2022-12-22,231.59674072265625,130.0232391357422,15.304993629455566,83.79000091552734,25.042293548583984,48.59040451049805,120.19001007080078,12.5600004196167,166.75999450683594,90.43383026123047
2022-12-23,232.12179565429688,129.65939331054688,15.172287940979004,85.25,25.158008575439453,49.347320556640625,120.76031494140625,12.710000038146973,167.25999450683594,89.10801696777344
2022-12-27,230.40078735351562,127.85997009277344,14.089692115783691,83.04000091552734,25.01336669921875,49.17037582397461,121.18343353271484,12.529999732971191,168.6699981689453,87.34608459472656
2022-12-28,228.03807067871094,123.93653106689453,14.004881858825684,81.81999969482422,24.627656936645508,48.2856559753418,121.84576416015625,12.319999694824219,167.91000366210938,86.83148193359375
2022-12-29,234.33865356445312,127.44695281982422,14.570626258850098,84.18000030517578,25.273717880249023,49.78968048095703,122.54486083984375,12.699999809265137,168.85000610351562,87.81710815429688
2022-12-30,233.181640625,127.7615966796875,14.5816011428833,84.0,25.485862731933594,49.242862701416016,123.35433197021484,12.720000267028809,169.63999938964844,86.8402099609375
2023-01-03,232.94825744628906,122.98270416259766,14.28326416015625,85.81999969482422,25.775146484375,49.62710189819336,124.2926025390625,12.739999771118164,171.05999755859375,88.49745178222656
2023-01-04,222.75836181640625,124.25119018554688,14.716301918029785,85.13999938964844,26.691207885742188,53.4006233215332,125.45166778564453,13.59000015258789,172.6699981689453,89.7098388671875
2023-01-05,216.1562957763672,122.93354034423828,14.233373641967773,83.12000274658203,26.57549476623535,53.90309524536133,125.42383575439453,13.989999771118164,170.52000427246094,90.08494567871094
2023-01-06,218.70379638671875,127.45675659179688,14.826057434082031,86.08000183105469,27.70370101928711,55.93272399902344,127.82390594482422,14.180000305175781,173.7100067138672,91.74217987060547
2023-01-09,220.83316040039062,127.97791290283203,15.593352317810059,87.36000061035156,28.262981414794922,55.52876663208008,127.29570007324219,14.609999656677246,174.10000610351562,92.23063659667969
2023-01-10,222.51527404785156,128.54823303222656,15.873730659484863,89.87000274658203,28.388338088989258,56.36623001098633,128.4355010986328,15.1899995803833,174.74000549316406,90.7042236328125
2023-01-11,229.24371337890625,131.26220703125,15.965524673461914,95.08999633789062,28.78369140625,57.20368576049805,129.38995361328125,15.34000015258789,174.6199951171875,92.17830657958984
2023-01-12,231.9078826904297,131.18353271484375,16.474395751953125,95.2699966430664,29.207975387573242,56.42534255981445,129.26025390625,16.829999923706055,176.63999938964844,93.99254608154297
2023-01-13,232.6079559326172,132.51100158691406,16.861534118652344,98.12000274658203,29.034404754638672,56.09036636352539,132.52207946777344,17.020000457763672,178.75999450683594,93.11162567138672
2023-01-17,233.6969451904297,133.6713409423828,17.662752151489258,96.05000305175781,28.54262351989746,56.01154327392578,130.47413635253906,17.079999923706055,177.58999633789062,92.50975036621094
2023-01-18,229.28262329101562,132.9534912109375,17.338470458984375,95.45999908447266,27.78084373474121,55.67654800415039,126.55439758300781,16.639999389648438,177.0800018310547,94.75138854980469
2023-01-19,225.50999450683594,133.0124969482422,16.72783088684082,93.68000030517578,27.404773712158203,55.52876663208008,124.86783599853516,16.280000686645508,179.88999938964844,94.15827941894531
2023-01-20,233.570556640625,135.56907653808594,17.79945182800293,97.25,28.17619514465332,57.59779739379883,125.17366027832031,16.34000015258789,179.2899932861328,92.6318588256836
2023-01-23,235.865234375,138.75503540039062,19.150449752807617,97.5199966430664,29.18868637084961,60.90824508666992,127.20304107666016,16.170000076293945,179.6300048828125,92.19575500488281
2023-01-24,235.34014892578125,140.15133666992188,19.222286224365234,96.31999969482422,28.851192474365234,60.356502532958984,128.29647827148438,16.020000457763672,180.27999877929688,93.52156066894531
2023-01-25,233.9497528076172,139.49252319335938,19.28016471862793,97.18000030517578,28.63905143737793,60.63237380981445,128.91737365722656,16.260000228881836,181.11000061035156,93.74836730957031
2023-01-26,241.1351776123047,141.55746459960938,19.758098602294922,99.22000122070312,29.015119552612305,61.87378692626953,129.71429443359375,16.610000610351562,179.47000122070312,93.31221771240234
2023-01-27,241.29075622558594,143.49456787109375,20.31985092163086,102.23999786376953,27.154062271118164,62.928009033203125,130.02935791015625,16.43000030517578,179.22000122070312,93.07670593261719
2023-01-30,235.99160766601562,140.61346435546875,19.11951446533203,100.55000305175781,26.95156478881836,60.799861907958984,128.9266357421875,15.960000038146973,178.75999450683594,92.7365493774414
2023-01-31,240.95045471191406,141.88192749023438,19.493684768676758,103.12999725341797,27.250490188598633,59.41065979003906,129.69577026367188,16.139999389648438,179.41000366210938,93.47792053222656
2023-02-01,245.75369262695312,143.0029296875,20.89657211303711,105.1500015258789,28.031553268432617,61.67673873901367,129.35289001464844,16.690000534057617,181.6699981689453,94.6016616821289
2023-02-02,257.2757263183594,148.30299377441406,21.660865783691406,112.91000366210938,29.111549377441406,62.23833084106445,128.7505645751953,17.059999465942383,177.89999389648438,94.7240982055664
2023-02-03,251.19869995117188,151.9215545654297,21.053218841552734,103.38999938964844,29.236900329589844,61.48954391479492,130.74288940429688,17.020000457763672,173.4600067138672,93.30743408203125
2023-02-06,249.66241455078125,149.19773864746094,21.04224395751953,102.18000030517578,28.002227783203125,59.095375061035156,131.5120086669922,16.920000076293945,173.82000732421875,92.61656188964844
2023-02-07,260.15380859375,152.06903076171875,22.123842239379883,102.11000061035156,28.353595733642578,61.213661193847656,133.11514282226562,16.959999084472656,173.97999572753906,91.87326049804688
2023-02-08,259.3467712402344,149.3845977783203,22.1557674407959,100.05000305175781,27.563013076782227,59.36140060424805,132.17919921875,16.969999313354492,174.41000366210938,92.31050109863281
2023-02-09,256.3228454589844,148.35211181640625,22.2874755859375,98.23999786376953,27.065242767333984,59.292423248291016,130.12200927734375,16.65999984741211,173.02999877929688,91.4360122680664
2023-02-10,255.8172149658203,148.71649169921875,21.217851638793945,97.61000061035156,27.133562088012695,58.93773651123047,130.69654846191406,16.280000686645508,173.36000061035156,90.41289520263672
2023-02-13,263.80963134765625,151.5133819580078,21.739694595336914,99.54000091552734,27.86557960510254,59.233314514160156,132.11434936523438,16.510000228881836,172.47999572753906,91.17367553710938
2023-02-14,264.6361083984375,150.87326049804688,22.920072555541992,99.69999694824219,27.95342445373535,61.1545524597168,132.6981658935547,16.790000915527344,172.61000061035156,90.96380615234375
2023-02-15,262.5209045410156,152.97091674804688,22.713533401489258,101.16000366210938,28.15839385986328,60.927947998046875,133.25411987304688,16.799999237060547,170.88999938964844,90.11555480957031
2023-02-16,255.5319061279297,151.37551879882812,21.95322036743164,98.1500015258789,27.523971557617188,59.16434097290039,131.41934204101562,16.389999389648438,170.75,88.83878326416016
2023-02-17,251.54518127441406,150.23312377929688,21.340585708618164,97.19999694824219,26.948116302490234,58.13968276977539,131.8085479736328,16.360000610351562,171.25999450683594,89.52963256835938
2023-02-21,246.29129028320312,146.22496032714844,20.609207153320312,94.58000183105469,25.435274124145508,56.75048065185547,129.38995361328125,15.6899995803833,170.6199951171875,87.7894287109375
2023-02-22,245.16053771972656,146.64840698242188,20.707984924316406,95.79000091552734,24.859418869018555,56.13962173461914,128.39840698242188,15.5600004196167,169.66000366210938,88.59397888183594
2023-02-23,248.33827209472656,147.13095092773438,23.61153221130371,95.81999969482422,24.996063232421875,57.883522033691406,129.42698669433594,15.869999885559082,169.57000732421875,89.45970916748047
2023-02-24,242.92835998535156,144.4818115234375,23.234373092651367,93.5,24.53732681274414,57.32191848754883,130.5946044921875,15.5600004196167,168.35000610351562,88.2966079711914
2023-02-27,243.84463500976562,145.6734619140625,23.448894500732422,93.76000213623047,24.303083419799805,57.04605484008789,131.73440551757812,15.630000114440918,169.00999450683594,88.54146575927734
2023-02-28,243.12330627441406,145.1711883544922,23.164531707763672,94.2300033569336,24.33236312866211,56.96723175048828,132.83712768554688,15.979999542236328,169.77999877929688,88.94374084472656
2023-03-01,240.05282592773438,143.1030731201172,22.64767837524414,92.16999816894531,24.722774505615234,56.494319915771484,132.0958251953125,16.030000686645508,170.75999450683594,87.98822021484375
2023-03-02,244.77064514160156,143.69398498535156,23.262310028076172,92.12999725341797,25.571918487548828,55.59773635864258,130.724365234375,16.1200008392334,170.66000366210938,87.2080078125
2023-03-03,248.8451385498047,148.73622131347656,23.837034225463867,94.9000015258789,25.767122268676758,55.94256591796875,133.12442016601562,16.360000610351562,172.49000549316406,89.3206787109375
2023-03-06,250.38522338867188,151.4937286376953,23.501779556274414,93.75,25.366954803466797,55.99184036254883,132.3460235595703,16.1200008392334,171.6199951171875,88.62816619873047
2023-03-07,247.73388671875,149.29757690429688,23.240314483642578,93.55000305175781,24.917980194091797,54.740570068359375,128.4540557861328,16.360000610351562,168.6199951171875,89.17169189453125
2023-03-08,247.29525756835938,150.5482940673828,24.131486892700195,93.91999816894531,25.35719108581543,56.05094909667969,127.69416809082031,16.59000015258789,168.5399932861328,89.25933074951172
2023-03-09,245.9501190185547,148.3029022216797,23.38801383972168,92.25,25.806163787841797,54.779972076416016,120.78125762939453,15.880000114440918,170.1999969482422,89.47848510742188
2023-03-10,242.3142547607422,146.2446746826172,22.917978286743164,90.7300033569336,26.56746482849121,54.1198616027832,123.84850311279297,15.460000038146973,173.8699951171875,92.56423950195312
2023-03-13,247.50970458984375,148.1847381591797,22.918975830078125,92.43000030517578,26.30394172668457,53.10505294799805,121.62451934814453,14.850000381469727,177.86000061035156,92.774658203125
2023-03-14,254.20632934570312,150.2725372314453,24.013731002807617,94.87999725341797,27.33852767944336,53.4695930480957,124.74739074707031,14.65999984741211,176.8300018310547,91.24929809570312
2023-03-15,258.7388610839844,150.66644287109375,24.17839241027832,96.19999694824219,27.72893714904785,53.3316535949707,118.85379791259766,13.859999656677246,178.2100067138672,93.01134490966797
2023-03-16,269.22723388671875,153.48301696777344,25.488706588745117,100.04000091552734,29.456506729125977,55.73567199707031,121.16120147705078,14.119999885559082,178.57000732421875,92.28374481201172
2023-03-17,272.37567138671875,152.6459197998047,25.67232322692871,98.94999694824219,29.095375061035156,55.824344635009766,116.58348083496094,13.979999542236328,183.77000427246094,93.66880798339844
2023-03-20,265.3574523925781,155.0094757080078,25.846967697143555,97.70999908447266,28.46095848083496,56.78988265991211,117.81593322753906,13.960000038146973,183.83999633789062,92.84478759765625
2023-03-21,266.8683166503906,156.8609161376953,26.145355224609375,100.61000061035156,27.777740478515625,57.76528549194336,120.97586822509766,14.369999885559082,180.3699951171875,92.04705047607422
2023-03-22,265.4159851074219,155.43292236328125,26.413803100585938,98.69999694824219,27.45564842224121,57.312068939208984,117.85299682617188,13.819999694824219,183.44000244140625,93.27436828613281
2023-03-23,270.650390625,156.5162353515625,27.13532257080078,98.70999908447266,28.334075927734375,60.43531799316406,117.5379409790039,13.630000114440918,185.74000549316406,93.27436828613281
2023-03-24,273.4869079589844,157.81617736816406,26.724166870117188,98.12999725341797,28.656166076660156,60.25798416137695,115.7494888305664,13.720000267028809,183.64999389648438,93.66880798339844
2023-03-27,269.4026794433594,155.87608337402344,26.476680755615234,98.04000091552734,28.480480194091797,58.90817642211914,119.06694793701172,13.9399995803833,181.9499969482422,91.46847534179688
2023-03-28,268.2817687988281,155.25567626953125,26.35592269897461,97.23999786376953,28.587846755981445,58.40570068359375,119.4283447265625,13.979999542236328,183.44000244140625,91.635009765625
2023-03-29,273.4284362792969,158.3282928466797,26.92874526977539,100.25,30.764385223388672,62.602874755859375,119.66926574707031,14.350000381469727,182.52999877929688,91.450927734375
2023-03-30,276.87908935546875,159.8941192626953,27.32693099975586,102.0,31.32071876525879,62.15951156616211,119.30785369873047,14.470000267028809,184.17999267578125,91.87171936035156
2023-03-31,281.0217590332031,162.39556884765625,27.720123291015625,103.29000091552734,31.886816024780273,59.450069427490234,120.75344848632812,14.75,183.22000122070312,93.24803161621094
2023-04-03,279.9787902832031,163.6462860107422,27.907739639282227,102.41000366210938,32.10154342651367,58.7308349609375,120.61446380615234,14.420000076293945,184.5399932861328,93.68657684326172
2023-04-04,279.92999267578125,163.11448669433594,27.39678955078125,103.94999694824219,32.3065071105957,56.42534255981445,119.00206756591797,14.15999984741211,187.97999572753906,94.1523666381836
2023-04-05,277.1617431640625,161.27288818359375,26.82596206665039,101.0999984741211,32.0429801940918,56.17903518676758,119.17950439453125,13.890000343322754,187.8300018310547,95.13671875
2023-04-06,284.23846435546875,162.1592559814453,26.98164176940918,102.05999755859375,32.023468017578125,57.81291961669922,119.04874420166016,14.010000228881836,186.49000549316406,95.38277435302734
2023-04-10,282.0842590332031,159.56918334960938,27.522531509399414,102.16999816894531,31.740413665771484,62.46282958984375,119.44102478027344,14.149999618530273,185.11000061035156,93.84479522705078
2023-04-11,275.6899108886719,158.35784912109375,27.113367080688477,99.91999816894531,31.574485778808594,62.75900650024414,120.02938842773438,14.319999694824219,186.27999877929688,94.03813171386719
2023-04-12,276.3332214355469,157.66848754882812,26.440752029418945,97.83000183105469,31.252397537231445,61.16954040527344,120.0107192993164,13.0,187.19000244140625,93.94144439697266
2023-04-13,282.5228576660156,163.04554748535156,26.408811569213867,102.4000015258789,31.359764099121094,62.1962776184082,120.46833801269531,12.949999809265137,189.72000122070312,93.2032241821289
2023-04-14,278.9163513183594,162.7008819580078,26.703208923339844,102.51000213623047,31.125513076782227,61.83100128173828,129.5648956298828,12.789999961853027,186.36000061035156,92.35072326660156
2023-04-17,281.5091247558594,162.72052001953125,26.94671058654785,102.73999786376953,31.369522094726562,61.74214553833008,130.5922088623047,13.100000381469727,185.52999877929688,91.25216674804688
2023-04-18,281.0899963378906,163.94174194335938,27.610347747802734,102.30000305175781,31.06695556640625,61.13992691040039,132.05848693847656,13.289999961853027,186.25,91.57732391357422
2023-04-19,281.16802978515625,165.0841064453125,27.873809814453125,104.30000305175781,30.40325355529785,59.87625503540039,131.89036560058594,13.630000114440918,185.36000061035156,91.48942565917969
2023-04-20,278.8870544433594,164.11900329589844,27.048505783081055,103.80999755859375,30.120206832885742,60.675926208496094,131.50743103027344,13.319999694824219,186.08999633789062,92.2716293334961
2023-04-21,278.5458679199219,162.5137481689453,27.0634708404541,106.95999908447266,29.573631286621094,60.350128173828125,131.25531005859375,13.399999618530273,184.25,91.75311279296875
2023-04-24,274.65655517578125,162.8190155029297,26.986631393432617,106.20999908447266,28.948970794677734,58.750797271728516,131.4327392578125,13.319999694824219,184.80999755859375,92.64071655273438
2023-04-25,268.46697998046875,161.28273010253906,26.187265396118164,102.56999969482422,28.18766975402832,57.398277282714844,128.57492065429688,12.84000015258789,185.75,94.00297546386719
2023-04-26,287.91326904296875,161.27288818359375,26.900802612304688,104.9800033569336,28.353595733642578,60.241539001464844,126.29610443115234,12.739999771118164,184.74000549316406,93.00108337402344
2023-04-27,297.1344909667969,165.85227966308594,27.17025375366211,109.81999969482422,29.14417839050293,61.11030960083008,127.99586486816406,12.880000114440918,184.75,92.07828521728516
2023-04-28,299.5031433105469,167.10293579101562,27.692180633544922,105.44999694824219,30.315410614013672,63.53892517089844,129.1072235107422,13.640000343322754,184.8000030517578,93.56353759765625
2023-05-01,297.84600830078125,167.01434326171875,28.850805282592773,102.05000305175781,29.573631286621094,61.554569244384766,131.8717041015625,13.890000343322754,183.97000122070312,90.86568450927734
2023-05-02,297.6998596191406,165.98028564453125,28.152236938476562,103.62999725341797,29.056339263916016,61.11030960083008,129.74234008789062,13.770000457763672,187.52000427246094,93.13004302978516
2023-05-03,296.71533203125,164.90682983398438,27.745071411132812,103.6500015258789,29.915241241455078,60.1329460144043,126.9965591430664,13.789999961853027,189.11000061035156,93.64990997314453
2023-05-04,297.6998596191406,163.27206420898438,27.50556182861328,104.0,30.615957260131836,59.73804473876953,125.2594223022461,13.510000228881836,190.44000244140625,92.72477722167969
2023-05-05,302.80755615234375,170.9338836669922,28.621274948120117,105.66000366210938,30.370952606201172,60.44886016845703,127.70635986328125,13.869999885559082,187.4600067138672,92.41638946533203
2023-05-08,300.8580322265625,170.86495971679688,29.091306686401367,105.83000183105469,30.155345916748047,60.093448638916016,128.01455688476562,14.359999656677246,187.69000244140625,91.1212158203125
2023-05-09,299.24969482421875,169.16122436523438,28.512500762939453,106.62000274658203,29.498733520507812,60.152679443359375,127.39812469482422,14.470000267028809,189.02000427246094,90.79521179199219
2023-05-10,304.4256591796875,170.924072265625,28.825857162475586,110.19000244140625,29.37132453918457,59.22467803955078,127.4635238647461,14.34000015258789,188.75,91.67628479003906
2023-05-11,302.28118896484375,171.1111297607422,28.51948356628418,112.18000030517578,28.28350067138672,60.82400894165039,127.06190490722656,14.069999694824219,187.1300048828125,92.64546966552734
2023-05-12,301.1699523925781,170.18414306640625,28.281972885131836,110.26000213623047,28.3717041015625,60.14280700683594,125.24077606201172,14.020000457763672,186.80999755859375,91.8701171875
2023-05-15,301.6475524902344,169.6910858154297,28.89371681213379,111.19999694824219,29.204721450805664,63.81535720825195,126.29610443115234,14.279999732971191,187.2100067138672,90.91854858398438
2023-05-16,303.8700256347656,169.6910858154297,29.15318489074707,113.4000015258789,28.636308670043945,62.91696548461914,125.44622802734375,14.199999809265137,184.8699951171875,90.64542388916016
2023-05-17,306.74212646484375,170.30250549316406,30.1162052154541,115.5,28.29330062866211,64.0917739868164,129.3033447265625,14.90999984741211,184.22999572753906,90.38111877441406
2023-05-18,311.1575927734375,172.6298370361328,31.61313819885254,118.1500015258789,29.087121963500977,66.70796966552734,130.2840118408203,15.050000190734863,181.83999633789062,89.71147918701172
2023-05-19,310.9817810058594,172.7383575439453,31.199979782104492,116.25,29.33212661743164,67.3003158569336,129.98513793945312,14.819999694824219,183.63999938964844,89.07710266113281
2023-05-22,313.756103515625,171.79159545898438,31.112165451049805,115.01000213623047,29.675134658813477,65.38507843017578,128.91111755371094,14.380000114440918,183.2100067138672,88.75990295410156
2023-05-23,307.9729309082031,169.1881103515625,30.625165939331055,114.98999786376953,28.920515060424805,65.16787719726562,127.56623840332031,14.069999694824219,183.42999267578125,89.01542663574219
2023-05-24,306.59552001953125,169.46421813964844,30.4754695892334,116.75,28.420705795288086,65.68124389648438,126.3988265991211,13.800000190734863,181.9499969482422,88.57488250732422
2023-05-25,318.3865966796875,170.59835815429688,37.90223693847656,115.0,26.852664947509766,68.72196197509766,126.70703125,14.380000114440918,180.1999969482422,88.35462188720703
2023-05-26,325.1954040527344,173.00460815429688,38.86625289916992,120.11000061035156,28.420705795288086,72.98684692382812,127.89313507080078,14.350000381469727,180.9199981689453,89.06826782226562
2023-05-30,323.5542907714844,174.84877014160156,40.028873443603516,121.66000366210938,29.390928268432617,70.7754135131836,128.3787841796875,14.619999885559082,182.0399932861328,89.95816802978516
2023-05-31,320.7994384765625,174.7994384765625,37.756534576416016,120.58000183105469,30.811965942382812,67.32994079589844,126.74440002441406,14.779999732971191,182.32000732421875,90.74231719970703
2023-06-01,324.8925476074219,177.60018920898438,39.688568115234375,122.7699966430664,30.508155822753906,68.20858001708984,128.49085998535156,14.699999809265137,183.75999450683594,91.0983657836914
2023-06-02,327.6474304199219,178.44827270507812,39.24647521972656,124.25,30.684558868408203,68.28755187988281,131.18991088867188,14.869999885559082,181.0500030517578,90.1000747680664
2023-06-05,328.1749572753906,177.0972137451172,39.090789794921875,125.30000305175781,29.263525009155273,66.90542602539062,129.90109252929688,14.8100004196167,182.13999938964844,89.9322509765625
2023-06-06,325.96722412109375,176.73236083984375,38.57485580444336,126.61000061035156,30.341550827026367,66.67837524414062,130.13455200195312,14.930000305175781,182.33999633789062,90.46229553222656
2023-06-07,315.9052429199219,175.361572265625,37.40214157104492,121.2300033569336,30.65515899658203,66.2044906616211,131.39540100097656,15.15999984741211,180.14999389648438,89.1194839477539
2023-06-08,317.7418518066406,178.0735321044922,38.43511962890625,124.25,31.18437385559082,64.48667907714844,131.4327392578125,15.300000190734863,182.52999877929688,90.16193389892578
2023-06-09,319.2364196777344,178.45816040039062,38.69462203979492,123.43000030517578,30.71396255493164,64.59528350830078,131.69422912597656,15.569999694824219,182.0399932861328,90.03826141357422
2023-06-12,324.1794738769531,181.24900817871094,39.40522766113281,126.56999969482422,32.409400939941406,66.58950805664062,131.68492126464844,16.020000457763672,181.8800048828125,90.30326843261719
2023-06-13,326.5631103515625,180.77566528320312,40.94223403930664,126.66000366210938,33.23262023925781,67.004150390625,132.6374969482422,16.309999465942383,180.5399932861328,89.4110107421875
2023-06-14,329.5425720214844,181.40682983398438,42.91339874267578,126.41999816894531,34.869266510009766,68.23819732666016,132.14254760742188,16.59000015258789,180.63999938964844,90.12659454345703
2023-06-15,340.0539245605469,183.43836975097656,42.570064544677734,127.11000061035156,35.10447311401367,67.94203186035156,133.6368408203125,16.649999618530273,181.91000366210938,90.99235534667969
2023-06-16,334.41729736328125,182.3634033203125,42.60899353027344,125.48999786376953,35.64348220825195,66.79683685302734,133.79559326171875,16.479999542236328,181.6300048828125,90.63896942138672
2023-06-20,330.2361755371094,182.45216369628906,43.72282791137695,125.77999877929688,34.30085372924805,66.0465316772461,133.11383056640625,16.31999969482422,179.75,91.2662124633789
2023-06-21,325.8499450683594,181.41668701171875,42.96131134033203,124.83000183105469,32.2427978515625,64.96055603027344,132.91769409179688,16.299999237060547,179.49000549316406,91.48706817626953
2023-06-22,331.85784912109375,184.41465759277344,42.94135284423828,130.14999389648438,32.05659103393555,65.4048080444336,130.3587188720703,16.360000610351562,177.7100067138672,90.38277435302734
2023-06-23,327.27618408203125,184.09906005859375,42.12693786621094,129.3300018310547,32.34080123901367,64.44718933105469,129.67697143554688,16.260000228881836,178.1999969482422,91.28385162353516
2023-06-26,321.00457763671875,182.70858764648438,40.55299758911133,127.33000183105469,32.674007415771484,64.61502075195312,129.9944610595703,16.440000534057617,178.50999450683594,91.38105010986328
2023-06-27,326.8366394042969,185.45999145507812,41.794586181640625,129.17999267578125,33.41883087158203,65.93791961669922,130.0038299560547,17.350000381469727,177.69000244140625,91.14251708984375
2023-06-28,328.0870056152344,186.633544921875,41.03705596923828,129.0399932861328,32.89942169189453,66.21435546875,129.4341278076172,17.549999237060547,177.27999877929688,91.53125
2023-06-29,327.30548095703125,186.9688262939453,40.74263381958008,127.9000015258789,32.25259780883789,63.50932312011719,133.95437622070312,17.600000381469727,177.08999633789062,89.87921905517578
2023-06-30,332.6685791015625,191.28829956054688,42.21975326538086,130.36000061035156,32.772010803222656,62.304874420166016,135.8315887451172,17.940000534057617,178.27000427246094,90.93936920166016
2023-07-03,330.1775207519531,189.79917907714844,42.33053207397461,130.22000122070312,32.94841766357422,63.08479309082031,136.92428588867188,18.100000381469727,178.47000122070312,90.42378997802734
2023-07-05,330.3338623046875,188.68475341796875,42.23472595214844,130.3800048828125,31.860591888427734,61.26826858520508,136.01214599609375,18.31999969482422,177.83999633789062,89.56454467773438
2023-07-06,333.3817138671875,189.15814208984375,42.021141052246094,128.36000061035156,31.331377029418945,60.44886016845703,134.6674346923828,17.8799991607666,177.30999755859375,88.2978515625
2023-07-07,329.4253234863281,188.0437774658203,42.42036056518555,129.77999877929688,31.213773727416992,59.988922119140625,135.73007202148438,18.350000381469727,178.63999938964844,87.76634216308594
2023-07-10,324.159912109375,186.0023956298828,42.09798812866211,127.12999725341797,32.08599853515625,61.79897689819336,136.49171447753906,18.56999969482422,178.77999877929688,87.88151550292969
2023-07-11,324.78515625,185.47972106933594,42.32254409790039,128.77999877929688,32.63480758666992,62.90677261352539,138.62632751464844,18.799999237060547,179.4499969482422,88.3332748413086
2023-07-12,329.40576171875,187.1463623046875,43.81663513183594,130.8000030517578,33.30122756958008,63.09469985961914,139.3127899169922,18.56999969482422,181.8800048828125,89.3165283203125
2023-07-13,334.7395935058594,187.90567016601562,45.88760757446289,134.3000030517578,33.19342041015625,63.82662582397461,139.9898223876953,18.450000762939453,182.00999450683594,90.25550842285156
2023-07-14,337.2599182128906,188.05364990234375,45.38059997558594,134.67999267578125,32.48780822753906,63.38153839111328,140.83612060546875,18.139999389648438,181.42999267578125,89.72400665283203
2023-07-17,337.7386474609375,191.30801391601562,46.37066650390625,133.55999755859375,33.68342971801758,64.44976043701172,144.23081970214844,18.18000030517578,181.55999755859375,89.76829528808594
2023-07-18,351.1806335449219,191.05162048339844,47.40165710449219,132.8300018310547,33.81083297729492,64.23216247558594,144.49412536621094,18.68000030517578,183.63999938964844,90.17577362060547
2023-07-19,346.87255859375,192.40261840820312,46.98546600341797,135.36000061035156,33.771636962890625,64.25193786621094,145.04891967773438,18.600000381469727,183.6699981689453,91.1944580078125
2023-07-20,338.8522644042969,190.4599151611328,45.431495666503906,129.9600067138672,32.703407287597656,63.984893798828125,146.8355712890625,17.440000534057617,182.74000549316406,90.08721160888672
2023-07-21,335.8239440917969,189.28634643554688,44.22284698486328,130.0,33.34042739868164,64.9344253540039,145.70716857910156,17.420000076293945,182.17999267578125,90.11376953125
2023-07-24,337.1329650878906,190.0851593017578,44.52525329589844,128.8000030517578,32.95821762084961,64.76628112792969,148.57522583007812,16.8799991607666,181.39999389648438,89.78601837158203
2023-07-25,342.8673400878906,190.94313049316406,45.590187072753906,129.1300048828125,33.41883087158203,64.964111328125,147.46563720703125,16.649999618530273,182.41000366210938,89.61772155761719
2023-07-26,329.9626159667969,191.8109588623047,45.36362838745117,128.14999389648438,33.67363357543945,66.64556884765625,148.34951782226562,16.760000228881836,183.3000030517578,89.7062759399414
2023-07-27,323.0755920410156,190.54864501953125,45.810760498046875,128.25,33.859840393066406,70.29534149169922,146.7133331298828,16.56999969482422,180.4199981689453,87.96125030517578
2023-07-28,330.54876708984375,193.1226043701172,46.65910339355469,132.2100067138672,36.094295501708984,70.42391967773438,147.5502166748047,16.790000915527344,181.86000061035156,88.4129867553711
2023-07-31,328.15545654296875,193.7340087890625,46.638145446777344,133.67999267578125,35.05546951293945,70.61184692382812,148.53761291503906,16.75,182.35000610351562,88.6256103515625
2023-08-01,328.5657043457031,192.90560913085938,46.41657638549805,131.69000244140625,35.08486557006836,69.98873138427734,147.80410766601562,16.229999542236328,180.4600067138672,87.17328643798828
2023-08-02,319.9300231933594,189.91749572753906,44.18292236328125,128.2100067138672,33.703033447265625,67.42695617675781,146.1302947998047,15.949999809265137,179.60000610351562,86.24063873291016
2023-08-03,319.1094665527344,188.52700805664062,44.42845153808594,128.91000366210938,34.17344665527344,68.42594909667969,147.0236358642578,15.979999542236328,179.5399932861328,84.25093841552734
2023-08-04,320.2035827636719,179.4739227294922,44.5931282043457,139.57000732421875,34.56195068359375,69.14798736572266,146.7133331298828,15.84000015258789,180.19000244140625,85.74321746826172
2023-08-07,322.47967529296875,176.3773193359375,45.328697204589844,142.22000122070312,34.65046691894531,68.6237564086914,147.4091796875,15.989999771118164,179.77999877929688,84.89938354492188
2023-08-08,318.51348876953125,177.314208984375,44.5771598815918,139.94000244140625,34.44392395019531,66.91262817382812,146.5816650390625,16.18000030517578,178.63999938964844,85.88533020019531
2023-08-09,314.78179931640625,175.7264862060547,42.47126388549805,137.85000610351562,33.716094970703125,65.97297668457031,144.6163330078125,15.760000228881836,177.7899932861328,86.32945251464844
2023-08-10,315.4656066894531,175.50950622558594,42.30558395385742,138.55999755859375,34.10951614379883,64.72671508789062,144.40005493164062,15.760000228881836,177.60000610351562,84.90824890136719
2023-08-11,313.59002685546875,175.56871032714844,40.77556228637695,138.41000366210938,34.316062927246094,63.66837692260742,145.2369842529297,15.649999618530273,177.60000610351562,84.71282958984375
2023-08-14,316.5500183105469,177.2178955078125,43.667930603027344,140.57000732421875,35.09306716918945,67.53575134277344,145.53787231445312,15.880000114440918,177.05999755859375,84.52632141113281
2023-08-15,314.4203186035156,175.23301696777344,43.85456848144531,137.6699981689453,34.198036193847656,64.61791229248047,141.83290100097656,15.550000190734863,176.58999633789062,84.01110076904297
2023-08-16,313.6568603515625,174.364013671875,43.40144729614258,135.07000732421875,32.978431701660156,63.520015716552734,141.23109436035156,15.4399995803833,175.57000732421875,83.35379791259766
2023-08-17,310.21087646484375,171.8260955810547,43.25972366333008,133.97999572753906,32.04405975341797,62.8671989440918,139.76414489746094,15.050000190734863,175.3000030517578,82.99850463867188
2023-08-18,309.8193359375,172.30999755859375,43.214813232421875,133.22000122070312,32.21126174926758,62.89687728881836,140.0838623046875,15.039999961853027,175.3300018310547,83.2916259765625
2023-08-21,315.1056823730469,173.6431427001953,46.87568283081055,134.67999267578125,32.594852447509766,63.26284408569336,140.5634002685547,15.15999984741211,175.80999755859375,82.1812973022461
2023-08-22,315.6734619140625,175.0157470703125,45.57920455932617,134.25,32.34896469116211,62.718841552734375,137.64834594726562,14.829999923706055,176.10000610351562,82.81197357177734
2023-08-23,320.1178894042969,178.85716247558594,47.02439498901367,135.52000427246094,33.4210319519043,64.47944641113281,138.57928466796875,14.779999732971191,177.88999938964844,84.86381530761719
2023-08-24,313.2358703613281,174.17637634277344,47.0713005065918,131.83999633789062,32.05389404296875,62.995784759521484,138.44761657714844,14.569999694824219,177.85000610351562,84.30423736572266
2023-08-25,316.1825256347656,176.3784942626953,45.92852783203125,133.25999450683594,32.703041076660156,63.02546310424805,138.2783660888672,14.579999923706055,177.6199951171875,84.57959747314453
2023-08-28,316.8873596191406,177.9387664794922,46.74393844604492,133.13999938964844,33.06695556640625,64.59812927246094,138.7579803466797,14.729999542236328,178.1300048828125,84.66842651367188
2023-08-29,321.4981994628906,181.81964111328125,48.68914794921875,134.91000366210938,33.745601654052734,65.95320129394531,139.88636779785156,14.899999618530273,179.8699951171875,85.54779052734375
2023-08-30,321.87030029296875,185.30555725097656,49.168209075927734,135.07000732421875,33.96198272705078,67.34782409667969,139.3221893310547,14.770000457763672,180.32000732421875,85.45897674560547
2023-08-31,320.8619079589844,185.52281188964844,49.259033203125,138.00999450683594,34.56195068359375,69.17766571044922,137.601318359375,14.729999542236328,180.02000427246094,85.84092712402344
2023-09-01,321.74298095703125,187.0929412841797,48.41468048095703,138.1199951171875,36.00776672363281,69.62276458740234,138.0621337890625,14.680000305175781,180.11000061035156,84.5036392211914
2023-09-05,326.5300598144531,187.32997131347656,48.453609466552734,137.27000427246094,36.10612487792969,69.52383422851562,136.53872680664062,14.300000190734863,178.63999938964844,83.31871032714844
2023-09-06,325.8741455078125,180.62477111816406,46.973365783691406,135.36000061035156,36.37167739868164,69.64253997802734,136.3130340576172,14.329999923706055,177.8300018310547,83.52365112304688
2023-09-07,322.96661376953125,175.34156799316406,46.1548957824707,137.85000610351562,37.551944732666016,69.1084213256836,135.1470184326172,14.0,178.02000427246094,83.75526428222656
2023-09-08,327.23492431640625,175.95387268066406,45.487144470214844,138.22999572753906,37.38473892211914,69.4150390625,135.25048828125,13.979999542236328,178.0800018310547,84.07601928710938
2023-09-11,330.8276672363281,177.11915588378906,45.093875885009766,143.10000610351562,37.955196380615234,69.26668548583984,135.84288024902344,14.09000015258789,178.41000366210938,83.47016143798828
2023-09-12,324.78753662109375,174.0973663330078,44.78644561767578,141.22999572753906,38.22075271606445,69.54361724853516,137.61074829101562,14.109999656677246,177.49000549316406,83.95128631591797
2023-09-13,328.9872131347656,172.03347778320312,45.400299072265625,144.85000610351562,38.07322311401367,70.07775115966797,137.67657470703125,13.3100004196167,177.0800018310547,83.93345642089844
2023-09-14,331.5716552734375,173.5443878173828,45.496124267578125,144.72000122070312,38.033878326416016,71.00749206542969,140.34713745117188,13.260000228881836,177.1699981689453,83.32762908935547
2023-09-15,323.2701416015625,172.82350158691406,43.81825256347656,140.38999938964844,37.25687789916992,69.11831665039062,139.9333953857422,13.3100004196167,178.33999633789062,82.8198013305664
2023-09-18,322.13458251953125,175.74649047851562,43.884132385253906,139.97999572753906,37.36506652832031,69.73155212402344,140.2248992919922,13.109999656677246,179.38999938964844,83.29198455810547
2023-09-19,321.733154296875,176.83273315429688,43.438968658447266,137.6300048828125,35.74220657348633,69.93925476074219,140.04623413085938,13.1899995803833,179.22000122070312,82.67728424072266
2023-09-20,314.01904296875,173.2974853515625,42.16033935546875,135.2899932861328,34.11935043334961,68.9205093383789,139.45382690429688,13.0600004196167,179.35000610351562,82.93562316894531
2023-09-21,312.80511474609375,171.75697326660156,40.940616607666016,129.3300018310547,34.08000946044922,67.15990447998047,138.363037109375,13.0600004196167,178.0500030517578,80.80634307861328
2023-09-22,310.3381652832031,172.60623168945312,41.53252029418945,129.1199951171875,33.617740631103516,68.12921905517578,137.03709411621094,12.899999618530273,178.6199951171875,81.45671081542969
2023-09-25,310.85699462890625,173.88011169433594,42.14338684082031,131.27000427246094,33.725929260253906,67.83248901367188,137.7141571044922,12.90999984741211,177.6999969482422,79.4521255493164
2023-09-26,305.5706481933594,169.81158447265625,41.832950592041016,125.9800033569336,33.27349853515625,67.19947052001953,136.2848663330078,12.699999809265137,176.27999877929688,79.17595672607422
2023-09-27,306.2070007324219,168.30068969726562,42.388919830322266,125.9800033569336,34.04066848754883,67.46652221679688,137.08413696289062,12.609999656677246,174.10000610351562,78.7661361694336
2023-09-28,307.0390930175781,168.5574493408203,43.008766174316406,125.9800033569336,34.601287841796875,64.48932647705078,138.78616333007812,12.920000076293945,173.22999572753906,79.00668334960938
2023-09-29,309.1046447753906,169.07095336914062,43.417999267578125,127.12000274658203,34.96520233154297,67.28848266601562,136.36947631835938,12.8100004196167,171.4499969482422,79.01557922363281
2023-10-02,315.02734375,171.5792236328125,44.698612213134766,129.4600067138672,34.87668228149414,67.21924591064453,135.19403076171875,12.75,169.64999389648438,77.69283294677734
2023-10-03,306.7943420410156,170.24609375,43.43597412109375,124.72000122070312,35.10289764404297,67.09066772460938,134.19729614257812,12.289999961853027,169.16000366210938,76.02155303955078
2023-10-04,312.24713134765625,171.4903564453125,43.958988189697266,127.0,35.33895492553711,67.36761474609375,134.79908752441406,12.729999542236328,169.13999938964844,77.09406280517578
2023-10-05,312.638671875,172.72474670410156,44.60478591918945,125.95999908447266,35.29960632324219,68.29737091064453,135.36746215820312,12.850000381469727,168.8300018310547,76.70973205566406
2023-10-06,320.3724670410156,175.2725067138672,45.676788330078125,127.95999908447266,35.59467315673828,69.31288146972656,137.45150756835938,12.760000228881836,169.6999969482422,75.78024291992188
2023-10-09,322.8785705566406,176.75375366210938,45.18869400024414,128.25999450683594,35.46681594848633,68.83733367919922,137.13890075683594,12.239999771118164,172.82000732421875,77.55878448486328
2023-10-10,321.4786682128906,176.1612548828125,45.71272659301758,129.47999572753906,35.83073043823242,68.43111419677734,137.97250366210938,12.260000228881836,172.52999877929688,77.4515380859375
2023-10-11,325.42388916015625,177.5536346435547,46.718841552734375,131.8300018310547,36.2733268737793,69.56056213378906,138.4461669921875,12.479999542236328,173.7899932861328,79.06922149658203
2023-10-12,324.1903381347656,178.45230102539062,46.85758972167969,132.3300018310547,36.233985900878906,69.10484313964844,138.1240692138672,12.0600004196167,173.25999450683594,76.9242172241211
2023-10-13,320.8326110839844,176.61550903320312,45.37635040283203,129.7899932861328,35.378292083740234,68.56982421875,140.1986541748047,11.720000267028809,178.8300018310547,78.30058288574219
2023-10-16,325.6391296386719,176.4871368408203,46.00916290283203,132.5500030517578,35.95859146118164,68.44103240966797,140.0565643310547,11.9399995803833,177.9600067138672,77.04042053222656
2023-10-17,325.0714111328125,174.9367218017578,43.85618209838867,131.47000122070312,35.46681594848633,68.36176300048828,139.75341796875,11.9399995803833,178.2899932861328,76.19134521484375
2023-10-18,323.16241455078125,173.6431427001953,42.11742401123047,128.1300048828125,35.0537223815918,68.50047302246094,138.2188262939453,11.359999656677246,180.8699951171875,75.52108001708984
2023-10-19,324.34698486328125,173.26788330078125,42.022605895996094,128.39999389648438,35.083229064941406,66.90534973144531,137.63150024414062,11.449999809265137,183.08999633789062,73.97490692138672
2023-10-20,319.79486083984375,170.7200927734375,41.309932708740234,125.16999816894531,34.3455696105957,66.59822082519531,135.4148406982422,11.079999923706055,183.58999633789062,74.39495849609375
2023-10-23,322.38909912109375,170.83859252929688,42.89497756958008,126.55999755859375,33.29317092895508,66.26136016845703,133.56761169433594,11.289999961853027,182.97000122070312,75.28868865966797
2023-10-24,323.5736083984375,171.27310180664062,43.581695556640625,128.55999755859375,34.02099609375,67.44035339355469,133.72865295410156,11.210000038146973,182.9499969482422,76.28073120117188
2023-10-25,333.500244140625,168.9623260498047,41.70119857788086,121.38999938964844,32.289947509765625,65.88489532470703,132.99923706054688,11.039999961853027,183.72000122070312,74.58264923095703
2023-10-26,320.9891662597656,164.80494689941406,40.250911712646484,119.56999969482422,31.985050201416016,63.93310546875,133.3402557373047,11.149999618530273,184.00999450683594,75.72663116455078
2023-10-27,322.8687438964844,166.11831665039062,40.42458724975586,127.73999786376953,34.95536804199219,65.04275512695312,128.5375213623047,10.920000076293945,186.14999389648438,75.40487670898438
2023-10-30,330.21087646484375,168.16244506835938,41.084354400634766,132.7100067138672,35.10289764404297,65.4588623046875,130.17633056640625,11.180000305175781,185.10000610351562,75.06526184082031
2023-10-31,330.9941101074219,168.63645935058594,40.70405960083008,133.08999633789062,35.899574279785156,66.25147247314453,131.72988891601562,11.149999618530273,184.08999633789062,74.69880676269531
2023-11-01,338.7864990234375,171.79647827148438,42.24618148803711,137.0,36.67658233642578,68.75806427001953,131.61622619628906,11.140000343322754,183.50999450683594,76.31846618652344
2023-11-02,340.9892272949219,175.35153198242188,43.424991607666016,138.07000732421875,37.079837799072266,69.7884521484375,133.96548461914062,11.399999618530273,184.1199951171875,78.05827331542969
2023-11-03,345.3748779296875,174.4429931640625,44.921199798583984,138.60000610351562,37.51259994506836,71.90866088867188,135.4622039794922,11.979999542236328,184.7899932861328,78.58738708496094
2023-11-06,349.0263671875,176.99075317382812,45.665809631347656,139.74000549316406,37.448463439941406,72.24551391601562,136.48526000976562,11.65999984741211,183.35000610351562,77.8250961303711
2023-11-07,352.9422302246094,179.5484161376953,45.86943054199219,142.7100067138672,38.25762176513672,72.12662506103516,136.41896057128906,11.75,182.58999633789062,78.97300720214844
2023-11-08,355.5561218261719,180.6050262451172,46.48727035522461,142.0800018310547,37.418853759765625,71.61141967773438,137.09153747558594,12.010000228881836,180.77000427246094,80.3182144165039
2023-11-09,353.098876953125,180.13101196289062,46.862579345703125,140.60000610351562,37.30044174194336,72.8895034790039,136.6842041015625,11.75,181.49000549316406,78.47078704833984
2023-11-10,361.8899230957031,184.3136749267578,48.2449951171875,143.55999755859375,38.346431732177734,74.66293334960938,138.71139526367188,11.800000190734863,179.50999450683594,78.91024017333984
2023-11-13,358.9627685546875,182.73159790039062,48.52946472167969,142.58999633789062,37.72475814819336,74.08830261230469,138.0956573486328,11.779999732971191,180.50999450683594,78.73086547851562
2023-11-14,362.47723388671875,185.342041015625,49.56352996826172,145.8000030517578,38.88916778564453,76.4561996459961,140.61544799804688,12.25,182.1199951171875,80.51551055908203
2023-11-15,362.6244201660156,185.9056854248047,48.796966552734375,143.1999969482422,40.073307037353516,76.42646789550781,141.84690856933594,12.420000076293945,181.63999938964844,79.38553619384766
2023-11-16,369.0005187988281,187.58665466308594,49.38785934448242,142.8300018310547,42.7770881652832,75.9608154296875,143.46678161621094,12.1899995803833,183.69000244140625,80.3720474243164
2023-11-17,362.80096435546875,187.56687927246094,49.206199645996094,145.17999267578125,43.23101806640625,76.84259033203125,144.76458740234375,12.289999961853027,183.6699981689453,80.74868774414062
2023-11-20,370.24627685546875,189.30715942382812,50.31513977050781,146.1300048828125,44.14872741699219,77.89277648925781,145.2097930908203,12.399999618530273,183.3699951171875,81.241943359375
2023-11-21,365.9595642089844,188.5062255859375,49.85100173950195,143.89999389648438,43.063262939453125,76.00045776367188,144.90667724609375,12.130000114440918,185.35000610351562,81.20606231689453
2023-11-22,370.64849853515625,189.168701171875,48.625282287597656,146.7100067138672,43.09286117553711,76.3868408203125,145.24769592285156,12.3100004196167,184.55999755859375,81.49302673339844
2023-11-24,370.23651123046875,187.84371948242188,47.687034606933594,146.74000549316406,43.3790283203125,76.15897369384766,145.44664001464844,12.3100004196167,185.52000427246094,80.5334701538086
2023-11-27,371.3939208984375,187.66574096679688,48.15217590332031,147.72999572753906,43.4974479675293,76.79306030273438,145.11508178710938,12.180000305175781,186.77000427246094,81.8786849975586
2023-11-28,375.40606689453125,188.26890563964844,47.73194885253906,147.02999877929688,43.64546203613281,75.41590118408203,145.44664001464844,12.170000076293945,189.25999450683594,82.04010009765625
2023-11-29,371.62945556640625,187.2504425048828,48.05035400390625,146.32000732421875,44.34607696533203,75.98062133789062,146.18548583984375,12.229999542236328,189.5399932861328,83.07141876220703
2023-11-30,371.6882629394531,187.82394409179688,46.68291091918945,146.08999633789062,44.1092529296875,75.41590118408203,147.85272216796875,12.430000305175781,188.75,82.11184692382812
2023-12-01,367.37213134765625,189.09950256347656,46.677921295166016,147.02999877929688,43.16194152832031,75.22766876220703,148.57266235351562,13.020000457763672,192.00999450683594,83.65834045410156
2023-12-04,362.1044921875,187.3097381591797,45.42525863647461,144.83999633789062,41.790306091308594,73.60282897949219,149.6620635986328,13.350000381469727,187.86000061035156,83.32549285888672
2023-12-05,365.4200439453125,191.25509643554688,46.483367919921875,146.8800048828125,41.365989685058594,73.00837707519531,149.64309692382812,13.130000114440918,187.14999389648438,85.11579132080078
2023-12-06,361.77093505859375,190.1674346923828,45.42226028442383,144.52000427246094,40.72458267211914,72.45356750488281,148.07058715820312,13.479999542236328,187.83999633789062,86.24935150146484
2023-12-07,363.8799743652344,192.09559631347656,46.51332092285156,146.8800048828125,41.59295654296875,72.96874237060547,148.52529907226562,13.90999984741211,188.14999389648438,85.75452423095703
2023-12-08,367.0975036621094,193.5194854736328,47.42171096801758,147.4199981689453,42.135684967041016,74.26663970947266,150.16412353515625,13.760000228881836,185.63999938964844,85.05278015136719
2023-12-11,364.2232666015625,191.01779174804688,46.54426956176758,145.88999938964844,43.95136642456055,77.0704574584961,150.7135467529297,13.720000267028809,183.58999633789062,84.87286376953125
2023-12-12,367.24462890625,192.5306854248047,47.57244110107422,147.47999572753906,43.457977294921875,77.43704223632812,152.05870056152344,14.039999961853027,183.49000549316406,85.1247787475586
2023-12-13,367.23480224609375,195.7442626953125,48.00267791748047,148.83999633789062,43.9809684753418,79.05196380615234,152.57022094726562,14.09000015258789,187.6300048828125,87.12199401855469
2023-12-14,358.9556579589844,195.89260864257812,48.26420593261719,147.4199981689453,44.582908630371094,81.42977905273438,155.34576416015625,14.59000015258789,188.72999572753906,89.3882827758789
2023-12-15,363.6641845703125,195.35865783691406,48.803245544433594,149.97000122070312,45.54995346069336,80.65696716308594,156.52041625976562,14.489999771118164,187.0,89.48756408691406
2023-12-18,365.54754638671875,193.69747924804688,49.988155364990234,154.07000732421875,45.0861701965332,80.80558776855469,157.4676971435547,14.239999771118164,187.85000610351562,88.77456665039062
2023-12-19,366.14599609375,194.73573303222656,49.51598358154297,153.7899932861328,46.0433464050293,81.40994262695312,159.5706787109375,14.300000190734863,189.1300048828125,89.2529067993164
2023-12-20,363.5563049316406,192.6493377685547,48.025634765625,152.1199951171875,45.155242919921875,77.9621353149414,157.7708282470703,13.979999542236328,188.10000610351562,89.85761260986328
2023-12-21,366.420654296875,192.50099182128906,48.903076171875,153.83999633789062,46.457801818847656,84.68932342529297,158.6707763671875,14.350000381469727,189.42999267578125,89.28900909423828
2023-12-22,367.4407958984375,191.43309020996094,48.74335479736328,153.4199981689453,47.365638732910156,85.68998718261719,158.57601928710938,14.3100004196167,190.27000427246094,88.88287353515625
2023-12-26,367.5193176269531,190.88925170898438,49.19156265258789,153.41000366210938,49.83259963989258,86.25469970703125,159.5138397216797,14.109999656677246,191.72000122070312,89.13556671142578
2023-12-27,366.9405212402344,190.9881134033203,49.32931900024414,153.33999633789062,50.08916091918945,85.85841369628906,160.47059631347656,13.989999771118164,192.58999633789062,90.71504211425781
2023-12-28,368.12744140625,191.413330078125,49.43413162231445,153.3800048828125,49.72405242919922,85.20451354980469,161.3231658935547,13.979999542236328,191.47000122070312,90.05616760253906
2023-12-29,368.8729553222656,190.3750457763672,49.43413162231445,151.94000244140625,49.58590316772461,84.66383361816406,161.1337127685547,13.739999771118164,191.1699981689453,89.2438735961914
2024-01-02,363.8014831542969,183.56219482421875,48.08253860473633,149.92999267578125,47.16828155517578,81.6875991821289,163.0093536376953,13.4399995803833,190.72000122070312,88.72942352294922
2024-01-03,363.5366516113281,182.18775939941406,47.48460006713867,148.47000122070312,46.42819595336914,81.6082534790039,162.2988739013672,12.949999809265137,189.1300048828125,89.09947204589844
2024-01-04,360.9273986816406,179.8739471435547,47.9128303527832,144.57000732421875,46.250572204589844,82.05467224121094,163.37591552734375,13.09000015258789,189.32000732421875,87.74563598632812
2024-01-05,360.740966796875,179.15208435058594,49.009883880615234,145.24000549316406,46.27030563354492,82.78880310058594,164.1956024169922,13.600000381469727,189.35000610351562,86.90628051757812
2024-01-08,367.5487060546875,183.48309326171875,52.160282135009766,149.10000610351562,47.809696197509766,84.27692413330078,163.9573211669922,14.579999923706055,187.8699951171875,87.76371002197266
2024-01-09,368.62774658203125,183.06777954101562,53.04570388793945,151.3699951171875,47.41497802734375,82.66976165771484,162.6610565185547,14.380000114440918,187.92999267578125,87.20414733886719
2024-01-10,375.4747314453125,184.1060333251953,54.253570556640625,153.72999572753906,46.84264373779297,81.72728729248047,163.0041961669922,14.350000381469727,187.5,86.79798889160156
2024-01-11,377.2992248535156,183.51272583007812,54.724727630615234,155.17999267578125,47.010398864746094,82.72927856445312,162.3179473876953,14.59000015258789,187.8699951171875,87.28534698486328
2024-01-12,381.0660705566406,183.83905029296875,54.61292266845703,154.6199951171875,46.49726486206055,81.73722076416016,161.12652587890625,13.210000038146973,189.7100067138672,87.11386108398438
2024-01-16,382.8317565917969,181.57467651367188,56.28196334838867,153.16000366210938,46.43806076049805,83.93962860107422,160.1162109375,13.1899995803833,187.91000366210938,85.57951354980469
2024-01-17,382.0469970703125,180.63531494140625,55.95354461669922,151.7100067138672,45.45127868652344,82.62015533447266,159.2583770751953,12.930000305175781,185.83999633789062,85.44416809082031
2024-01-18,386.3631286621094,186.51873779296875,57.005672454833984,153.5,46.122291564941406,84.14795684814453,159.57289123535156,13.819999694824219,187.3699951171875,84.64991760253906
2024-01-19,391.07171630859375,189.4159393310547,59.38544464111328,155.33999633789062,47.5136604309082,86.816650390625,162.3274688720703,13.65999984741211,187.92999267578125,84.92066955566406
2024-01-22,388.95281982421875,191.71981811523438,59.54814910888672,154.77999877929688,47.582733154296875,88.53294372558594,162.13685607910156,13.619999885559082,187.22000122070312,85.42610168457031
2024-01-23,391.29730224609375,192.9954376220703,59.76676559448242,156.02000427246094,48.24387741088867,86.83648681640625,161.06935119628906,14.0,187.9499969482422,84.74917602539062
2024-01-24,394.8874816894531,192.32301330566406,61.25312805175781,156.8699951171875,48.44123077392578,87.38213348388672,162.508544921875,13.930000305175781,186.39999389648438,84.25279998779297
2024-01-25,397.1534729003906,191.99671936035156,61.507667541503906,157.75,48.89515686035156,88.49325561523438,164.83421325683594,15.359999656677246,187.13999938964844,84.8033447265625
2024-01-26,396.2314147949219,190.26629638671875,60.92271041870117,159.1199951171875,43.07312774658203,87.35236358642578,164.2051239013672,15.130000114440918,187.00999450683594,84.64087677001953
2024-01-29,401.9111022949219,189.58401489257812,62.35416030883789,161.25999450683594,43.260616302490234,88.36428833007812,164.63404846191406,14.9399995803833,188.3300018310547,85.61565399169922
2024-01-30,400.8026123046875,185.93531799316406,62.662620544433594,159.0,42.3527717590332,85.47734069824219,168.00814819335938,14.529999732971191,188.58999633789062,86.39181518554688
2024-01-31,390.00238037109375,182.33604431152344,61.41782760620117,155.1999969482422,42.51066589355469,85.07058715820312,166.1876220703125,14.229999542236328,188.4499969482422,87.2402114868164
2024-02-01,396.08428955078125,184.7685089111328,62.915164947509766,159.27999877929688,42.786964416503906,84.93170166015625,165.58717346191406,14.34000015258789,190.41000366210938,88.95152282714844
2024-02-02,403.3824768066406,183.76983642578125,66.04261779785156,171.80999755859375,42.03700256347656,85.79481506347656,166.54031372070312,14.5600004196167,188.61000061035156,86.9866943359375
2024-02-05,397.91864013671875,185.579345703125,69.20899200439453,170.30999755859375,42.20475769042969,86.29084777832031,166.3210906982422,14.260000228881836,187.57000732421875,85.23011779785156
2024-02-06,397.76165771484375,187.1812286376953,68.1019515991211,169.14999389648438,42.29877853393555,83.9297103881836,166.89295959472656,14.899999618530273,188.5500030517578,86.06314086914062
2024-02-07,406.15850830078125,187.2899932861328,69.9746322631836,170.52999877929688,42.33836364746094,84.49518585205078,167.20748901367188,14.90999984741211,188.5,85.64664459228516
2024-02-08,406.2173767089844,186.21218872070312,69.5174331665039,169.83999633789062,42.061256408691406,84.20747375488281,166.60704040527344,14.949999809265137,188.3300018310547,85.14863586425781
2024-02-09,412.53460693359375,186.97454833984375,72.00502014160156,174.4499969482422,42.86289596557617,84.88208770751953,166.8071746826172,14.880000114440918,187.60000610351562,84.97659301757812
2024-02-12,407.345458984375,185.2914276123047,72.11979675292969,172.33999633789062,43.57545852661133,85.02098846435547,167.55059814453125,14.930000305175781,187.11000061035156,85.07620239257812
2024-02-13,398.5758361816406,183.20236206054688,72.00001525878906,168.63999938964844,42.71444320678711,80.884033203125,166.09231567382812,14.609999656677246,184.52999877929688,83.61841583251953
2024-02-14,402.42822265625,182.32122802734375,73.76887512207031,170.97999572753906,43.73380661010742,81.18164825439453,167.77938842773438,14.859999656677246,184.4199981689453,84.04398345947266
2024-02-15,399.5487976074219,182.03408813476562,72.52908325195312,169.8000030517578,43.595252990722656,80.98323822021484,171.43936157226562,14.899999618530273,185.66000366210938,84.47860717773438
2024-02-16,397.0919189453125,180.49949645996094,72.48416137695312,169.50999450683594,43.060829162597656,78.87010955810547,170.63876342773438,14.640000343322754,186.33999633789062,83.98966217041016
2024-02-20,395.8437805175781,179.75692749023438,69.32878875732422,167.0800018310547,44.060401916503906,80.07051849365234,171.30593872070312,14.699999809265137,187.47000122070312,84.06210327148438
2024-02-21,395.24432373046875,180.5093994140625,67.35228729248047,168.58999633789062,43.021240234375,80.84434509277344,172.42112731933594,14.789999961853027,187.47999572753906,83.46448516845703
2024-02-22,404.55096435546875,182.5390167236328,78.3986587524414,174.5800018310547,42.53630065917969,85.22932434082031,174.48941040039062,15.239999771118164,187.55999755859375,83.87193298339844
2024-02-23,403.26361083984375,180.70742797851562,78.67716217041016,174.99000549316406,42.54619598388672,85.31861114501953,175.36630249023438,15.130000114440918,188.6199951171875,84.9947280883789
2024-02-26,400.51190185546875,179.36093139648438,78.95167541503906,174.72999572753906,42.54619598388672,88.7511978149414,174.76580810546875,15.279999732971191,188.1999969482422,84.7411880493164
2024-02-27,400.4529113769531,180.81631469726562,78.56135559082031,173.5399932861328,42.28887939453125,91.12226104736328,174.85157775878906,15.539999961853027,188.0,84.14359283447266
2024-02-28,400.6887512207031,179.61831665039062,77.52520751953125,173.16000366210938,41.556522369384766,88.99921417236328,175.7379913330078,15.460000038146973,188.33999633789062,84.67781829833984
2024-02-29,406.5067138671875,178.9550018310547,78.97162628173828,176.75999450683594,42.60557556152344,89.89208984375,177.33921813964844,15.680000305175781,189.30999755859375,85.27539825439453
2024-03-01,408.3345947265625,177.8758087158203,82.13301086425781,178.22000122070312,43.36762619018555,94.3961181640625,176.6053466796875,15.65999984741211,192.88999938964844,85.80674743652344
2024-03-04,407.7646179199219,173.36109924316406,85.08576202392578,177.5800018310547,45.1391487121582,95.01119995117188,177.93019104003906,14.8100004196167,196.00999450683594,85.46158599853516
2024-03-05,395.7061767578125,168.4305419921875,85.81549072265625,174.1199951171875,42.71444320678711,93.72150421142578,179.7125244140625,14.670000076293945,197.19000244140625,86.67871856689453
2024-03-06,395.1558837890625,167.44046020507812,88.5467758178711,173.50999450683594,44.05050277709961,94.80286407470703,180.64662170410156,14.880000114440918,198.80999755859375,87.1873779296875
2024-03-07,402.0843200683594,167.3216552734375,92.50892639160156,176.82000732421875,45.67357635498047,98.1957778930664,179.06443786621094,14.899999618530273,199.94000244140625,87.10560607910156
2024-03-08,399.2146301269531,169.03445434570312,87.37679290771484,175.35000610351562,43.54576873779297,96.84654998779297,179.39804077148438,14.680000305175781,201.6300048828125,86.95121002197266
2024-03-11,397.5439758300781,171.03443908691406,85.62582397460938,171.9600067138672,44.39689254760742,93.76117706298828,179.46473693847656,14.649999618530273,202.0,86.9057846069336
2024-03-12,408.118408203125,171.50967407226562,91.75421905517578,175.38999938964844,44.77296829223633,96.64812469482422,180.94210815429688,13.960000038146973,199.7899932861328,86.17914581298828
2024-03-13,407.9415283203125,169.4305419921875,90.73099517822266,176.55999755859375,42.78371810913086,93.41395568847656,182.40992736816406,14.0,201.19000244140625,85.76133728027344
2024-03-14,417.8869934082031,171.2819366455078,87.79208374023438,178.75,42.30867385864258,90.70558166503906,179.15972900390625,13.989999771118164,200.35000610351562,84.44429779052734
2024-03-15,409.2388000488281,170.90570068359375,87.68527221679688,174.4199981689453,42.199806213378906,92.51115417480469,181.3805389404297,13.960000038146973,199.7100067138672,84.41706848144531
2024-03-18,410.12322998046875,171.9947967529297,88.30218505859375,174.47999572753906,42.26908493041992,93.0369644165039,183.62991333007812,14.109999656677246,200.02999877929688,84.16275787353516
2024-03-19,414.1427001953125,174.3313446044922,89.24356079101562,175.89999389648438,41.61589813232422,93.2552261352539,184.70692443847656,13.930000305175781,199.8000030517578,84.39888763427734
2024-03-20,417.8968505859375,176.89564514160156,90.21588897705078,178.14999389648438,41.76435470581055,95.48738861083984,187.12789916992188,14.569999694824219,202.17999267578125,84.37165832519531
2024-03-21,421.9654235839844,169.66812133789062,91.27703094482422,178.14999389648438,41.98208236694336,108.97964477539062,189.72991943359375,14.779999732971191,201.97000122070312,84.55329132080078
2024-03-22,421.3462829589844,170.56912231445312,94.1261215209961,178.8699951171875,42.13053512573242,109.33678436279297,187.40428161621094,14.819999694824219,200.35000610351562,85.3616943359375
2024-03-25,415.5676574707031,169.15330505371094,94.83788299560547,179.7100067138672,41.39817428588867,116.20195770263672,185.68869018554688,14.920000076293945,200.99000549316406,84.93478393554688
2024-03-26,414.3785400390625,168.0246124267578,92.40109252929688,178.3000030517578,41.556522369384766,117.85872650146484,186.55599975585938,14.920000076293945,201.63999938964844,85.17095184326172
2024-03-27,414.1623229980469,171.58888244628906,90.09410095214844,179.8300018310547,43.318145751953125,118.30516815185547,190.1683807373047,15.300000190734863,203.10000610351562,86.0156478881836
2024-03-28,413.4645690917969,169.7770538330078,90.19990539550781,180.3800048828125,43.714012145996094,117.06884002685547,190.9118194580078,15.350000381469727,205.72000122070312,85.9430160522461
2024-04-01,417.2481689453125,168.3414306640625,90.20689392089844,180.97000122070312,44.060401916503906,123.43418884277344,189.6155548095703,15.40999984741211,207.82000732421875,84.3409423828125
2024-04-02,414.17218017578125,167.16323852539062,89.29747772216797,180.69000244140625,43.48638916015625,121.89498138427734,189.539306640625,14.399999618530273,210.88999938964844,83.87615966796875
2024-04-03,413.19927978515625,167.96519470214844,88.81031036376953,182.41000366210938,39.913658142089844,127.11833953857422,189.00555419921875,14.15999984741211,212.74000549316406,83.85794067382812
2024-04-04,410.673583984375,167.14349365234375,85.75659942626953,180.0,39.31985092163086,123.22564697265625,187.56753540039062,13.829999923706055,211.52000427246094,84.45938110351562
2024-04-05,418.1817932128906,167.89588928222656,87.85597229003906,185.07000732421875,38.31037902832031,122.71920776367188,189.29315185546875,13.760000228881836,215.13999938964844,83.28382110595703
2024-04-08,417.2678527832031,166.77713012695312,86.98249053955078,185.19000244140625,37.58791732788086,122.09358215332031,190.28060913085938,13.899999618530273,216.47999572753906,83.27471160888672
2024-04-09,418.9287109375,167.9850311279297,85.20654296875,185.6699981689453,37.93430709838867,121.77582550048828,189.00555419921875,13.949999809265137,217.6699981689453,84.04933166503906
2024-04-10,415.9608154296875,166.11378479003906,86.88864135742188,185.9499969482422,36.81596755981445,121.34880065917969,187.3949737548828,13.40999984741211,215.61000061035156,82.21760559082031
2024-04-11,420.55023193359375,173.30169677734375,90.45945739746094,189.0500030517578,37.24153137207031,126.62183380126953,187.35659790039062,13.619999885559082,219.8000030517578,81.84395599365234
2024-04-12,414.62420654296875,174.7967071533203,88.03365325927734,186.1300048828125,35.321556091308594,121.66657257080078,175.23878479003906,13.149999618530273,216.88999938964844,82.2813720703125
2024-04-15,406.5067138671875,170.97500610351562,85.85242462158203,183.6199951171875,35.935157775878906,120.52459716796875,175.3346710205078,12.9399995803833,220.9499969482422,81.00556945800781
2024-04-16,407.4305114746094,167.69789123535156,87.26399230957031,183.32000732421875,35.88566970825195,120.92179107666016,173.3310089111328,13.029999732971191,221.22000122070312,80.46791076660156
2024-04-17,404.7377014160156,166.33160400390625,83.88983917236328,181.27999877929688,35.31166076660156,115.51970672607422,172.64071655273438,13.890000343322754,219.58999633789062,81.36096954345703
2024-04-18,397.29827880859375,165.38111877441406,84.52471923828125,179.22000122070312,34.67826843261719,111.15034484863281,173.7624053955078,14.020000457763672,220.33999633789062,80.95088195800781
2024-04-19,392.237060546875,163.36138916015625,76.068359375,174.6300048828125,33.84694290161133,106.02628326416016,178.1244354248047,14.109999656677246,221.02999877929688,81.24249267578125
2024-04-22,394.0453796386719,164.19305419921875,79.38063049316406,177.22999572753906,34.054771423339844,108.35993194580078,181.58529663085938,14.529999732971191,215.57000732421875,81.10581970214844
2024-04-23,400.5414123535156,165.2425537109375,82.28060913085938,179.5399932861328,33.92611312866211,111.6766586303711,184.20252990722656,14.229999542236328,215.0399932861328,81.13314056396484
2024-04-24,402.0056457519531,167.34149169921875,79.53936004638672,176.58999633789062,34.14384078979492,111.00139617919922,185.10369873046875,13.920000076293945,214.63999938964844,80.55905151367188
2024-04-25,392.15850830078125,168.2028350830078,82.48926544189453,173.6699981689453,34.74754333496094,110.80279541015625,185.38172912597656,14.130000114440918,215.9199981689453,79.99403381347656
2024-04-26,399.3128967285156,167.61866760253906,87.58345031738281,179.6199951171875,31.55088996887207,114.04007720947266,185.4967803955078,13.880000114440918,216.6199951171875,80.4132308959961
2024-04-29,395.3130798339844,171.77694702148438,87.60540008544922,180.9600067138672,31.036256790161133,113.56342315673828,185.29544067382812,13.979999542236328,216.17999267578125,81.08758544921875
2024-04-30,382.61590576171875,168.63845825195312,86.25273895263672,175.0,30.155445098876953,112.17317962646484,183.8190460205078,13.510000228881836,211.8699951171875,80.39500427246094
2024-05-01,388.1291198730469,167.61866760253906,82.89754486083984,179.0,30.05647850036621,108.93588256835938,183.93409729003906,13.579999923706055,213.7899932861328,80.9875717163086
2024-05-02,390.97918701171875,171.3116455078125,85.66875457763672,184.72000122070312,30.195032119750977,111.54756927490234,183.7423858642578,13.859999656677246,213.1300048828125,81.3351058959961
2024-05-03,399.64703369140625,181.5588836669922,88.6356201171875,186.2100067138672,30.58100700378418,113.90105438232422,182.6398468017578,13.850000381469727,212.9600067138672,82.15811920166016
2024-05-06,406.40838623046875,179.90542602539062,91.98082733154297,188.6999969482422,30.774776458740234,119.2932357788086,184.06829833984375,14.649999618530273,215.1999969482422,82.47822570800781
2024-05-07,402.2807922363281,180.58856201171875,90.39757537841797,188.75999450683594,30.486604690551758,118.379638671875,183.82862854003906,14.25,214.2100067138672,82.98116302490234
2024-05-08,403.4601745605469,180.92523193359375,90.25582122802734,188.0,29.81089210510254,118.48887634277344,187.56753540039062,14.420000076293945,213.5800018310547,82.47822570800781
2024-05-09,405.20947265625,182.73704528808594,88.59368133544922,189.5,29.90032386779785,116.98938751220703,189.3411102294922,14.479999542236328,216.9499969482422,82.88057708740234
2024-05-10,407.5877380371094,181.4779815673828,89.72273254394531,187.47999572753906,29.66183853149414,120.39550018310547,190.5586395263672,14.399999618530273,218.7100067138672,82.41419982910156
2024-05-13,406.5853271484375,184.6802215576172,90.24283599853516,186.57000732421875,30.317676544189453,122.14324188232422,190.52027893066406,14.930000305175781,216.25999450683594,82.62451934814453
2024-05-14,409.3763427734375,185.8203125,91.19818115234375,187.07000732421875,30.854272842407227,123.94062805175781,193.18545532226562,15.1899995803833,218.08999633789062,83.09091186523438
2024-05-15,416.5338439941406,188.0906982421875,94.46652221679688,185.99000549316406,31.072887420654297,126.91973114013672,193.76065063476562,14.9399995803833,220.88999938964844,84.22489929199219
2024-05-16,414.4761657714844,188.2096405029297,94.19599151611328,183.6300048828125,31.828094482421875,126.99918365478516,194.10577392578125,14.789999961853027,220.02999877929688,84.14260864257812
2024-05-17,413.708251953125,188.23939514160156,92.3192367553711,184.6999969482422,31.629356384277344,124.41729736328125,196.3299560546875,14.729999542236328,223.66000366210938,83.57560729980469
2024-05-20,418.7588806152344,189.39932250976562,94.61626434326172,183.5399932861328,31.897653579711914,128.10145568847656,187.50042724609375,14.520000457763672,224.55999755859375,83.32868957519531
2024-05-21,422.4016418457031,190.6980743408203,95.22122192382812,183.14999389648438,31.5399227142334,126.61190795898438,191.27767944335938,14.029999732971191,224.22999572753906,83.75849151611328
2024-05-22,423.8587646484375,189.2605438232422,94.78596496582031,183.1300048828125,31.221940994262695,125.40039825439453,190.1176300048828,14.100000381469727,220.11000061035156,83.85909271240234
2024-05-23,420.3932189941406,185.2750701904297,103.61970520019531,181.0500030517578,29.8903865814209,125.39046478271484,188.78504943847656,13.819999694824219,215.72000122070312,83.31954956054688
2024-05-24,423.5043029785156,188.3484344482422,106.28507995605469,180.75,30.526351928710938,128.58804321289062,192.41851806640625,13.84000015258789,215.9199981689453,83.56645965576172
2024-05-28,423.6618347167969,188.35838317871094,113.70423889160156,182.14999389648438,30.86421012878418,131.74588012695312,191.2584686279297,13.4399995803833,218.19000244140625,82.36846160888672
2024-05-29,422.5296325683594,188.65579223632812,114.62663269042969,182.02000427246094,29.94007110595703,130.66348266601562,189.92593383789062,11.619999885559082,216.16000366210938,81.3716812133789
2024-05-30,408.2540283203125,189.64720153808594,110.3091049194336,179.32000732421875,29.99969482421875,125.41031646728516,191.0955047607422,11.4399995803833,216.57000732421875,82.15811920166016
2024-05-31,408.70684814453125,190.59893798828125,109.44361877441406,176.44000244140625,30.655534744262695,124.12931823730469,194.25917053222656,11.5,215.3000030517578,82.71598052978516
2024-06-03,407.1217346191406,192.36366271972656,114.80134582519531,178.33999633789062,30.099063873291016,127.2772216796875,193.48265075683594,11.529999732971191,217.22000122070312,84.05387115478516
2024-06-04,409.63232421875,192.680908203125,116.23584747314453,179.33999633789062,29.8407039642334,125.75787353515625,190.93252563476562,11.5,215.27000427246094,85.03571319580078
2024-06-05,417.449462890625,194.18785095214844,122.22848510742188,181.27999877929688,30.585975646972656,132.7786407470703,189.1110076904297,11.619999885559082,217.82000732421875,85.65969848632812
2024-06-06,417.9515686035156,192.80978393554688,120.78897857666016,185.0,30.22824478149414,129.16400146484375,188.77548217773438,11.430000305175781,219.42999267578125,85.5312271118164
2024-06-07,417.2919616699219,195.19911193847656,120.6791763305664,184.3000030517578,30.546226501464844,130.02793884277344,191.68988037109375,11.5,211.60000610351562,83.96212768554688
2024-06-10,421.249755859375,191.4614715576172,121.57960510253906,187.05999755859375,30.71515464782715,133.88092041015625,191.36390686035156,11.489999771118164,213.5399932861328,83.4023666381836
2024-06-11,425.98529052734375,205.3709716796875,120.71104431152344,187.22999572753906,30.7250919342041,134.129150390625,186.33084106445312,11.279999732971191,214.14999389648438,84.26493072509766
2024-06-12,434.2356872558594,211.24014282226562,124.99398040771484,186.88999938964844,30.56610107421875,139.7696075439453,183.6177215576172,11.5,214.72000122070312,84.89807891845703
2024-06-13,434.7475891113281,212.4001007080078,129.39674377441406,183.8300018310547,30.26799201965332,142.14295959472656,185.65975952148438,11.4399995803833,212.97000122070312,86.14603424072266
2024-06-14,435.7222900390625,210.66513061523438,131.66297912597656,183.66000366210938,30.258056640625,140.37535095214844,185.7747802734375,11.279999732971191,215.72999572753906,86.8709716796875
2024-06-17,441.43255615234375,214.80923461914062,130.7644805908203,184.05999755859375,30.784713745117188,146.80029296875,186.92518615722656,11.4399995803833,214.61000061035156,86.0083999633789
2024-06-18,439.4339904785156,212.44964599609375,135.35691833496094,182.80999755859375,30.436920166015625,152.38113403320312,188.86178588867188,11.279999732971191,215.47000122070312,86.79754638671875
2024-06-20,438.8038635253906,207.87925720214844,130.56478881835938,186.10000610351562,30.426984786987305,143.18565368652344,190.4627685546875,11.239999771118164,218.16000366210938,86.21943664550781
2024-06-21,442.82073974609375,205.7080841064453,126.36173248291016,189.0800018310547,30.894020080566406,138.56802368164062,188.19068908691406,11.199999809265137,214.77999877929688,86.21943664550781
2024-06-24,440.7434387207031,206.35247802734375,117.91564178466797,185.57000732421875,30.37729835510254,138.04171752929688,190.6641082763672,11.15999984741211,215.6300048828125,86.5681381225586
2024-06-25,443.9726257324219,207.27450561523438,125.88250732421875,186.33999633789062,30.546226501464844,140.1370086669922,189.88755798339844,11.130000114440918,214.55999755859375,86.7149658203125
2024-06-26,445.1639099121094,211.41859436035156,126.1920166015625,193.61000061035156,30.347488403320312,141.36837768554688,189.2739715576172,11.119999885559082,212.5800018310547,85.47618865966797
2024-06-27,445.8432922363281,212.2612762451172,123.78598022460938,197.85000610351562,30.397172927856445,131.3089599609375,190.94210815429688,11.279999732971191,214.99000549316406,85.81570434570312
2024-06-28,440.0345458984375,208.81117248535156,123.33672332763672,193.25,30.774776458740234,130.61383056640625,193.90444946289062,11.329999923706055,215.00999450683594,84.21905517578125
2024-07-01,449.6632385253906,214.88853454589844,124.09546661376953,197.1999969482422,30.645597457885742,130.60389709472656,196.9626922607422,11.039999961853027,215.57000732421875,82.76551818847656
2024-07-02,452.1737365722656,218.37831115722656,122.46814727783203,200.0,30.874147415161133,131.6664276123047,200.20306396484375,11.050000190734863,215.55999755859375,83.40987396240234
2024-07-03,453.6406555175781,219.6473388671875,128.0689239501953,197.58999633789062,31.033138275146484,135.86697387695312,200.06884765625,11.119999885559082,217.99000549316406,84.50531768798828
2024-07-05,460.3256530761719,224.39617919921875,125.6229476928711,200.0,31.818159103393555,130.68336486816406,197.41781616210938,11.039999961853027,220.92999267578125,85.2049331665039
2024-07-08,459.02606201171875,225.8634796142578,127.9890365600586,199.2899932861328,33.77574157714844,129.89317321777344,197.78416442871094,10.930000305175781,218.19000244140625,85.38904571533203
2024-07-09,452.42974853515625,226.716064453125,131.163818359375,199.33999633789062,34.3719596862793,130.3404541015625,200.1555938720703,10.979999542236328,218.55999755859375,85.01161193847656
2024-07-10,459.035888671875,230.97915649414062,134.68800354003906,199.7899932861328,34.65019226074219,135.55844116210938,200.31947326660156,11.149999618530273,219.36000061035156,85.27857208251953
2024-07-11,447.66461181640625,225.61563110351562,127.19038391113281,195.0500030517578,33.2888298034668,129.4359893798828,199.98207092285156,10.729999542236328,223.25,86.1070556640625
2024-07-12,446.53240966796875,228.5601043701172,129.02734375,194.49000549316406,34.27259063720703,132.73574829101562,197.56243896484375,10.680000305175781,223.11000061035156,86.47528839111328
2024-07-15,446.93609619140625,232.386962890625,128.22865295410156,192.72000122070312,34.242774963378906,130.07208251953125,202.4884796142578,10.630000114440918,223.8300018310547,85.48109436035156
2024-07-16,442.56475830078125,232.8033447265625,126.15206146240234,193.02000427246094,34.12353515625,126.71267700195312,205.92996215820312,11.1899995803833,228.2899932861328,86.68700408935547
2024-07-17,436.6576232910156,226.91436767578125,117.79584503173828,187.92999267578125,34.242774963378906,118.77141571044922,209.06295776367188,11.010000228881836,227.22999572753906,86.70541381835938
2024-07-18,433.55633544921875,222.2547149658203,120.89073181152344,183.75,34.65019226074219,116.73390197753906,202.42098999023438,10.619999885559082,225.77999877929688,86.04263305664062
2024-07-19,430.34674072265625,222.3836212158203,117.73595428466797,183.1300048828125,32.7721061706543,113.5633544921875,202.2281951904297,10.579999923706055,221.72999572753906,85.53632354736328
2024-07-22,436.0865478515625,222.03663635253906,123.33672332763672,182.5500030517578,33.15964889526367,114.57713317871094,202.710205078125,10.6899995803833,221.8000030517578,85.28777313232422
2024-07-23,437.9670715332031,223.0775909423828,122.3882827758789,186.41000366210938,32.7422981262207,113.55341339111328,202.75840759277344,10.479999542236328,222.5800018310547,85.16809844970703
2024-07-24,422.2637939453125,216.6631622314453,114.06200408935547,180.8300018310547,31.50017547607422,109.60762023925781,201.08102416992188,10.170000076293945,221.8000030517578,84.24759674072266
2024-07-25,411.92626953125,215.62217712402344,112.09524536132812,179.85000610351562,30.90395736694336,106.79486083984375,201.1581573486328,10.600000381469727,218.3300018310547,84.93797302246094
2024-07-26,418.69000244140625,216.08815002441406,112.87394714355469,182.5,31.152381896972656,108.742919921875,204.59962463378906,10.619999885559082,220.6300048828125,85.60076904296875
2024-07-29,420.1274108886719,216.36573791503906,111.40637969970703,183.1999969482422,30.63566017150879,107.19242858886719,203.2596893310547,10.430000305175781,220.32000732421875,86.06103515625
2024-07-30,416.3763427734375,216.9209442138672,103.55931091308594,181.7100067138672,29.94007110595703,101.9346923828125,207.44342041015625,10.760000228881836,222.52000427246094,86.39244842529297
2024-07-31,411.8770446777344,220.17276000976562,116.82743835449219,186.97999572753906,30.546226501464844,109.15042877197266,205.13949584960938,10.640000343322754,226.5500030517578,87.2761459350586
2024-08-01,410.6562194824219,216.48471069335938,109.03028869628906,184.07000732421875,28.866878509521484,100.8910903930664,200.4737091064453,10.140000343322754,225.77000427246094,88.02887725830078
2024-08-02,402.1695861816406,217.9718475341797,107.09347534179688,167.89999389648438,21.3445987701416,92.13479614257812,191.97122192382812,9.630000114440918,225.33999633789062,90.7719955444336
2024-08-05,389.0359802246094,207.4727783203125,100.28470611572266,161.02000427246094,19.983234405517578,89.86871337890625,187.88385009765625,9.279999732971191,222.47999572753906,91.25226593017578
2024-08-06,393.42694091796875,205.45028686523438,104.07845306396484,161.92999267578125,19.704999923706055,88.45736694335938,193.12802124023438,9.3100004196167,220.6999969482422,89.21110534667969
2024-08-07,392.2652587890625,208.01806640625,98.74725341796875,162.77000427246094,18.989999771118164,86.27079010009766,193.1858673095703,9.260000228881836,220.5500030517578,88.58304595947266
2024-08-08,396.4593811035156,211.4780731201172,104.79727172851562,165.8000030517578,20.489999771118164,91.50865936279297,196.71409606933594,9.890000343322754,224.00999450683594,88.03810119628906
2024-08-09,399.7377624511719,214.3829345703125,104.57763671875,166.94000244140625,19.709999084472656,92.51249694824219,198.39144897460938,9.859999656677246,224.55999755859375,88.90630340576172
2024-08-12,400.5155944824219,215.91146850585938,108.84060668945312,166.8000030517578,19.360000610351562,94.06298828125,198.76742553710938,9.609999656677246,228.41000366210938,89.22958374023438
2024-08-13,407.60418701171875,219.6236572265625,115.94889068603516,170.22999572753906,20.469999313354492,96.84591674804688,200.4544219970703,9.8100004196167,228.05999755859375,89.84839630126953
2024-08-14,410.4100646972656,220.07028198242188,117.88570404052734,170.10000610351562,19.920000076293945,99.79780578613281,202.671630859375,9.739999771118164,226.1999969482422,90.4117660522461
2024-08-15,415.2626953125,223.04798889160156,122.6578369140625,177.58999633789062,20.690000534057617,106.29792785644531,203.93446350097656,10.09000015258789,226.91000366210938,89.68214416503906
2024-08-16,412.73773193359375,224.36807250976562,124.37500762939453,177.05999755859375,20.8700008392334,107.33158874511719,206.26736450195312,10.050000190734863,231.99000549316406,89.99616241455078
2024-08-19,415.755859375,224.20925903320312,129.7860870361328,178.22000122070312,21.520000457763672,107.96768188476562,207.69407653808594,10.3100004196167,231.61000061035156,90.4117660522461
2024-08-20,418.9810485839844,224.82464599609375,127.04060363769531,178.8800048828125,20.989999771118164,107.33158874511719,206.7975311279297,10.289999961853027,232.4600067138672,91.13220977783203
2024-08-21,418.3300476074219,224.71546936035156,128.28855895996094,180.11000061035156,21.40999984741211,107.66950988769531,206.8746795654297,10.399999618530273,232.14999389648438,91.18760681152344
2024-08-22,409.8577575683594,222.859375,123.53639221191406,176.1300048828125,20.100000381469727,103.62432861328125,208.83160400390625,10.140000343322754,229.3699951171875,90.2824935913086
2024-08-23,411.0807800292969,225.15219116210938,129.15711975097656,177.0399932861328,20.540000915527344,102.22291564941406,210.4511260986328,10.390000343322754,232.02000427246094,90.87358093261719
2024-08-26,407.82598876953125,225.4896697998047,126.25189971923828,175.5,20.1299991607666,98.30695343017578,211.2801513671875,10.210000038146973,232.75999450683594,90.64269256591797
2024-08-27,408.1711730957031,226.3333282470703,128.08888244628906,173.1199951171875,20.06999969482422,97.26335144042969,212.2537841796875,10.170000076293945,233.38999938964844,90.48567199707031
2024-08-28,404.9755859375,224.8048095703125,125.40331268310547,170.8000030517578,19.610000610351562,94.2816390991211,213.32382202148438,10.149999618530273,231.75,90.37483978271484
2024-08-29,407.4610595703125,228.0802459716797,117.39649963378906,172.1199951171875,20.1299991607666,94.98731994628906,214.21075439453125,10.390000343322754,232.9499969482422,90.07929229736328
2024-08-30,411.42596435546875,227.29611206054688,119.17357635498047,178.5,22.040000915527344,95.65322875976562,216.70748901367188,10.619999885559082,231.2899932861328,89.11873626708984
2024-09-03,403.8314208984375,221.11248779296875,107.8222885131836,176.25,20.100000381469727,88.03993225097656,212.36949157714844,10.600000381469727,230.2899932861328,90.57630920410156
2024-09-04,403.298828125,219.20677185058594,106.03524017333984,173.3300018310547,19.43000030517578,88.74559783935547,211.4344024658203,10.630000114440918,230.42999267578125,91.74382781982422
2024-09-05,402.79583740234375,220.7253875732422,107.03359985351562,177.88999938964844,19.399999618530273,88.8449935913086,209.79562377929688,10.800000190734863,232.35000610351562,92.26275634765625
2024-09-06,396.1974792480469,219.177001953125,102.66080474853516,171.38999938964844,18.889999389648438,85.85334014892578,204.81173706054688,10.800000190734863,230.6300048828125,92.25345611572266
2024-09-09,400.1623840332031,219.26629638671875,106.29480743408203,175.39999389648438,19.06999969482422,85.7440185546875,209.005126953125,11.220000267028809,231.60000610351562,92.65192413330078
2024-09-10,408.5262756347656,218.47227478027344,107.92211151123047,179.5500030517578,18.979999542236328,86.32047271728516,198.1601104736328,10.989999771118164,232.6199951171875,93.30055236816406
2024-09-11,417.2451477050781,221.00331115722656,116.7176284790039,184.52000427246094,19.639999389648438,90.0973129272461,199.7699737548828,10.770000457763672,232.25,93.22640228271484
2024-09-12,421.1509094238281,221.11248779296875,118.95413208007812,187.0,19.360000610351562,86.67827606201172,199.16268920898438,10.880000114440918,236.3300018310547,92.79090118408203
2024-09-13,424.6917724609375,220.84449768066406,118.9141845703125,186.49000549316406,19.65999984741211,90.66382598876953,196.96475219726562,10.6899995803833,238.67999267578125,93.04109191894531
2024-09-16,425.4315185546875,214.71046447753906,116.59781646728516,184.88999938964844,20.90999984741211,86.64846801757812,200.37730407714844,10.8100004196167,238.66000366210938,93.89354705810547
2024-09-17,429.1892395019531,215.17697143554688,115.40966796875,186.8800048828125,21.469999313354492,88.18901824951172,201.71726989746094,11.170000076293945,237.33999633789062,93.43952941894531
2024-09-18,424.9087219238281,219.04794311523438,113.19313049316406,186.42999267578125,20.770000457763672,86.81742095947266,200.0592041015625,11.029999732971191,235.50999450683594,92.28123474121094
2024-09-19,432.6807861328125,227.16709899902344,117.68611907958984,189.8699951171875,21.139999389648438,88.70584106445312,202.9029998779297,11.109999656677246,239.1699981689453,91.97547149658203
2024-09-20,429.3076477050781,226.50209045410156,115.81903839111328,191.60000610351562,21.84000015258789,90.34578704833984,203.49102783203125,11.010000228881836,242.2100067138672,91.62338256835938
2024-09-23,427.5717468261719,224.78494262695312,116.07862091064453,193.8800048828125,22.559999465942383,92.9994888305664,203.8284454345703,10.979999542236328,242.67999267578125,91.42877960205078
2024-09-24,423.2911682128906,225.67825317382812,120.68143463134766,193.9600067138672,22.809999465942383,93.42688751220703,203.9730224609375,11.039999961853027,246.07000732421875,91.41024017333984
2024-09-25,426.19091796875,224.68568420410156,123.31730651855469,192.52999877929688,23.540000915527344,95.18608856201172,202.62342834472656,11.0,245.72999572753906,90.65042114257812
2024-09-26,425.40185546875,225.8271484375,123.84648132324219,191.16000366210938,23.920000076293945,109.2100601196289,202.2281951904297,11.789999961853027,246.97999572753906,90.86356353759766
2024-09-27,422.1569519042969,226.09510803222656,121.21060943603516,187.97000122070312,23.90999984741211,106.8445816040039,202.9222869873047,11.5600004196167,245.02000427246094,91.33611297607422
2024-09-30,424.40570068359375,231.266357421875,121.25054931640625,186.3300018310547,23.459999084472656,103.07768249511719,203.26931762695312,11.239999771118164,243.05999755859375,90.90060424804688
2024-10-01,414.9273681640625,224.52688598632812,116.81746673583984,185.1300048828125,22.690000534057617,99.69841003417969,199.5868377685547,10.899999618530273,245.61000061035156,91.5569076538086
2024-10-02,411.4161071777344,225.09263610839844,118.66458129882812,184.75999450683594,22.389999389648438,99.24121856689453,199.82781982421875,10.739999771118164,245.66000366210938,90.78534698486328
2024-10-03,410.834228515625,223.99090576171875,122.65834045410156,181.9600067138672,22.260000228881836,101.19920349121094,197.8419952392578,10.819999694824219,245.49000549316406,89.93011474609375
2024-10-04,410.3607482910156,225.11248779296875,124.72511291503906,186.50999450683594,22.59000015258789,101.62657928466797,204.8641357421875,11.510000228881836,245.0,88.8238754272461
2024-10-07,403.9300842285156,220.04051208496094,127.52074432373047,180.8000030517578,22.3799991607666,102.3977279663086,204.5828399658203,11.529999732971191,244.1699981689453,88.1545639038086
2024-10-08,409.0292663574219,224.0901641845703,132.68267822265625,182.72000122070312,23.31999969482422,102.0295639038086,204.40826416015625,11.920000076293945,242.3699951171875,88.30327606201172
2024-10-09,411.7415771484375,227.83209228515625,132.44305419921875,185.1699981689453,23.459999084472656,101.1937484741211,206.99794006347656,11.930000305175781,241.0500030517578,87.80130767822266
2024-10-10,410.1437683105469,227.33580017089844,134.5996856689453,186.64999389648438,23.219999313354492,105.16387939453125,206.4353790283203,11.760000228881836,242.82000732421875,87.45736694335938
2024-10-11,410.6172180175781,225.85691833496094,134.58970642089844,188.82000732421875,23.559999465942383,106.38776397705078,215.6009979248047,11.789999961853027,245.47000122070312,87.10409545898438
2024-10-14,413.3985595703125,229.5790252685547,137.85459899902344,187.5399932861328,23.440000534057617,107.80068969726562,214.8153839111328,11.869999885559082,245.07000732421875,87.16915893554688
2024-10-15,413.0040588378906,232.1100311279297,131.3946990966797,187.69000244140625,22.65999984741211,103.80071258544922,215.69801330566406,12.029999732971191,245.9199981689453,88.22891998291016
2024-10-16,410.4199523925781,230.055419921875,135.5082550048828,186.88999938964844,22.309999465942383,108.69619750976562,216.910400390625,12.890000343322754,247.14999389648438,88.60076904296875
2024-10-17,411.0117492675781,230.42269897460938,136.71636962890625,187.52999877929688,22.440000534057617,111.49221801757812,217.6669158935547,12.8100004196167,248.6300048828125,87.19706726074219
2024-10-18,412.4320373535156,233.25148010253906,137.7847137451172,188.99000549316406,22.770000457763672,110.59671783447266,218.5883331298828,13.09000015258789,251.27000427246094,87.26214599609375
2024-10-21,413.0435485839844,234.72047424316406,143.48580932617188,189.07000732421875,22.84000015258789,108.53701782226562,216.28965759277344,12.970000267028809,251.22000122070312,85.73757934570312
2024-10-22,421.6539306640625,234.10508728027344,143.365966796875,189.6999969482422,22.399999618530273,107.28327941894531,217.3759307861328,12.960000038146973,253.92999267578125,85.82122802734375
2024-10-23,418.7837829589844,229.04302978515625,139.34228515625,184.7100067138672,21.979999542236328,104.5270767211914,216.6873321533203,12.829999923706055,250.8699951171875,85.58885192871094
2024-10-24,418.9120178222656,228.85443115234375,140.1909637451172,186.3800048828125,22.34000015258789,106.318115234375,218.21005249023438,12.779999732971191,252.8000030517578,86.1373291015625
2024-10-25,422.2851867675781,229.68821716308594,141.31918334960938,187.8300018310547,22.68000030517578,107.37284088134766,215.6204071044922,13.149999618530273,253.32000732421875,85.65391540527344
2024-10-28,420.7464904785156,231.66339111328125,140.30075073242188,188.38999938964844,22.920000076293945,105.86040496826172,218.71441650390625,13.600000381469727,253.3300018310547,85.42151641845703
2024-10-29,426.0331115722656,231.93138122558594,141.02964782714844,190.8300018310547,22.899999618530273,107.6415023803711,216.19264221191406,13.819999694824219,256.0899963378906,85.5516586303711
2024-10-30,426.6051330566406,228.38795471191406,139.1226043701172,192.72999572753906,22.299999237060547,103.56189727783203,217.65721130371094,13.9399995803833,257.5,85.80266571044922
2024-10-31,400.7838439941406,224.22909545898438,132.55287170410156,186.39999389648438,21.520000457763672,99.15394592285156,215.24215698242188,13.399999618530273,253.50999450683594,85.94209289550781
2024-11-01,404.74871826171875,221.25144958496094,135.18875122070312,197.92999267578125,23.200000762939453,99.23355102539062,216.23146057128906,13.539999961853027,252.47000122070312,84.73045349121094
2024-11-04,402.8648681640625,220.3581085205078,135.83773803710938,195.77999877929688,22.520000457763672,101.22359466552734,213.1665496826172,12.989999771118164,252.8300018310547,86.04562377929688
2024-11-05,405.82379150390625,221.78741455078125,139.6917266845703,199.5,23.31999969482422,104.96488189697266,214.82508850097656,13.1899995803833,253.39999389648438,86.50267028808594
2024-11-06,414.42437744140625,221.06285095214844,145.38282775878906,207.08999633789062,25.049999237060547,111.27332305908203,239.62567138671875,14.0,245.6999969482422,84.13350677490234
2024-11-07,419.6023864746094,225.7874298095703,148.64773559570312,210.0500030517578,26.229999542236328,112.845458984375,229.26702880859375,13.619999885559082,249.64999389648438,85.1875
2024-11-08,416.7519836425781,225.51914978027344,147.39967346191406,208.17999267578125,26.200000762939453,111.34297180175781,229.84896850585938,13.8100004196167,247.9600067138672,86.26946258544922
2024-11-11,412.2840881347656,222.8064727783203,145.0334014892578,206.83999633789062,25.049999237060547,108.1091537475586,232.0894317626953,14.15999984741211,242.13999938964844,85.84974670410156
2024-11-12,417.23529052734375,222.8064727783203,148.0586700439453,208.91000366210938,24.15999984741211,103.58180236816406,232.35133361816406,13.90999984741211,240.0500030517578,84.56257629394531
2024-11-13,419.3755798339844,223.69082641601562,146.04180908203125,214.10000610351562,24.920000076293945,99.422607421875,233.90318298339844,14.010000228881836,237.6300048828125,83.76042175292969
2024-11-14,421.04241943359375,226.77114868164062,146.53102111816406,211.47999572753906,25.030000686645508,98.68629455566406,234.59182739257812,14.260000228881836,237.00999450683594,84.24544525146484
2024-11-15,409.3153076171875,223.57159423828125,141.7584991455078,202.61000061035156,24.350000381469727,95.86043548583984,237.92831420898438,14.390000343322754,236.58999633789062,84.02159881591797
2024-11-18,410.0649108886719,226.57241821289062,139.93136596679688,201.6999969482422,24.84000015258789,97.02461242675781,237.65672302246094,14.289999961853027,241.08999633789062,84.17080688476562
2024-11-19,412.0671081542969,226.83074951171875,146.78062438964844,204.61000061035156,24.200000762939453,97.24351501464844,235.7751007080078,14.329999923706055,243.25,84.59986114501953
2024-11-20,409.7986145019531,227.5461883544922,145.6623992919922,202.8800048828125,24.010000228881836,97.88032531738281,233.5346221923828,14.460000038146973,244.6199951171875,84.32937622070312
2024-11-21,408.0295715332031,227.0692596435547,146.44119262695312,198.3800048828125,24.440000534057617,102.24847412109375,237.39486694335938,14.199999809265137,246.66000366210938,84.26409149169922
2024-11-22,412.11114501953125,228.41067504882812,141.72854614257812,197.1199951171875,24.5,102.12905883789062,241.07083129882812,14.380000114440918,249.83999633789062,84.31072998046875
2024-11-25,413.8801574707031,231.39161682128906,135.80780029296875,201.4499969482422,24.8700008392334,103.95991516113281,242.7584686279297,14.920000076293945,242.47999572753906,86.49336242675781
2024-11-26,422.9723205566406,233.56771850585938,136.70640563964844,207.86000061035156,24.049999237060547,101.29325866699219,242.44808959960938,14.640000343322754,242.9499969482422,86.15755462646484
2024-11-27,418.0309143066406,233.4385528564453,135.1288604736328,205.74000549316406,23.649999618530273,97.71116638183594,242.2734832763672,14.640000343322754,243.49000549316406,86.75450134277344
2024-11-29,418.49542236328125,235.8233184814453,138.03431701660156,207.88999938964844,24.049999237060547,97.46240997314453,242.2056121826172,14.520000457763672,245.58999633789062,87.64994049072266
2024-12-02,425.92724609375,238.0689697265625,138.4137420654297,210.7100067138672,23.93000030517578,98.05943298339844,238.8400421142578,14.609999656677246,243.44000244140625,87.86054992675781
2024-12-03,426.1446838378906,241.10952758789062,140.04116821289062,213.44000244140625,22.469999313354492,99.34300231933594,237.45306396484375,14.470000267028809,243.92999267578125,87.1023941040039
2024-12-04,432.291748046875,241.4672393798828,144.91354370117188,218.16000366210938,21.959999084472656,102.68627166748047,236.0757598876953,14.880000114440918,244.6699981689453,88.03836822509766
2024-12-05,437.4307861328125,241.4970703125,144.8436737060547,220.5500030517578,20.799999237060547,100.36788940429688,238.0932159423828,17.3799991607666,242.86000061035156,88.21620178222656
2024-12-06,438.3696594238281,241.29832458496094,142.2275848388672,227.02999877929688,20.920000076293945,100.6663818359375,239.91664123535156,17.399999618530273,242.9499969482422,88.34724426269531
2024-12-09,440.7908935546875,245.18350219726562,138.60299682617188,226.08999633789062,20.809999465942383,102.30817413330078,236.47344970703125,17.15999984741211,245.36000061035156,87.53295135498047
2024-12-10,438.1324462890625,246.19705200195312,134.8685760498047,225.0399932861328,20.15999984741211,97.61166381835938,235.55203247070312,17.489999771118164,248.58999633789062,87.12113189697266
2024-12-11,443.7261047363281,244.92514038085938,139.10226440429688,230.25999450683594,20.1200008392334,101.55195617675781,236.2018585205078,17.579999923706055,250.9600067138672,86.29744720458984
2024-12-12,444.2894287109375,246.3858184814453,137.13519287109375,228.97000122070312,20.780000686645508,97.75096130371094,234.26206970214844,17.239999771118164,247.27999877929688,85.24915313720703
2024-12-13,442.0262756347656,246.55474853515625,134.04978942871094,227.4600067138672,20.34000015258789,101.98976135253906,232.7198944091797,16.920000076293945,244.2899932861328,84.37870025634766
2024-12-16,446.295654296875,249.44625854492188,131.8031463623047,232.92999267578125,20.829999923706055,107.7210922241211,232.3707275390625,16.520000457763672,244.8800048828125,84.63140106201172
2024-12-17,449.1319580078125,251.8707733154297,130.19554138183594,231.14999389648438,20.440000534057617,108.05939483642578,231.18743896484375,16.719999313354492,243.94000244140625,84.83733367919922
2024-12-18,432.2620849609375,246.4752655029297,128.71774291992188,220.52000427246094,19.299999237060547,103.38280487060547,223.43788146972656,16.469999313354492,239.25999450683594,83.77650451660156
2024-12-19,431.9063415527344,248.20420837402344,130.485107421875,223.2899932861328,19.059999465942383,86.6564712524414,225.94993591308594,16.639999389648438,239.60000610351562,82.50799560546875
2024-12-20,431.4814147949219,252.8743896484375,134.49911499023438,224.9199981689453,19.520000457763672,89.67139434814453,230.4503173828125,16.8799991607666,242.10000610351562,82.97781372070312
2024-12-23,430.1471862792969,253.6494140625,139.46168518066406,225.05999755859375,20.200000762939453,89.27337646484375,231.216552734375,17.25,240.9600067138672,82.21673583984375
2024-12-24,434.1793518066406,256.56085205078125,140.01087951660156,229.0500030517578,20.399999618530273,88.8355712890625,235.01858520507812,17.350000381469727,241.44000244140625,82.56439208984375
2024-12-26,432.9736328125,257.3755798339844,139.7213134765625,227.0500030517578,20.440000534057617,89.37287902832031,235.8236083984375,17.350000381469727,243.07000732421875,82.51739501953125
2024-12-27,425.4825439453125,253.96739196777344,136.8056640625,223.75,20.299999237060547,88.18880462646484,233.9128875732422,17.350000381469727,241.39999389648438,81.84086608886719
2024-12-30,419.8493347167969,250.59890747070312,137.2849578857422,221.3000030517578,19.81999969482422,84.99561309814453,232.1185760498047,17.6200008392334,240.6300048828125,82.49861907958984
2024-12-31,416.5584411621094,248.8302001953125,134.08973693847656,219.38999938964844,20.049999237060547,83.849853515625,232.496826171875,17.43000030517578,242.1300048828125,82.05699157714844
2025-01-02,413.6726379394531,242.30191040039062,138.10372924804688,220.22000122070312,20.219999313354492,87.0081787109375,232.778076171875,17.0,245.4199981689453,82.28250885009766
2025-01-03,418.38671875,241.81503295898438,144.25454711914062,224.19000244140625,20.559999465942383,89.538818359375,235.9593963623047,16.969999313354492,243.49000549316406,82.01940155029297
2025-01-06,422.833984375,243.4446258544922,149.2071533203125,227.61000061035156,19.8700008392334,98.89421081542969,234.8090057373047,17.520000457763672,243.19000244140625,81.65296173095703
2025-01-07,417.4181823730469,240.67234802246094,139.93101501464844,222.11000061035156,20.010000228881836,101.53445434570312,237.07080078125,17.690000534057617,244.55999755859375,80.73211669921875
2025-01-08,419.58251953125,241.15921020507812,139.90106201171875,222.1300048828125,19.8799991607666,99.04366302490234,237.03182983398438,17.600000381469727,245.86000061035156,80.8354721069336
2025-01-10,414.03826904296875,235.3463592529297,135.7073211669922,218.94000244140625,19.149999618530273,98.97391510009766,233.8535614013672,18.3799991607666,248.2100067138672,80.2999038696289
2025-01-13,412.2989501953125,232.91192626953125,133.0312957763672,218.4600067138672,19.200000762939453,94.70968627929688,238.08473205566406,17.600000381469727,245.74000549316406,80.27171325683594
2025-01-14,410.7967529296875,231.79901123046875,131.56350708007812,217.75999450683594,19.200000762939453,97.00121307373047,241.26295471191406,18.209999084472656,247.02999877929688,80.14017486572266
2025-01-15,421.31201171875,236.35987854003906,136.03683471679688,223.35000610351562,19.719999313354492,102.80973815917969,246.0205535888672,18.06999969482422,248.8800048828125,81.52140808105469
2025-01-16,419.6022644042969,226.8109130859375,133.37081909179688,220.66000366210938,19.670000076293945,102.22189331054688,247.89239501953125,18.290000915527344,250.60000610351562,81.78450775146484
2025-01-17,424.0001220703125,228.51998901367188,137.504638671875,225.94000244140625,21.489999771118164,105.36029815673828,252.65972900390625,18.270000457763672,249.27000427246094,81.92545318603516
2025-01-21,423.476318359375,221.22657775878906,140.61997985839844,230.7100067138672,21.770000457763672,108.97692108154297,256.4326477050781,18.639999389648438,253.1300048828125,82.65835571289062
2025-01-22,440.9688415527344,222.4090118408203,146.85069274902344,235.00999450683594,21.860000610351562,108.82746887207031,256.2474670410156,18.65999984741211,254.42999267578125,82.22611236572266
2025-01-23,441.47283935546875,222.2401123046875,147.00047302246094,235.4199981689453,21.56999969482422,104.45364379882812,259.2794189453125,17.030000686645508,254.07000732421875,81.58718872070312
2025-01-24,438.8538818359375,221.3656768798828,142.40731811523438,234.85000610351562,20.829999923706055,102.80973815917969,258.1972961425781,16.959999084472656,255.64999389648438,81.9536361694336
2025-01-27,429.46527099609375,228.40072631835938,118.24340057373047,235.4199981689453,20.290000915527344,90.77424621582031,259.18194580078125,17.200000762939453,252.99000549316406,82.92143249511719
2025-01-28,441.9571228027344,236.74742126464844,128.7976531982422,238.14999389648438,19.799999237060547,87.92478942871094,260.4396057128906,17.149999618530273,255.17999267578125,82.86505889892578
2025-01-29,437.1441955566406,237.84043884277344,123.5155258178711,237.07000732421875,19.75,88.68199157714844,259.89361572265625,17.329999923706055,254.1999969482422,82.6959228515625
2025-01-30,410.1247253417969,236.08164978027344,124.464111328125,234.63999938964844,20.010000228881836,92.15911865234375,261.50225830078125,16.899999618530273,258.04998779296875,83.00601196289062
2025-01-31,410.1939392089844,234.50177001953125,119.89094543457031,237.67999267578125,19.43000030517578,90.90376281738281,260.5955810546875,16.920000076293945,258.55999755859375,82.46102142333984
2025-02-03,406.10247802734375,226.5625,116.48603820800781,237.4199981689453,19.3799991607666,89.58863067626953,260.11785888671875,16.700000762939453,259.94000244140625,83.1324234008789
2025-02-04,407.5354309082031,231.3220672607422,118.47305297851562,242.05999755859375,19.290000915527344,90.3259048461914,261.2195129394531,16.84000015258789,262.5,83.38701629638672
2025-02-05,408.4447021484375,230.99417114257812,124.64384460449219,236.1699981689453,19.649999618530273,93.25506591796875,263.64703369140625,16.959999084472656,264.1300048828125,84.7637710571289
2025-02-06,410.94500732421875,231.73941040039062,128.4880828857422,238.8300018310547,19.3799991607666,94.19161224365234,269.95477294921875,17.059999465942383,263.42999267578125,84.72604370117188
2025-02-07,404.9461364746094,226.18490600585938,129.64637756347656,229.14999389648438,19.100000381469727,91.95986938476562,268.8823547363281,17.170000076293945,263.8999938964844,84.17911529541016
2025-02-10,407.38720703125,226.45346069335938,133.37081909179688,233.13999938964844,19.770000457763672,95.57648468017578,264.2417907714844,16.6200008392334,268.3699951171875,83.92451477050781
2025-02-11,406.6163635253906,231.39735412597656,132.60195922851562,232.75999450683594,20.969999313354492,93.73330688476562,268.0926818847656,16.40999984741211,267.3900146484375,83.38701629638672
2025-02-12,404.2444763183594,235.625,130.94442749023438,228.92999267578125,22.479999542236328,91.3421401977539,268.5411376953125,16.260000228881836,267.6700134277344,82.2554702758789
2025-02-13,405.7268981933594,240.26052856445312,135.08824157714844,230.3699951171875,24.1299991607666,95.30747985839844,269.3893127441406,15.739999771118164,270.30999755859375,83.6227798461914
2025-02-14,403.6416320800781,243.31439208984375,138.6429443359375,228.67999267578125,23.600000381469727,99.15324401855469,269.6525573730469,15.970000267028809,266.2900085449219,84.06595611572266
2025-02-18,404.8374328613281,243.18507385253906,139.1920928955078,226.64999389648438,27.389999389648438,106.39646911621094,272.9283142089844,16.079999923706055,270.70001220703125,83.07583618164062
2025-02-19,409.90728759765625,243.5829620361328,139.02236938476562,226.6300048828125,25.719999313354492,103.97541046142578,272.245849609375,16.0,270.8500061035156,83.1795654296875
2025-02-20,412.07598876953125,244.53790283203125,139.90106201171875,222.8800048828125,26.09000015258789,102.79976654052734,260.10809326171875,15.859999656677246,270.989990234375,83.49076080322266
2025-02-21,404.23309326171875,244.25938415527344,134.22952270507812,216.5800018310547,24.8700008392334,98.47575378417969,257.6123352050781,15.229999542236328,270.739990234375,84.4997329711914
2025-02-24,400.0641174316406,245.80125427246094,130.08572387695312,212.7100067138672,24.270000457763672,95.05841064453125,254.7850341796875,15.3100004196167,272.2099914550781,84.74488830566406
2025-02-25,394.0235595703125,245.74156188964844,126.44115447998047,212.8000030517578,22.989999771118164,92.87646484375,250.94387817382812,15.130000114440918,268.6199951171875,86.20651245117188
2025-02-26,395.83575439453125,239.09664916992188,131.08421325683594,214.35000610351562,23.520000457763672,97.34992218017578,252.29904174804688,15.180000305175781,269.0299987792969,86.71571350097656
2025-02-27,388.70587158203125,236.05276489257812,119.9708251953125,208.74000549316406,23.09000015258789,91.48162841796875,252.55245971679688,14.529999732971191,264.92999267578125,86.10279083251953
2025-02-28,393.1224060058594,240.5688934326172,124.73370361328125,212.27999877929688,23.729999542236328,93.28495788574219,258.0120544433594,14.350000381469727,263.2699890136719,87.15889739990234
2025-03-03,384.70526123046875,236.77891540527344,113.88990020751953,205.02000427246094,22.739999771118164,90.20635223388672,254.0831298828125,13.869999885559082,266.739990234375,87.565673828125
2025-03-04,384.82403564453125,234.68995666503906,115.81703186035156,203.8000030517578,21.329999923706055,90.8639144897461,243.9732208251953,13.350000381469727,269.05999755859375,86.4873046875
2025-03-05,397.1131591796875,234.50096130371094,117.12507629394531,208.36000061035156,20.809999465942383,93.99234008789062,245.2211151123047,14.09000015258789,269.6199951171875,85.79674530029297
2025-03-06,393.0234069824219,234.09310913085938,110.40511322021484,200.6999969482422,20.75,88.94102478027344,240.3562774658203,13.25,268.25,85.51299285888672
2025-03-07,389.478271484375,237.81344604492188,112.5219497680664,199.25,20.639999389648438,92.61742401123047,236.203125,13.029999732971191,268.3900146484375,85.23865509033203
2025-03-10,376.4563903808594,226.2843475341797,106.8204574584961,194.5399932861328,19.93000030517578,86.75910186767578,226.39544677734375,12.5,266.0400085449219,86.12786102294922
2025-03-11,376.74359130859375,219.67926025390625,108.59780883789062,196.58999633789062,19.780000686645508,88.72184753417969,223.3927001953125,11.460000038146973,269.1600036621094,85.51299285888672
2025-03-12,379.53607177734375,215.83956909179688,115.5780258178711,198.88999938964844,20.68000030517578,95.28755187988281,222.18380737304688,10.930000305175781,270.3299865722656,85.00216674804688
2025-03-13,375.0799255371094,208.5779266357422,115.41825103759766,193.88999938964844,23.700000762939453,94.53035736083984,219.54177856445312,10.670000076293945,275.1300048828125,85.74948120117188
2025-03-14,384.7745666503906,212.36790466308594,121.49972534179688,197.9499969482422,24.049999237060547,100.41857147216797,226.60992431640625,10.869999885559082,275.239990234375,85.29541778564453
2025-03-17,384.9131774902344,212.87521362304688,119.36271667480469,195.74000549316406,25.690000534057617,102.73003387451172,228.0625457763672,11.319999694824219,276.7300109863281,85.7210922241211
2025-03-18,379.7836608886719,211.5720977783203,115.26846313476562,192.82000732421875,25.920000076293945,101.34514617919922,229.07647705078125,11.069999694824219,279.9599914550781,85.80622100830078
2025-03-19,384.0417785644531,214.10870361328125,117.35552978515625,195.5399932861328,24.1200008392334,101.68389892578125,233.1126251220703,11.479999542236328,281.1099853515625,86.25080871582031
2025-03-20,383.07135009765625,212.97471618652344,118.36412048339844,194.9499969482422,23.959999084472656,102.62042999267578,233.01513671875,11.260000228881836,280.75,86.30757904052734
2025-03-21,387.4482421875,217.12277221679688,117.5352783203125,196.2100067138672,24.260000228881836,94.37094116210938,235.56942749023438,11.390000343322754,278.489990234375,85.79674530029297
2025-03-24,389.2505187988281,219.56983947753906,121.24009704589844,203.25999450683594,24.219999313354492,96.58277130126953,241.83816528320312,11.829999923706055,277.25,84.91703796386719
2025-03-25,391.31024169921875,222.57395935058594,120.5210952758789,205.7100067138672,24.200000762939453,93.83293151855469,244.83114624023438,11.510000228881836,278.4700012207031,84.90758514404297
2025-03-26,386.1708068847656,220.3656463623047,113.60079956054688,201.1300048828125,23.420000076293945,91.79049682617188,244.73365783691406,11.4399995803833,278.239990234375,84.34945678710938
2025-03-27,386.77490234375,222.67344665527344,111.27405548095703,201.36000061035156,23.6200008392334,90.82406616210938,241.89663696289062,11.140000343322754,281.9700012207031,84.10353088378906
2025-03-28,375.1096496582031,216.75469970703125,109.51651763916016,192.72000122070312,22.709999084472656,88.11408996582031,236.7588348388672,10.699999809265137,284.05999755859375,85.26702880859375
2025-03-31,371.73284912109375,220.9624786376953,108.22832489013672,190.25999450683594,22.709999084472656,86.68251037597656,239.1473846435547,10.550000190734863,288.1400146484375,86.1089096069336
2025-04-01,378.4666442871094,222.0169219970703,109.99585723876953,192.1699981689453,22.049999237060547,88.4981689453125,237.5485076904297,10.300000190734863,287.57000732421875,86.85509490966797
2025-04-02,378.4171142578125,222.71322631835938,110.26546478271484,196.00999450683594,21.979999542236328,88.388427734375,239.6543426513672,10.59000015258789,288.1600036621094,86.79814910888672
2025-04-03,369.47509765625,202.1220245361328,101.65754699707031,178.41000366210938,22.43000030517578,74.16248321533203,222.9539794921875,9.510000228881836,286.4200134277344,87.19686126708984
2025-04-04,356.3343505859375,187.38987731933594,94.17802429199219,171.0,19.850000381469727,64.5654525756836,206.2685089111328,9.460000038146973,279.7200012207031,88.14619445800781
2025-04-07,354.3736267089844,180.50625610351562,97.50334930419922,175.25999450683594,19.56999969482422,68.20673370361328,210.34913635253906,9.710000038146973,273.7099914550781,85.48805236816406
2025-04-08,351.1058044433594,171.5137481689453,96.16523742675781,170.66000366210938,18.1299991607666,65.38349914550781,212.73275756835938,9.069999694824219,275.20001220703125,83.87416076660156
2025-04-09,386.68572998046875,197.8048553466797,114.17000579833984,191.10000610351562,21.530000686645508,77.68405151367188,229.86949157714844,11.119999885559082,285.3800048828125,84.36784362792969
2025-04-10,377.63482666015625,189.4191436767578,107.4194564819336,181.22000122070312,19.8799991607666,69.88272857666016,222.7774200439453,9.510000228881836,292.3500061035156,82.04195404052734
2025-04-11,384.6656494140625,197.10850524902344,110.77476501464844,184.8699951171875,19.739999771118164,69.38392639160156,231.6940155029297,9.670000076293945,297.92999267578125,82.4881362915039
2025-04-14,384.0318908691406,201.45556640625,110.55506896972656,182.1199951171875,20.309999465942383,70.85040283203125,230.2422332763672,9.579999923706055,296.2300109863281,83.07672882080078
2025-04-15,381.9721374511719,201.07754516601562,112.04297637939453,179.58999633789062,19.850000381469727,70.870361328125,228.68260192871094,9.850000381469727,297.7799987792969,83.37103271484375
2025-04-16,367.98968505859375,193.24891662597656,104.34376525878906,174.3300018310547,19.229999542236328,69.16444396972656,225.229736328125,9.420000076293945,307.4700012207031,83.8362045288086
2025-04-17,364.19696044921875,195.9446563720703,101.34796142578125,172.61000061035156,18.93000030517578,68.63570404052734,227.534912109375,9.460000038146973,306.1199951171875,83.09571075439453
2025-04-21,355.6213684082031,192.14476013183594,96.77438354492188,167.32000732421875,18.84000015258789,66.58062744140625,224.62155151367188,9.069999694824219,315.5899963378906,81.64322662353516
2025-04-22,363.2463684082031,198.69017028808594,98.75160217285156,173.17999267578125,19.510000228881836,70.04235076904297,231.0956573486328,9.3100004196167,311.1099853515625,82.09892272949219
2025-04-23,370.7426452636719,203.52464294433594,102.56625366210938,180.60000610351562,20.59000015258789,72.75584411621094,236.28472900390625,9.319999694824219,303.6499938964844,82.89635467529297
2025-04-24,383.5267639160156,207.27481079101562,106.28105163574219,186.5399932861328,21.489999771118164,77.23512268066406,239.97299194335938,9.609999656677246,308.07000732421875,83.76974487304688
2025-04-25,388.03253173828125,208.18002319335938,110.85465240478516,188.99000549316406,20.049999237060547,79.58948516845703,238.90380859375,9.75,304.7300109863281,84.38682556152344
2025-04-28,387.3492126464844,209.03549194335938,108.57784271240234,187.6999969482422,20.510000228881836,78.37240600585938,238.580078125,9.850000381469727,309.07000732421875,84.91844940185547
2025-04-29,390.201171875,210.0998992919922,108.86742401123047,187.38999938964844,20.34000015258789,76.69641876220703,239.95338439941406,9.899999618530273,306.05999755859375,85.63046264648438
2025-04-30,391.4093017578125,211.3831024169922,108.76756286621094,184.4199981689453,20.100000381469727,76.76624298095703,239.95338439941406,9.949999809265137,303.7699890136719,84.93743896484375
2025-05-01,421.2556457519531,212.19879150390625,111.45380401611328,190.1999969482422,19.979999542236328,77.58428955078125,242.18008422851562,10.029999732971191,297.4599914550781,84.50676727294922
2025-05-02,431.03936767578125,204.27069091796875,114.33976745605469,189.97999572753906,20.6200008392334,80.52725219726562,247.69285583496094,10.520000457763672,297.9800109863281,83.59204864501953
2025-05-05,431.9207458496094,197.84461975097656,113.66071319580078,186.35000610351562,20.270000457763672,80.22796630859375,247.74192810058594,10.65999984741211,306.8800048828125,83.12515258789062
2025-05-06,429.0885925292969,197.4666290283203,113.38111114501953,185.00999450683594,19.940000534057617,80.31775665283203,244.49505615234375,10.430000305175781,315.4800109863281,83.40145874023438
2025-05-07,429.1282043457031,195.21849060058594,116.89617919921875,188.7100067138672,20.309999465942383,82.42272186279297,244.63238525390625,10.5600004196167,310.75,83.75402069091797
2025-05-08,433.9012451171875,196.45199584960938,117.20575714111328,192.0800018310547,21.0,84.94667053222656,248.63453674316406,11.029999732971191,304.6300048828125,82.82025146484375
2025-05-09,434.455810546875,197.4865264892578,116.48676300048828,193.05999755859375,21.420000076293945,85.65496826171875,248.25198364257812,11.109999656677246,306.8399963378906,82.9441146850586
2025-05-12,444.8832092285156,209.95703125,122.82787322998047,208.63999938964844,22.18000030517578,92.06961822509766,255.08901977539062,11.670000076293945,298.19000244140625,82.17230987548828
2025-05-13,444.7643737792969,212.0885772705078,129.74815368652344,211.3699951171875,22.559999465942383,96.69853973388672,257.9925537109375,12.300000190734863,299.4599914550781,81.83881378173828
2025-05-14,448.5273132324219,211.490966796875,135.15060424804688,210.25,21.520000457763672,95.09239196777344,260.5724182128906,11.84000015258789,293.1600036621094,81.29571533203125
2025-05-15,449.5392761230469,210.61444091796875,134.64129638671875,205.1699981689453,21.549999237060547,95.22207641601562,262.3870849609375,11.760000228881836,297.8399963378906,82.01032257080078
2025-05-16,450.67022705078125,210.42520141601562,135.21051025390625,205.58999633789062,21.65999984741211,97.76598358154297,262.45574951171875,11.859999656677246,294.239990234375,82.2294921875
2025-05-19,455.2337646484375,207.9550018310547,135.3802947998047,206.16000366210938,21.3799991607666,98.41443634033203,259.826904296875,11.859999656677246,298.0299987792969,81.99128723144531
2025-05-20,454.53936767578125,206.04258728027344,134.1919403076172,204.07000732421875,21.270000457763672,97.8657455444336,260.6116027832031,11.649999618530273,303.5799865722656,81.4005126953125
2025-05-21,448.9837341308594,201.2914276123047,131.61557006835938,201.1199951171875,20.690000534057617,95.61113739013672,256.06011962890625,11.239999771118164,305.82000732421875,80.00938415527344
2025-05-22,451.2555847167969,200.56431579589844,132.6441192626953,203.10000610351562,20.549999237060547,94.60356140136719,255.69720458984375,11.399999618530273,303.1099853515625,80.42863464355469
2025-05-23,446.6126403808594,194.4983673095703,131.1062469482422,200.99000549316406,20.049999237060547,93.14704132080078,255.73643493652344,11.1899995803833,309.75,80.56202697753906
2025-05-27,457.03936767578125,199.41885375976562,135.31036376953125,206.02000427246094,20.549999237060547,96.14984893798828,260.22906494140625,11.640000343322754,304.5,81.68638610839844
2025-05-28,453.7357482910156,199.62803649902344,134.62132263183594,204.72000122070312,20.3700008392334,95.95032501220703,258.46337890625,11.430000305175781,303.80999755859375,81.33382415771484
2025-05-29,455.0453186035156,199.15988159179688,138.99520874023438,205.6999969482422,20.25,96.56884002685547,259.32659912109375,11.399999618530273,305.6099853515625,82.08656311035156
2025-05-30,456.7119445800781,200.05633544921875,134.94090270996094,205.00999450683594,19.549999237060547,94.23443603515625,258.9636535644531,11.40999984741211,303.6000061035156,82.2104263305664
2025-06-02,458.3092346191406,200.90298461914062,137.187744140625,206.64999389648438,19.739999771118164,97.94554901123047,259.611083984375,11.380000114440918,311.6700134277344,81.4453353881836
2025-06-03,459.3013000488281,202.46676635742188,141.02236938476562,205.7100067138672,20.290000915527344,102.0058364868164,261.1903381347656,11.470000267028809,308.9100036621094,81.3018798828125
2025-06-04,460.19415283203125,202.01856994628906,141.7213897705078,207.22999572753906,20.25,103.00344848632812,259.1794738769531,11.420000076293945,310.8999938964844,82.62167358398438
2025-06-05,463.9739685058594,199.8372039794922,139.79409790039062,207.91000366210938,19.989999771118164,106.03618621826172,256.95281982421875,11.270000457763672,309.3299865722656,82.6790542602539
2025-06-06,466.6526184082031,203.11419677734375,141.5216827392578,213.57000732421875,20.059999465942383,108.30076599121094,260.6606750488281,11.779999732971191,305.17999267578125,81.62704467773438
2025-06-09,469.0038146972656,200.65394592285156,142.43040466308594,216.97999572753906,20.479999542236328,110.68505859375,261.6513977050781,11.760000228881836,306.6199951171875,81.71311950683594
2025-06-10,467.1883544921875,201.869140625,143.758544921875,217.61000061035156,22.079999923706055,113.86743927001953,263.4759216308594,11.84000015258789,306.7099914550781,82.1339111328125
2025-06-11,468.87481689453125,197.99452209472656,142.64002990722656,213.1999969482422,20.68000030517578,115.7529296875,263.03448486328125,11.0600004196167,308.3699951171875,82.382568359375
2025-06-12,475.0752868652344,198.412841796875,144.80714416503906,213.24000549316406,20.770000457763672,115.90257263183594,263.12274169921875,10.899999618530273,312.20001220703125,83.36764526367188
2025-06-13,471.1962585449219,195.67372131347656,141.7811737060547,212.10000610351562,20.139999389648438,115.3239517211914,259.89556884765625,10.369999885559082,316.2900085449219,82.56430053710938
2025-06-16,475.3431701660156,197.63592529296875,144.49754333496094,216.10000610351562,20.739999771118164,119.5538330078125,265.2023010253906,10.899999618530273,311.7799987792969,81.73224639892578
2025-06-17,474.25189208984375,194.86692810058594,143.9282989501953,214.82000732421875,20.799999237060547,120.0526351928711,264.37835693359375,10.5600004196167,311.94000244140625,82.72686767578125
2025-06-18,476.4344482421875,195.80320739746094,145.2864990234375,212.52000427246094,21.489999771118164,121.52910614013672,268.7336730957031,10.579999923706055,310.260009765625,82.87034606933594
2025-06-20,473.6169738769531,200.20574951171875,143.65866088867188,209.69000244140625,21.079999923706055,123.30484771728516,269.7538146972656,10.619999885559082,310.1300048828125,82.71730041503906
2025-06-23,482.1488037109375,200.70376586914062,143.97824096679688,208.47000122070312,21.190000534057617,121.78848266601562,272.96142578125,10.899999618530273,311.0799865722656,82.98509216308594
2025-06-24,486.2262268066406,199.50851440429688,147.70326232910156,212.77000427246094,22.549999237060547,127.60456085205078,275.8944091796875,11.369999885559082,306.19000244140625,83.58761596679688
2025-06-25,488.369140625,200.76351928710938,154.104736328125,211.99000549316406,22.200000762939453,126.9461441040039,278.6409912109375,11.0600004196167,307.1199951171875,83.69280242919922
2025-06-26,493.5080871582031,200.20574951171875,154.81381225585938,217.1199951171875,22.5,125.6991195678711,283.24151611328125,11.130000114440918,306.7799987792969,84.1136245727539
2025-06-27,492.0100402832031,200.28543090820312,157.54017639160156,223.3000030517578,22.690000534057617,124.46208953857422,281.6327819824219,11.279999732971191,301.2200012207031,83.57805633544922
2025-06-30,493.4684143066406,204.3592529296875,157.77984619140625,219.38999938964844,22.399999618530273,122.9556884765625,284.3793640136719,11.220000267028809,304.8299865722656,84.4005355834961
2025-07-01,488.15081787109375,206.99879455566406,153.09608459472656,220.4600067138672,22.850000381469727,120.601318359375,284.8698425292969,11.520000457763672,307.54998779296875,84.60980224609375
2025-07-02,487.198486328125,211.6005401611328,157.0408477783203,219.9199981689453,21.8799991607666,121.44929504394531,286.4295349121094,11.630000114440918,309.25,84.07225036621094
2025-07-03,494.8870849609375,212.70616149902344,159.1280517578125,223.41000366210938,22.489999771118164,121.99797821044922,291.75201416015625,11.6899995803833,307.1400146484375,83.48666381835938
2025-07-07,493.77593994140625,209.12039184570312,158.02951049804688,223.47000122070312,22.0,119.74624633789062,287.77984619140625,11.59000015258789,307.3699951171875,82.68989562988281
2025-07-08,492.68463134765625,209.1801300048828,159.78717041015625,219.36000061035156,23.59000015258789,124.2397232055664,278.72174072265625,11.579999923706055,304.1600036621094,82.58432006835938
2025-07-09,499.5200500488281,210.3056640625,162.66334533691406,222.5399932861328,23.440000534057617,122.0628890991211,279.0962829589844,11.479999542236328,305.5199890136719,83.44827270507812
2025-07-10,497.5061340332031,211.57066345214844,163.88172912597656,222.25999450683594,23.81999969482422,122.93162536621094,284.05413818359375,12.9399995803833,306.20001220703125,83.50586700439453
2025-07-11,499.33154296875,210.3256072998047,164.7006378173828,225.02000427246094,23.43000030517578,124.34957122802734,282.7431640625,12.220000267028809,309.1400146484375,82.35391998291016
2025-07-14,499.033935546875,207.79562377929688,163.85177612304688,225.69000244140625,23.299999237060547,118.43814086914062,284.55682373046875,12.380000114440918,308.010009765625,82.18115234375
2025-07-15,501.811767578125,208.28370666503906,170.4729461669922,226.35000610351562,22.920000076293945,119.93597412109375,282.4376525878906,12.170000076293945,306.7300109863281,81.60518646240234
2025-07-16,501.61334228515625,209.3295440673828,171.14205932617188,223.19000244140625,22.690000534057617,116.26129913330078,281.7181396484375,12.270000457763672,308.260009765625,81.7203598022461
2025-07-17,507.6451721191406,209.19009399414062,172.76988220214844,223.8800048828125,22.799999237060547,113.09590148925781,285.73956298828125,12.449999809265137,307.5899963378906,81.701171875
2025-07-18,506.0082092285156,210.3455047607422,172.18067932128906,226.1300048828125,23.100000381469727,114.22425842285156,287.08990478515625,12.510000228881836,308.3900146484375,81.82595825195312
2025-07-21,506.0181579589844,211.64036560058594,171.15203857421875,229.3000030517578,23.260000228881836,113.0659408569336,286.7942199707031,12.319999694824219,313.1300048828125,82.5555191040039
2025-07-22,501.2660827636719,213.5527801513672,166.8078155517578,227.47000122070312,23.239999771118164,109.06175231933594,287.2475891113281,12.5,316.1000061035156,83.0546875
2025-07-23,501.861328125,213.3037872314453,170.5528564453125,228.2899932861328,23.489999771118164,109.6708755493164,292.5011291503906,12.680000305175781,312.17999267578125,82.59391021728516
2025-07-24,506.8316650390625,212.91531372070312,173.50892639160156,232.22999572753906,22.6299991607666,111.568115234375,292.2940979003906,11.460000038146973,310.2699890136719,82.44992065429688
2025-07-25,509.6392822265625,213.03485107421875,173.26922607421875,231.44000244140625,20.700000762939453,111.09880065917969,294.33441162109375,11.5,307.3999938964844,82.96829223632812
2025-07-28,508.4388122558594,213.2041778564453,176.51490783691406,232.7899932861328,20.68000030517578,111.08881378173828,293.9992980957031,11.579999923706055,305.4100036621094,82.43072509765625
2025-07-29,508.5082702636719,210.43516540527344,175.2765350341797,231.00999450683594,20.40999984741211,111.79777526855469,292.7771301269531,11.420000076293945,306.25,83.82264709472656
2025-07-30,509.1729431152344,208.2239227294922,179.03155517578125,230.19000244140625,20.34000015258789,114.57374572753906,295.3299255371094,11.510000228881836,300.9599914550781,83.39067840576172
2025-07-31,529.2723999023438,206.74978637695312,177.63340759277344,234.11000061035156,19.799999237060547,108.98185729980469,291.9885559082031,11.489999771118164,302.9599914550781,83.43867492675781
2025-08-01,519.956787109375,201.58030700683594,173.4889373779297,214.75,19.309999465942383,104.72804260253906,285.2171936035156,11.029999732971191,309.1099853515625,84.62489318847656
2025-08-04,531.3954467773438,202.54644775390625,179.7605743408203,211.64999389648438,19.5,107.61385345458984,290.0369873046875,11.270000457763672,310.9100036621094,84.85614776611328
2025-08-05,523.5679321289062,202.11814880371094,178.02288818359375,213.75,20.190000534057617,108.9019775390625,287.1884460449219,11.640000343322754,311.1600036621094,85.11632537841797
2025-08-06,520.7802734375,212.4073486328125,179.1813507080078,222.30999755859375,20.40999984741211,108.62238311767578,287.16876220703125,11.739999771118164,310.5,84.62489318847656
2025-08-07,516.7127075195312,219.16053771972656,180.52957153320312,223.1300048828125,19.770000457763672,111.70791625976562,282.8220520019531,11.729999542236328,313.1199951171875,84.48033142089844
2025-08-08,517.9032592773438,228.44374084472656,182.4569854736328,222.69000244140625,19.950000762939453,118.71773529052734,284.6159362792969,11.619999885559082,313.04998779296875,84.11416625976562
2025-08-11,517.6353759765625,226.53909301757812,181.81784057617188,221.3000030517578,20.649999618530273,123.54074096679688,285.4044189453125,11.579999923706055,308.54998779296875,84.21053314208984
2025-08-12,525.046142578125,229.0021209716797,182.9163818359375,221.47000122070312,21.809999465942383,127.56490325927734,288.6472473144531,12.979999542236328,308.2699890136719,83.78653717041016
2025-08-13,516.4547729492188,232.6717529296875,181.3484649658203,224.55999755859375,22.219999313354492,124.08993530273438,286.36053466796875,13.109999656677246,309.2099914550781,84.48033142089844
2025-08-14,518.3396606445312,232.12330627441406,181.77789306640625,230.97999572753906,23.860000610351562,125.10846710205078,289.93841552734375,12.819999694824219,307.25,83.8539810180664
2025-08-15,516.0480346679688,230.93667602539062,180.20997619628906,231.02999877929688,24.559999465942383,120.69486999511719,286.32110595703125,13.170000076293945,307.42999267578125,83.25654602050781
2025-08-18,513.0023193359375,230.23863220214844,181.7678985595703,231.49000549316406,23.65999984741211,123.3709945678711,287.34619140625,13.170000076293945,306.95001220703125,83.0156478881836
2025-08-19,505.7304382324219,229.90957641601562,175.40638732910156,228.00999450683594,25.309999465942383,121.87316131591797,286.4886779785156,13.220000267028809,305.2699890136719,83.4974594116211
2025-08-20,501.7125549316406,225.3723907470703,175.1667022705078,223.80999755859375,23.540000915527344,117.04016876220703,288.0459899902344,12.800000190734863,308.3599853515625,83.68053436279297
2025-08-21,501.06658935546875,224.26551818847656,174.7472381591797,221.9499969482422,23.5,115.62223052978516,287.28704833984375,12.569999694824219,307.2900085449219,83.26618957519531
2025-08-22,504.037841796875,227.11746215820312,177.7532501220703,228.83999633789062,24.799999237060547,117.5094985961914,291.9885559082031,13.550000190734863,310.5799865722656,83.88289642333984
2025-08-25,501.0865173339844,226.5191650390625,179.57083129882812,227.94000244140625,24.549999237060547,116.2513198852539,290.6678161621094,13.0,309.8299865722656,83.6419906616211
2025-08-26,498.8804931640625,228.6630859375,181.52822875976562,228.7100067138672,24.350000381469727,116.33120727539062,294.28515625,13.149999618530273,312.0799865722656,83.59380340576172
2025-08-27,503.5508728027344,229.8397674560547,181.35845947265625,229.1199951171875,24.850000381469727,117.57939910888672,294.9849548339844,13.130000114440918,312.7099914550781,83.4974594116211
2025-08-28,506.4326477050781,231.90391540527344,179.9303436279297,231.60000610351562,24.93000030517578,121.82323455810547,296.7492980957031,13.25,315.0299987792969,84.04671478271484
2025-08-29,503.501220703125,231.485107421875,173.94830322265625,229.0,24.350000381469727,118.83757019042969,297.09423828125,13.369999885559082,318.07000732421875,83.44924926757812
2025-09-02,501.9410705566406,229.07192993164062,170.5528564453125,225.33999633789062,24.209999084472656,118.30834197998047,295.39892578125,13.390000343322754,325.5899963378906,82.82825469970703
2025-09-03,502.1696472167969,237.7972412109375,170.39305114746094,225.99000549316406,24.0,118.54798126220703,295.211669921875,13.4399995803833,328.1400146484375,83.73751068115234
2025-09-04,504.7731628417969,239.10354614257812,171.43167114257812,235.67999267578125,24.610000610351562,124.030029296875,299.4598083496094,12.859999656677246,326.69000244140625,84.37593078613281
2025-09-05,491.8847961425781,239.01380920410156,166.7978515625,232.3300018310547,24.489999771118164,131.1796417236328,290.1552734375,13.079999923706055,331.04998779296875,85.66240692138672
2025-09-08,495.06463623046875,237.20892333984375,168.0861358642578,235.83999633789062,24.479999542236328,131.26954650878906,288.70635986328125,12.949999809265137,334.82000732421875,86.80379486083984
2025-09-09,495.2733459472656,233.6888885498047,170.53286743164062,238.24000549316406,24.440000534057617,135.0440673828125,293.5754699707031,12.760000228881836,334.05999755859375,86.31049346923828
2025-09-10,497.2209777832031,226.1501922607422,177.09413146972656,230.3300018310547,24.770000457763672,139.7971649169922,296.22686767578125,12.819999694824219,335.260009765625,86.80379486083984
2025-09-11,497.8569641113281,229.3810577392578,176.94430541992188,229.9499969482422,24.610000610351562,150.35183715820312,301.1748352050781,12.949999809265137,334.760009765625,87.3841781616211
2025-09-12,506.6910095214844,233.40966796875,177.593505859375,228.14999389648438,24.079999923706055,157.00218200683594,302.5054626464844,12.90999984741211,335.4200134277344,87.0069351196289
2025-09-15,512.1166381835938,236.03224182128906,177.52357482910156,231.42999267578125,24.770000457763672,157.54141235351562,304.4668884277344,12.529999732971191,338.9100036621094,87.2100601196289
2025-09-16,505.83642578125,237.4781494140625,174.65724182128906,234.0500030517578,25.270000457763672,158.5898895263672,304.75274658203125,12.40999984741211,339.5899963378906,87.39383697509766
2025-09-17,506.81024169921875,238.3157958984375,170.0730743408203,231.6199951171875,24.899999618530273,159.75819396972656,307.2760009765625,12.479999542236328,336.9700012207031,87.17138671875
2025-09-18,505.2501525878906,237.20892333984375,176.01551818847656,231.22999572753906,30.56999969482422,168.64529418945312,308.7347717285156,12.579999923706055,335.6199951171875,86.27180480957031
2025-09-19,514.67041015625,244.80740356445312,176.4449462890625,231.47999572753906,29.579999923706055,162.4942169189453,310.26251220703125,12.449999809265137,339.17999267578125,86.10735321044922
2025-09-22,511.21234130859375,255.35755920410156,183.37612915039062,227.6300048828125,28.760000228881836,164.38148498535156,307.9560852050781,12.329999923706055,345.04998779296875,85.79782104492188
2025-09-23,506.0252685546875,253.7122344970703,178.2027130126953,220.7100067138672,29.34000015258789,166.16888427734375,308.25177001953125,12.1899995803833,346.4599914550781,86.39753723144531
2025-09-24,506.9394226074219,251.59820556640625,176.74456787109375,220.2100067138672,31.219999313354492,161.4757080078125,308.92205810546875,11.9399995803833,343.32000732421875,86.06867218017578
2025-09-25,503.8390808105469,256.1453552246094,177.4636688232422,218.14999389648438,33.9900016784668,156.602783203125,308.9516296386719,11.390000343322754,344.75,86.06867218017578
2025-09-26,508.2411804199219,254.73931884765625,177.96302795410156,219.77999877929688,35.5,157.04214477539062,311.5241394042969,11.3100004196167,346.739990234375,85.99127960205078
2025-09-29,511.36138916015625,253.7122344970703,181.6183624267578,222.1699981689453,34.47999954223633,163.66250610351562,311.1594543457031,11.380000114440918,352.4599914550781,86.6973876953125
2025-09-30,514.6903686523438,253.9116668701172,186.3423309326172,219.57000732421875,33.54999923706055,167.07757568359375,310.9031677246094,11.239999771118164,355.4700012207031,86.44590759277344
2025-10-01,516.4393310546875,254.72933959960938,187.0015106201172,220.6300048828125,35.939998626708984,181.8860626220703,306.2508850097656,11.270000457763672,356.0299987792969,86.66915893554688
2025-10-02,512.4942626953125,256.40460205078125,188.64939880371094,222.41000366210938,37.29999923706055,183.4837646484375,303.1362609863281,11.430000305175781,354.7900085449219,86.92152404785156
2025-10-03,514.0940551757812,257.2920837402344,187.38099670410156,219.50999450683594,36.83000183105469,187.67530822753906,305.5806579589844,11.579999923706055,357.6400146484375,86.75651550292969
2025-10-06,525.2435302734375,255.96585083007812,185.3036651611328,220.89999389648438,36.59000015258789,190.802734375,306.2244567871094,11.829999923706055,364.3800048828125,86.06733703613281
2025-10-07,520.682373046875,255.7564697265625,184.80429077148438,221.77999877929688,37.16999816894531,185.53707885742188,304.7486877441406,11.65999984741211,366.260009765625,86.56238555908203
2025-10-08,521.546875,257.33197021484375,188.86911010742188,225.22000122070312,37.43000030517578,196.3781280517578,301.1236877441406,11.8100004196167,372.29998779296875,86.63033294677734
2025-10-09,519.1123657226562,253.32330322265625,192.32470703125,227.74000549316406,37.79999923706055,192.17160034179688,302.6093444824219,11.619999885559082,365.42999267578125,86.56238555908203
2025-10-10,507.74432373046875,244.57806396484375,182.92669677734375,216.3699951171875,36.369998931884766,181.450439453125,298.01373291015625,11.520000457763672,369.1199951171875,87.96012878417969
2025-10-13,510.81488037109375,246.96131896972656,188.08013916015625,220.07000732421875,37.220001220703125,192.61123657226562,305.0260314941406,11.739999771118164,378.0899963378906,87.91157531738281
2025-10-14,510.337890625,247.07101440429688,179.80067443847656,216.38999938964844,35.630001068115234,186.9059295654297,299.19232177734375,12.1899995803833,380.7900085449219,88.19307708740234
2025-10-15,510.1987609863281,248.63658142089844,179.60093688964844,215.57000732421875,37.150001525878906,191.78192138671875,302.767822265625,12.5,387.3900146484375,87.99895477294922
2025-10-16,508.3902282714844,246.75192260742188,181.57839965820312,214.47000122070312,36.84000015258789,202.3632049560547,295.6861572265625,11.890000343322754,396.45001220703125,88.65898895263672
2025-10-17,510.347900390625,251.57826232910156,182.9866180419922,213.0399932861328,37.0099983215332,202.2133331298828,294.7155456542969,11.859999656677246,388.989990234375,88.52308654785156
2025-10-20,513.53759765625,261.5001525878906,182.4073486328125,216.47999572753906,38.099998474121094,206.59971618652344,299.4696350097656,12.170000076293945,403.1499938964844,88.86283111572266
2025-10-21,514.4021606445312,262.0286865234375,180.9292449951172,222.02999877929688,38.119998931884766,202.12338256835938,294.2500305175781,12.350000381469727,377.239990234375,89.29961395263672
2025-10-22,517.2640380859375,257.72088623046875,180.05035400390625,217.9499969482422,36.91999816894531,198.30654907226562,291.2984924316406,12.09000015258789,377.2799987792969,89.35785675048828
2025-10-23,517.283935546875,258.84771728515625,181.92796325683594,221.08999633789062,38.15999984741211,206.53976440429688,291.72442626953125,12.770000457763672,378.7900085449219,88.74634552001953
2025-10-24,520.314697265625,262.07855224609375,186.02273559570312,224.2100067138672,38.279998779296875,218.83963012695312,297.5680236816406,13.779999732971191,377.5199890136719,88.78516387939453
2025-10-27,528.1749877929688,268.0516357421875,191.24609375,226.97000122070312,39.540000915527344,219.91873168945312,301.2425231933594,13.40999984741211,367.010009765625,89.08606719970703
2025-10-28,538.6585693359375,268.2410888671875,200.77392578125,229.25,41.529998779296875,221.7272491455078,302.4409484863281,12.710000038146973,364.3800048828125,89.31901550292969
2025-10-29,538.141845703125,268.93914794921875,206.77627563476562,230.3000030517578,41.34000015258789,226.443359375,302.58953857421875,12.970000267028809,363.0,88.41632080078125
2025-10-30,522.451171875,270.63433837890625,202.63156127929688,222.86000061035156,40.15999984741211,223.8255157470703,306.48199462890625,12.779999732971191,370.1300048828125,87.9018783569336
2025-10-31,514.5512084960938,269.60723876953125,202.23207092285156,244.22000122070312,39.9900016784668,223.58570861816406,308.1459045410156,13.130000114440918,368.1199951171875,87.6397933959961
2025-11-03,513.776123046875,268.2909851074219,206.61648559570312,254.0,39.5,234.5067138671875,306.3928527832031,13.34000015258789,368.7799987792969,87.42062377929688
2025-11-04,511.0931701660156,269.2781982421875,198.43690490722656,249.32000732421875,37.029998779296875,217.85043334960938,306.2937927246094,12.649999618530273,362.32000732421875,87.61544799804688
2025-11-05,503.9682312011719,269.3778991699219,194.9613494873047,250.1999969482422,38.380001068115234,237.30441284179688,308.7005615234375,13.420000076293945,366.510009765625,86.66078186035156
2025-11-06,493.9715576171875,269.0089416503906,187.84043884277344,243.0399932861328,37.2400016784668,238.13372802734375,310.4239501953125,13.149999618530273,366.07000732421875,87.44010162353516
2025-11-07,493.6933288574219,267.7126159667969,187.91030883789062,244.41000366210938,38.130001068115234,237.7240447998047,311.20635986328125,13.649999618530273,368.30999755859375,87.25501251220703
2025-11-10,502.8155212402344,268.9303283691406,198.7964630126953,248.39999389648438,38.45000076293945,253.0913848876953,313.8607482910156,13.3100004196167,378.3800048828125,87.23553466796875
2025-11-11,505.4786682128906,274.73956298828125,192.91395568847656,249.10000610351562,37.880001068115234,240.9114227294922,312.6028747558594,12.989999771118164,379.8699951171875,87.63493347167969
2025-11-12,507.9232177734375,272.962890625,193.55313110351562,244.1999969482422,37.88999938964844,244.69830322265625,317.34710693359375,13.460000038146973,385.989990234375,87.79081726074219
2025-11-13,500.1225891113281,272.4438171386719,186.62197875976562,237.5800018310547,35.90999984741211,236.75485229492188,306.5216064453125,13.069999694824219,382.8699951171875,87.06991577148438
2025-11-14,506.96923828125,271.90484619140625,189.92774963378906,234.69000244140625,35.52000045776367,246.62672424316406,300.7076721191406,12.760000228881836,375.9599914550781,86.57310485839844
2025-11-17,504.296142578125,266.9639892578125,186.36231994628906,232.8699951171875,34.709999084472656,241.750732421875,297.4986572265625,12.34000015258789,371.6499938964844,86.78741455078125
2025-11-18,490.6824035644531,266.94403076171875,181.12899780273438,222.5500030517578,34.33000183105469,228.3118133544922,296.5478515625,12.359999656677246,374.3500061035156,86.75819396972656
2025-11-19,484.0543518066406,268.0619812011719,186.28240966796875,222.69000244140625,35.11000061035156,225.7339324951172,300.3709411621094,12.329999923706055,374.9599914550781,86.58283996582031
2025-11-20,476.3088684082031,265.7562561035156,180.40989685058594,217.13999938964844,33.619998931884766,201.20416259765625,295.5277099609375,12.239999771118164,374.8500061035156,86.9238052368164
2025-11-21,470.0268249511719,270.98651123046875,178.6521453857422,220.69000244140625,34.5,207.19921875,295.171142578125,12.869999885559082,374.2699890136719,87.18682098388672
2025-11-24,471.8985290527344,275.4083557128906,182.31747436523438,226.27999877929688,35.790000915527344,223.74557495117188,295.1513366699219,13.100000381469727,380.20001220703125,87.68363952636719
2025-11-25,474.8752136230469,276.45635986328125,177.593505859375,229.6699981689453,35.83000183105469,224.3450927734375,300.103515625,13.460000038146973,380.0799865722656,87.9076919555664
2025-11-26,483.3475036621094,277.0353088378906,180.03036499023438,229.16000366210938,36.810001373291016,230.0703582763672,304.6991882324219,13.930000305175781,383.1199951171875,88.29735565185547
2025-11-28,489.82867431640625,278.3328857421875,176.7745361328125,233.22000122070312,40.560001373291016,236.28524780273438,310.087158203125,14.050000190734863,387.8800048828125,87.87847137451172
2025-12-01,484.5820007324219,282.57501220703125,179.69081115722656,233.8800048828125,40.0099983215332,240.261962890625,305.9669494628906,13.960000038146973,389.75,86.78450012207031
2025-12-02,487.82757568359375,285.6592712402344,181.22886657714844,234.4199981689453,43.470001220703125,239.2927703857422,304.9368896484375,14.239999771118164,387.239990234375,86.82360076904297
2025-12-03,475.6119689941406,283.623046875,179.3612518310547,232.3800048828125,43.7599983215332,233.9671630859375,309.1462707519531,14.5600004196167,386.8800048828125,87.06800079345703
2025-12-04,478.7081604003906,280.179443359375,183.15660095214844,229.11000061035156,40.5,226.4633331298828,313.0783386230469,14.34000015258789,387.1300048828125,86.59874725341797
2025-12-05,481.01788330078125,278.26300048828125,182.1877899169922,229.52999877929688,41.40999984741211,237.02462768554688,312.0284729003906,14.8100004196167,386.44000244140625,86.19791412353516
2025-12-08,488.8430480957031,277.3746643066406,185.323974609375,226.88999938964844,40.29999923706055,246.71664428710938,312.1968078613281,14.859999656677246,385.4200134277344,85.9144058227539
2025-12-09,489.8385925292969,276.6659851074219,184.7446746826172,227.9199981689453,40.5,252.2121124267578,297.6373596191406,15.029999732971191,387.3999938964844,86.00240325927734
2025-12-10,476.4382629394531,278.26300048828125,183.55612182617188,231.77999877929688,40.779998779296875,263.4927978515625,307.1455383300781,15.140000343322754,389.04998779296875,86.33477020263672
2025-12-11,481.3265075683594,277.514404296875,180.70957946777344,230.27999877929688,39.5099983215332,258.24713134765625,314.3460693359375,14.960000038146973,393.239990234375,86.21746826171875
2025-12-12,476.4084167480469,277.763916015625,174.80679321289062,226.19000244140625,37.810001373291016,240.94140625,315.4751892089844,14.960000038146973,395.44000244140625,85.38648223876953
2025-12-15,472.7148742675781,273.6016540527344,176.07522583007812,222.5399932861328,37.5099983215332,237.30441284179688,316.9608154296875,15.329999923706055,395.79998779296875,85.44514465332031
2025-12-16,474.2779235839844,274.1007385253906,177.5034942626953,222.55999755859375,37.310001373291016,232.31851196289062,312.5335693359375,15.989999771118164,395.8900146484375,85.9144058227539
2025-12-17,474.00909423828125,271.33587646484375,170.73175048828125,221.27000427246094,36.04999923706055,225.3342742919922,311.9690246582031,15.510000228881836,399.2900085449219,85.83619689941406
2025-12-18,481.8342590332031,271.68524169921875,173.9278564453125,226.75999450683594,36.279998779296875,248.34530639648438,310.0079345703125,15.609999656677246,398.57000732421875,86.24679565429688
2025-12-19,483.7656555175781,273.1625061035156,180.76953125,227.35000610351562,36.81999969482422,265.70098876953125,314.17767333984375,15.779999732971191,399.0199890136719,85.92488861083984
2025-12-22,482.7701110839844,270.4674987792969,183.4662322998047,228.42999267578125,36.369998931884766,276.3622131347656,320.0014953613281,16.260000228881836,408.2300109863281,85.73841857910156
2025-12-23,484.6915588378906,271.85491943359375,188.97952270507812,232.13999938964844,36.349998474121094,276.0424499511719,322.8143310546875,15.600000381469727,413.6400146484375,85.87581634521484
2025-12-24,485.8563232421875,273.3022155761719,188.38023376464844,232.3800048828125,36.15999984741211,286.44390869140625,326.02337646484375,15.680000305175781,411.92999267578125,86.39598083496094
2025-12-26,485.5477294921875,272.89300537109375,190.2978973388672,232.52000427246094,36.20000076293945,284.55548095703125,324.7754211425781,15.4399995803833,416.739990234375,86.11135864257812
2025-12-29,484.9404296875,273.2523498535156,187.99070739746094,232.07000732421875,36.68000030517578,294.24639892578125,320.6551818847656,15.140000343322754,398.6000061035156,86.43523406982422
2025-12-30,485.3187561035156,272.57354736328125,187.31153869628906,232.52999877929688,37.29999923706055,292.5071105957031,320.328369140625,15.329999923706055,398.8900146484375,86.2291259765625
2025-12-31,481.4758605957031,271.3558349609375,186.27279663085938,230.82000732421875,36.900001525878906,285.2901611328125,319.1398010253906,15.329999923706055,396.30999755859375,85.5421371459961
2026-01-02,470.84320068359375,270.5074462890625,188.6199493408203,226.5,39.380001068115234,315.2875671386719,322.36865234375,15.479999542236328,398.2799987792969,85.4145278930664
2026-01-05,470.75360107421875,266.764404296875,187.89083862304688,233.05999755859375,39.369998931884766,312.0189208984375,330.8468322753906,15.829999923706055,408.760009765625,85.83656311035156
2026-01-06,476.3885192871094,261.87347412109375,187.0119171142578,240.92999267578125,40.040000915527344,343.2857666015625,332.90625,15.670000076293945,413.17999267578125,85.65989685058594
2026-01-07,481.3265075683594,259.84722900390625,188.87962341308594,241.55999755859375,42.630001068115234,339.40740966796875,325.3250732421875,15.989999771118164,409.2300109863281,86.16043090820312
2026-01-08,475.9902648925781,258.55963134765625,184.8145751953125,246.2899932861328,41.11000061035156,326.8826599121094,328.11083984375,15.729999542236328,411.489990234375,85.72859191894531
2026-01-09,477.15509033203125,258.8890075683594,184.63479614257812,247.3800048828125,45.54999923706055,344.9450988769531,327.5138854980469,15.989999771118164,414.4700012207031,86.29783630371094
2026-01-12,475.06439208984375,259.7673645019531,184.71470642089844,246.47000122070312,44.060001373291016,345.7247619628906,322.8377990722656,16.0,422.2300109863281,86.04265594482422
2026-01-13,468.5832824707031,260.5658874511719,185.58364868164062,242.60000610351562,47.290000915527344,337.9880065917969,309.3169860839844,15.350000381469727,421.6300048828125,86.18988037109375
2026-01-14,457.3433532714844,259.4779052734375,182.91690063476562,236.64999389648438,48.720001220703125,333.21002197265625,306.30242919921875,15.140000343322754,425.94000244140625,86.69042205810547
2026-01-15,454.6354064941406,257.7311706542969,186.82212829589844,238.17999267578125,48.31999969482422,336.4886474609375,307.68536376953125,15.710000038146973,423.3299865722656,86.67076873779297
2026-01-16,457.8211975097656,255.05612182617188,186.0031280517578,239.1199951171875,46.959999084472656,362.5976867675781,310.8789978027344,15.369999885559082,421.2900085449219,86.17024993896484
2026-01-20,452.5048522949219,246.2425079345703,177.85308837890625,231.0,48.560001373291016,364.84674072265625,301.19854736328125,14.789999961853027,437.2300109863281,85.04159545898438
2026-01-21,442.1409912109375,247.1907501220703,183.09669494628906,231.30999755859375,54.25,388.94659423828125,300.50213623046875,15.149999618530273,443.6000061035156,85.68934631347656
2026-01-22,449.1398620605469,247.8894500732422,184.6148223876953,234.33999633789062,54.31999969482422,397.41302490234375,302.0840148925781,15.020000457763672,451.7900085449219,86.06229400634766
2026-01-23,463.8841857910156,247.58001708984375,187.44137573242188,239.16000366210938,45.06999969482422,399.482177734375,296.2041015625,14.670000076293945,458.0,86.29783630371094
2026-01-26,468.1949768066406,254.93637084960938,186.2428436279297,238.4199981689453,42.4900016784668,388.9266052246094,299.5072021484375,14.569999694824219,464.70001220703125,86.71003723144531
2026-01-27,478.4493408203125,257.7910461425781,188.29034423828125,244.67999267578125,43.93000030517578,410.0677185058594,298.7809143066406,13.550000190734863,476.1000061035156,86.17024993896484
2026-01-28,479.4946594238281,255.96444702148438,191.28668212890625,243.00999450683594,48.779998779296875,435.09722900390625,299.2385559082031,13.4399995803833,494.55999755859375,85.97396850585938
2026-01-29,431.57806396484375,257.801025390625,192.27548217773438,241.72999572753906,48.65999984741211,435.6070251464844,304.8598327636719,13.510000228881836,495.8999938964844,85.99359130859375
2026-01-30,428.3822937011719,258.99884033203125,190.8971710205078,239.3000030517578,46.470001220703125,414.7057800292969,304.33251953125,13.300000190734863,444.95001220703125,85.51268768310547
2026-02-02,421.49298095703125,269.50927734375,185.38388061523438,242.9600067138672,48.810001373291016,437.61614990234375,306.5710754394531,13.6899995803833,427.1300048828125,85.26835632324219
2026-02-03,409.3868713378906,268.98028564453125,180.12030029296875,238.6199951171875,49.25,419.2638854980469,313.24688720703125,14.010000228881836,454.2900085449219,85.47525787353516
2026-02-04,412.35369873046875,275.97723388671875,173.97781372070312,232.99000549316406,48.599998474121094,379.2406921386719,315.654541015625,14.430000305175781,453.9700012207031,85.25850677490234
2026-02-05,391.9246520996094,275.3983459472656,171.67062377929688,222.69000244140625,48.2400016784668,382.729248046875,308.5807800292969,14.15999984741211,441.8800048828125,86.1845932006836
2026-02-06,399.3615417480469,277.6042175292969,185.18414306640625,210.32000732421875,50.59000015258789,394.5242614746094,320.7584533691406,15.239999771118164,455.4599914550781,86.24369812011719
2026-02-09,411.76629638671875,274.3672180175781,189.80848693847656,208.72000122070312,50.2400016784668,383.3389587402344,320.4599914550781,14.989999771118164,467.0299987792969,86.2239990234375
2026-02-10,411.437744140625,273.4280700683594,188.31031799316406,206.9600067138672,47.130001068115234,373.09326171875,316.659423828125,15.100000381469727,462.3999938964844,87.21903991699219
2026-02-11,402.5771789550781,275.24639892578125,189.81849670410156,204.0800018310547,48.290000915527344,410.1676940917969,309.2374267578125,14.350000381469727,467.6300048828125,86.75598907470703
2026-02-12,400.05841064453125,261.4891052246094,186.7122802734375,199.60000610351562,46.47999954223633,413.7961730957031,301.09906005859375,14.050000190734863,451.3900146484375,87.90867614746094
2026-02-13,399.5407409667969,255.5445556640625,182.58729553222656,198.7899932861328,46.790000915527344,411.4871520996094,301.0094909667969,13.880000114440918,462.6199951171875,88.39142608642578
2026-02-17,395.1004943847656,263.6371154785156,184.7446746826172,201.14999389648438,46.18000030517578,399.61212158203125,305.5661926269531,14.399999618530273,448.20001220703125,88.53919982910156
2026-02-18,397.8283386230469,264.106689453125,187.75099182128906,204.7899932861328,45.459999084472656,420.77325439453125,307.2077941894531,14.100000381469727,458.2799987792969,88.20423126220703
2026-02-19,397.5988464355469,260.3401184082031,187.6710968017578,204.86000061035156,44.619998931884766,417.17474365234375,306.48150634765625,13.350000381469727,459.55999755859375,88.29289245605469
2026-02-20,396.37152099609375,264.3364562988281,189.58877563476562,210.11000061035156,44.11000061035156,427.9902038574219,309.20758056640625,13.59000015258789,468.6199951171875,88.08600616455078
2026-02-23,383.6390686035156,265.9349670410156,191.316650390625,205.27000427246094,43.630001068115234,420.7932434082031,296.1543884277344,12.930000305175781,481.2799987792969,88.41111755371094
2026-02-24,388.1593017578125,271.8895263671875,192.61508178710938,208.55999755859375,46.119998931884766,417.83447265625,295.7862243652344,13.149999618530273,474.6099853515625,88.56875610351562
2026-02-25,399.7342224121094,273.97760009765625,195.32176208496094,210.63999938964844,46.880001068115234,428.8198547363281,301.75567626953125,13.319999694824219,473.4200134277344,88.57860565185547
2026-02-26,400.851806640625,272.6987609863281,184.66476440429688,207.9199981689453,45.459999084472656,415.385498046875,304.5712890625,13.9399995803833,477.4800109863281,88.93327331542969
2026-02-27,391.8912048339844,263.93682861328125,176.97415161132812,210.0,45.61000061035156,412.19683837890625,298.7709655761719,13.069999694824219,483.75,89.47512817382812
2026-03-02,397.6886291503906,264.476318359375,182.25770568847656,208.38999938964844,45.5,412.4967346191406,296.044921875,12.520000457763672,490.0,88.57660675048828
2026-03-03,403.0570068359375,263.5072326660156,179.83065795898438,208.72999572753906,43.099998474121094,379.52056884765625,298.7311706542969,12.460000038146973,468.1400146484375,88.39868927001953
2026-03-04,404.32427978515625,262.2783508300781,182.8170166015625,216.82000732421875,45.58000183105469,400.6016845703125,297.8656311035156,12.460000038146973,471.79998779296875,88.12191772460938
2026-03-05,409.79241943359375,260.0504150390625,183.11663818359375,218.94000244140625,45.95000076293945,396.8832702636719,292.0553283691406,11.789999961853027,466.1300048828125,87.76606750488281
2026-03-06,408.0761413574219,257.2229919433594,177.6033935546875,213.2100067138672,43.41999816894531,370.1445007324219,288.0060729980469,11.180000305175781,473.510009765625,87.43987274169922
2026-03-09,408.5251770019531,259.6407775878906,182.427490234375,213.49000549316406,45.58000183105469,389.1565246582031,288.44384765625,11.4399995803833,472.5299987792969,88.20100402832031
2026-03-10,404.8830871582031,260.58990478515625,184.54490661621094,214.3300018310547,46.779998779296875,402.9407043457031,287.2598876953125,11.109999656677246,477.8599853515625,87.2619400024414
2026-03-11,404.0049743652344,260.5699157714844,185.8134307861328,212.64999389648438,47.97999954223633,418.5141906738281,286.0560302734375,11.039999961853027,476.239990234375,86.13510131835938
2026-03-12,400.9914855957031,255.52456665039062,182.9268035888672,209.52999877929688,45.25,405.1797790527344,281.44964599609375,10.550000190734863,466.8800048828125,85.96705627441406
2026-03-13,394.69512939453125,249.8897705078125,180.0401611328125,207.6699981689453,45.77000045776367,425.9510803222656,281.996826171875,10.300000190734863,460.8399963378906,85.5420150756836
2026-03-16,399.08563232421875,252.58729553222656,183.0067138671875,211.74000549316406,45.7599983215332,441.6144714355469,284.7029724121094,10.489999771118164,460.42999267578125,86.20428466796875
2026-03-17,398.5467834472656,253.99598693847656,181.71820068359375,215.1999969482422,44.060001373291016,461.4961242675781,285.42926025390625,10.859999656677246,459.2699890136719,86.44152069091797
2026-03-18,390.9432678222656,249.70994567871094,180.1899871826172,209.8699951171875,45.029998779296875,461.5361328125,286.27490234375,10.800000190734863,444.739990234375,85.95716857910156
2026-03-19,388.1792297363281,248.73085021972656,178.3521270751953,208.75999450683594,46.18000030517578,444.08343505859375,286.5037536621094,10.800000190734863,426.4100036621094,86.4810562133789
2026-03-20,381.0447082519531,247.76173400878906,172.4989471435547,205.3699951171875,43.869998931884766,422.722412109375,285.1009216308594,10.430000305175781,413.3800048828125,84.84020233154297
2026-03-23,382.1722717285156,251.25851440429688,175.43553161621094,210.13999938964844,44.0099983215332,404.1802062988281,288.4338684082031,10.8100004196167,404.0400085449219,85.39373779296875
2026-03-24,371.9344177246094,251.4083709716797,174.99603271484375,207.24000549316406,44.060001373291016,395.3639221191406,290.91119384765625,10.710000038146973,404.1300048828125,85.01812744140625
2026-03-25,370.2381286621094,252.38746643066406,178.47198486328125,211.7100067138672,47.18000030517578,381.9295654296875,293.91583251953125,10.739999771118164,416.2900085449219,85.83855438232422
2026-03-26,365.1790771484375,252.6572265625,171.04066467285156,207.5399932861328,44.099998474121094,355.31072998046875,290.1749572753906,10.710000038146973,400.6400146484375,85.11697387695312
2026-03-27,355.9989318847656,248.57098388671875,167.32498168945312,199.33999633789062,43.130001068115234,357.07000732421875,281.3998718261719,10.300000190734863,414.70001220703125,84.65238952636719
2026-03-30,358.1842041015625,246.40298461914062,164.97772216796875,200.9499969482422,41.189998626708984,321.79998779296875,282.32513427734375,10.180000305175781,414.5799865722656,85.77925109863281
2026-03-31,369.3699951171875,253.55638122558594,174.1969757080078,208.27000427246094,44.130001068115234,337.8399963378906,292.6622314453125,10.739999771118164,430.2900085449219,85.6902847290039
2026-04-01,368.57171630859375,255.3946990966797,175.54541015625,210.57000732421875,48.029998779296875,367.8500061035156,293.87603759765625,11.130000114440918,437.82000732421875,85.6059341430664
2026-04-02,372.6528625488281,255.68443298339844,177.18348693847656,209.77000427246094,50.380001068115234,366.239990234375,293.1000061035156,10.84000015258789,429.4100036621094,86.13191223144531
2026-04-06,372.0741271972656,258.6217041015625,177.43319702148438,212.7899932861328,50.779998779296875,377.760009765625,295.45001220703125,10.899999618530273,427.6499938964844,85.99297332763672
2026-04-07,371.48541259765625,253.26666259765625,177.89266967773438,213.77000427246094,52.90999984741211,377.5799865722656,297.3999938964844,10.8100004196167,431.80999755859375,85.98304748535156
2026-04-08,373.52099609375,258.66168212890625,181.8680419921875,221.25,58.95000076293945,406.7300109863281,307.9700012207031,11.40999984741211,434.5299987792969,86.26092529296875
2026-04-09,372.26373291015625,260.2502136230469,183.69590759277344,233.64999389648438,61.720001220703125,421.510009765625,310.3299865722656,11.369999885559082,437.9100036621094,86.04258728027344
2026-04-10,370.0684814453125,260.240234375,188.41041564941406,238.3800048828125,62.380001068115234,420.5899963378906,309.8699951171875,11.319999694824219,437.1300048828125,85.83418273925781
2026-04-13,383.539306640625,258.96142578125,189.08961486816406,239.88999938964844,65.18000030517578,426.55999755859375,313.67999267578125,11.229999542236328,435.3599853515625,86.09220886230469
2026-04-14,392.2604064941406,258.59173583984375,196.28123474121094,249.02000427246094,63.810001373291016,465.6600036621094,311.1199951171875,12.130000114440918,445.0899963378906,86.54872131347656
2026-04-15,410.3312683105469,266.18475341796875,198.63848876953125,248.5,64.94000244140625,456.2300109863281,305.92999267578125,12.170000076293945,440.4599914550781,86.1716079711914
2026-04-16,419.35174560546875,263.15753173828125,198.1190948486328,249.6999969482422,68.5,457.2300109863281,309.95001220703125,12.270000457763672,440.0799865722656,85.62577819824219
2026-04-17,421.87628173828125,269.98126220703125,201.44520568847656,250.55999755859375,68.5,455.07000732421875,310.2900085449219,12.779999732971191,445.92999267578125,86.4097900390625
2026-04-20,417.1664733886719,272.79864501953125,201.82476806640625,248.27999877929688,65.69999694824219,448.4200134277344,316.989990234375,12.239999771118164,442.0899963378906,86.38993835449219
2026-04-21,423.2433166503906,265.9250183105469,199.64732360839844,249.91000366210938,66.26000213623047,449.3800048828125,313.0,11.770000457763672,429.57000732421875,85.91358184814453
2026-04-22,431.984375,272.9185791015625,202.26426696777344,255.36000061035156,65.2699966430664,487.4800109863281,313.0199890136719,11.5,435.260009765625,86.08228302001953
2026-04-23,414.8514709472656,273.1783142089844,199.4075927734375,255.0800018310547,66.77999877929688,481.7200012207031,311.69000244140625,11.779999732971191,431.0400085449219,85.89373016357422
2026-04-24,423.7023010253906,270.81048583984375,208.0275421142578,263.989990234375,82.54000091552734,496.7200012207031,308.2799987792969,12.100000381469727,433.25,86.05252075195312
2026-04-27,423.9018859863281,267.3636474609375,216.3578338623047,261.1199951171875,84.98999786376953,524.5599975585938,311.6300048828125,11.680000305175781,429.8900146484375,85.62577819824219
2026-04-28,428.3222961425781,270.4608154296875,212.92184448242188,259.70001220703125,84.5199966430664,504.2900085449219,311.45001220703125,11.640000343322754,421.9100036621094,85.71509552001953
2026-04-29,423.5426330566406,269.92132568359375,209.00640869140625,263.0400085449219,94.75,518.4600219726562,309.25,11.3100004196167,417.4100036621094,85.0501708984375
2026-04-30,406.8987121582031,271.1002502441406,199.33767700195312,265.05999755859375,94.4800033569336,517.1599731445312,313.2300109863281,11.710000038146973,423.6600036621094,84.97077941894531
2026-05-01,413.5443115234375,279.88214111328125,198.21897888183594,268.260009765625,99.62000274658203,542.2100219726562,312.4700012207031,11.84000015258789,423.17999267578125,85.27458953857422
2026-05-04,412.72607421875,276.5751647949219,198.24893188476562,272.04998779296875,95.77999877929688,576.4500122070312,307.6499938964844,11.8100004196167,414.7099914550781,84.62712860107422
2026-05-05,410.4909362792969,283.9184265136719,196.271240234375,273.54998779296875,108.1500015258789,640.2000122070312,309.3999938964844,12.369999885559082,418.2699890136719,85.09529113769531
2026-05-06,413.0653381347656,287.245361328125,207.5880584716797,274.989990234375,113.01000213623047,666.5900268554688,314.8999938964844,12.9399995803833,430.9599914550781,85.74274444580078
2026-05-07,419.8606262207031,287.1754150390625,211.2537841796875,271.1700134277344,109.62000274658203,646.6300048828125,306.2699890136719,13.180000305175781,431.67999267578125,85.3144302368164
2026-05-08,414.22283935546875,293.0500183105469,214.94947814941406,272.67999267578125,124.91999816894531,746.8099975585938,302.1000061035156,13.350000381469727,433.7699890136719,85.74274444580078
2026-05-11,411.7681579589844,292.67999267578125,219.18453979492188,268.989990234375,129.44000244140625,795.3300170898438,300.0,12.789999961853027,434.6499938964844,85.22477722167969
2026-05-12,406.8887023925781,294.79998779296875,220.52297973632812,265.82000732421875,120.61000061035156,766.5800170898438,304.8800048828125,12.6899995803833,432.92999267578125,84.65701293945312
2026-05-13,404.3342590332031,298.8699951171875,225.56710815429688,270.1300048828125,120.29000091552734,803.6300048828125,300.25,12.710000038146973,430.5,84.46776580810547
2026-05-14,408.5451354980469,298.2099914550781,235.465576171875,267.2200012207031,115.93000030517578,776.010009765625,299.9100036621094,12.699999809265137,427.2099914550781,84.58728790283203
2026-05-15,421.0081481933594,300.2300109863281,225.05770874023438,264.1400146484375,108.7699966430664,724.6599731445312,297.80999755859375,12.3100004196167,417.2900085449219,83.33222961425781
2026-05-18,422.6246643066406,297.8399963378906,222.0612030029297,264.8599853515625,108.16999816894531,681.5399780273438,300.7300109863281,12.359999656677246,418.42999267578125,83.23261260986328
2026-05-19,416.51788330078125,298.9700012207031,220.35317993164062,259.3399963378906,110.80000305175781,698.739990234375,295.70001220703125,12.0600004196167,411.5,82.69473266601562
2026-05-20,420.1499938964844,302.25,223.20985412597656,265.010009765625,118.95999908447266,731.989990234375,301.9800109863281,12.949999809265137,417.3999938964844,83.58125305175781
2026-05-21,419.0899963378906,304.989990234375,219.25445556640625,268.4599914550781,118.5,762.0999755859375,303.0,13.59000015258789,416.989990234375,83.89002990722656
2026-05-22,418.57000732421875,308.82000732421875,215.07933044433594,266.32000732421875,119.83999633789062,751.0,306.3800048828125,13.850000381469727,413.82000732421875,84.34822845458984
2026-05-26,416.0299987792969,308.3299865722656,214.60987854003906,265.2900085449219,123.5199966430664,895.8800048828125,306.739990234375,14.850000381469727,414.0,84.7665786743164
2026-05-27,412.6700134277344,310.8500061035156,212.35250854492188,271.8500061035156,121.7699966430664,928.4099731445312,299.2799987792969,14.920000076293945,408.489990234375,84.96580505371094
2026-05-28,426.989990234375,312.510009765625,214.00057983398438,274.0,120.88999938964844,923.52001953125,296.7300109863281,14.649999618530273,412.7699890136719,85.4040756225586
2026-05-29,450.239990234375,312.05999755859375,210.8942108154297,270.6400146484375,114.68000030517578,971.0,299.30999755859375,14.640000343322754,417.1199951171875,85.42400360107422
2026-06-01,460.5199890136719,306.30999755859375,224.09881591796875,261.260009765625,109.33000183105469,1035.5,296.5799865722656,14.34000015258789,411.260009765625,85.47000122070312
2026-06-02,441.30999755859375,315.20001220703125,222.56060791015625,256.5199890136719,107.93000030517578,1064.0999755859375,300.9599914550781,13.930000305175781,411.95001220703125,85.6500015258789
2026-06-03,427.3399963378906,310.260009765625,214.5,250.02000427246094,112.70999908447266,1079.5699462890625,300.8500061035156,13.569999694824219,407.8699951171875,85.30999755859375
2026-06-04,428.04998779296875,311.2300109863281,218.66000366210938,253.7899932861328,111.77999877929688,996.0,310.8900146484375,13.300000190734863,411.2699890136719,85.5
2026-06-05,416.6700134277344,307.3399963378906,205.10000610351562,246.02999877929688,99.16999816894531,864.010009765625,312.3699951171875,13.5,396.239990234375,85.05999755859375
2026-06-08,411.739990234375,301.5400085449219,208.63999938964844,245.22000122070312,110.2699966430664,949.280029296875,311.1099853515625,13.600000381469727,397.2699890136719,84.62000274658203
2026-06-09,403.4100036621094,290.54998779296875,208.19000244140625,244.19000244140625,107.91999816894531,935.8900146484375,312.70001220703125,14.09000015258789,390.7799987792969,85.12000274658203
2026-06-10,397.3599853515625,291.5799865722656,200.4199981689453,238.0,107.04000091552734,891.8800048828125,309.1400146484375,13.420000076293945,374.5799865722656,84.87999725341797
2026-06-11,390.3399963378906,295.6300048828125,204.8699951171875,241.50999450683594,116.95999908447266,995.8699951171875,313.489990234375,14.649999618530273,386.32000732421875,85.9800033569336
2026-06-12,390.739990234375,291.1300048828125,205.19000244140625,238.5500030517578,124.56999969482422,981.6099853515625,320.7200012207031,14.979999542236328,386.5400085449219,85.7699966430664
2026-06-15,399.760009765625,296.4200134277344,212.4499969482422,246.02000427246094,127.86000061035156,1087.989990234375,319.3999938964844,15.460000038146973,396.54998779296875,85.72000122070312
2026-06-16,393.8299865722656,299.239990234375,207.41000366210938,246.0,117.05000305175781,1020.760009765625,331.1400146484375,15.710000038146973,397.6300048828125,86.19000244140625
2026-06-17,378.9100036621094,295.95001220703125,204.64999389648438,237.5,121.0999984741211,1043.18994140625,333.4599914550781,15.420000076293945,388.6000061035156,86.33000183105469
2026-06-18,379.3999938964844,298.010009765625,210.69000244140625,244.38999938964844,133.99000549316406,1133.989990234375,325.2200012207031,15.989999771118164,387.1199951171875,86.75
2026-06-22,367.3399963378906,297.010009765625,208.64999389648438,232.7899932861328,140.94000244140625,1211.3800048828125,331.4800109863281,16.079999923706055,384.5899963378906,86.08999633789062
2026-06-23,373.94000244140625,294.29998779296875,200.0399932861328,234.11000061035156,132.27999877929688,1051.77001953125,334.1400146484375,16.139999389648438,377.32000732421875,86.19999694824219
2026-06-24,365.4599914550781,293.0799865722656,199.0,234.27000427246094,131.64999389648438,1048.510009765625,333.45001220703125,17.440000534057617,365.9200134277344,87.37999725341797
2026-06-25,352.8299865722656,275.1499938964844,195.74000549316406,227.00999450683594,132.8699951171875,1213.56005859375,335.1199951171875,17.56999969482422,369.4599914550781,87.3499984741211
