Date,MSFT,AAL,NVDA,INTC,AAPL,MU,NOK,BB,AMZN,JPM,GLD,TLT
2018-01-02,78.69990539550781,51.647560119628906,4.922528266906738,39.33039093017578,40.26707458496094,42.59078598022461,4.021885395050049,12.020000457763672,59.45050048828125,85.90128326416016,125.1500015258789,98.7056655883789
2018-01-03,79.066162109375,51.0140266418457,5.246499061584473,37.99559020996094,40.260066986083984,43.8684196472168,4.081031799316406,13.529999732971191,60.209999084472656,85.98882293701172,124.81999969482422,99.17764282226562
2018-01-04,79.76204681396484,51.335662841796875,5.27415657043457,37.29880905151367,40.44707107543945,45.72146224975586,4.131726264953613,13.369999885559082,60.47949981689453,87.22064971923828,125.45999908447266,99.1618881225586
2018-01-05,80.7509536743164,51.3161735534668,5.318849563598633,37.559043884277344,40.907562255859375,44.66814422607422,4.157074928283691,13.829999923706055,61.457000732421875,86.66069793701172,125.33000183105469,98.87870788574219
2018-01-08,80.83336639404297,50.80935287475586,5.48182487487793,37.559043884277344,40.7556266784668,44.42433166503906,4.123277187347412,14.119999885559082,62.34349822998047,86.7886962890625,125.30999755859375,98.8157958984375
2018-01-09,80.77841186523438,50.760616302490234,5.480341911315918,36.61880111694336,40.750953674316406,41.9080924987793,4.140176773071289,14.399999618530273,62.6349983215332,87.22866821289062,124.7300033569336,97.49435424804688
2018-01-10,80.41215515136719,52.417545318603516,5.523307800292969,35.6785888671875,40.741600036621094,42.23968505859375,4.09792947769165,13.670000076293945,62.71649932861328,88.18852996826172,125.02999877929688,97.37639617919922
2018-01-11,80.65023803710938,54.990665435791016,5.53318452835083,36.44252014160156,40.97303009033203,41.76179885864258,4.0725812911987305,13.449999809265137,63.83399963378906,88.66046142578125,125.44000244140625,97.77750396728516
2018-01-12,82.04204559326172,56.98872756958008,5.506021976470947,36.299808502197266,41.39612579345703,41.752044677734375,4.114828109741211,13.649999618530273,65.26000213623047,90.12427520751953,126.95999908447266,97.94270324707031
2018-01-16,80.8974609375,56.511138916015625,5.435153484344482,36.215850830078125,41.185752868652344,41.85932540893555,4.190871715545654,13.8100004196167,65.24299621582031,89.80429077148438,127.16999816894531,98.35171508789062
2018-01-17,82.53646087646484,56.68658447265625,5.548988342285156,37.265235900878906,41.8659782409668,43.16621017456055,4.182422637939453,13.670000076293945,64.75,90.38024139404297,126.13999938964844,98.21797180175781
2018-01-18,82.49986267089844,56.86202621459961,5.542074203491211,37.34078598022461,41.90339279174805,42.90287399291992,4.089479446411133,13.25,64.66600036621094,90.59620666503906,125.86000061035156,97.30558013916016
2018-01-19,82.40827941894531,56.58911895751953,5.682082653045654,37.626197814941406,41.716373443603516,41.69353103637695,4.089479446411133,13.3100004196167,64.72899627685547,90.39625549316406,126.41999816894531,96.79430389404297
2018-01-22,83.88249969482422,56.62810134887695,5.770483016967773,38.40694046020508,41.37508773803711,41.82029724121094,4.140176773071289,13.279999732971191,66.3655014038086,91.45210266113281,126.6500015258789,96.88876342773438
2018-01-23,84.14803314208984,56.81328582763672,5.899379730224609,38.66718292236328,41.384437561035156,42.863868713378906,4.157074928283691,13.529999732971191,68.12699890136719,91.35609436035156,127.27999877929688,97.30558013916016
2018-01-24,84.07474517822266,53.40196228027344,5.822587013244629,38.20545959472656,40.72523880004883,42.015357971191406,4.148625373840332,13.25,67.87550354003906,92.5239486694336,128.8300018310547,96.77861785888672
2018-01-25,84.54176330566406,51.70603561401367,5.8361663818359375,38.029170989990234,39.99825668334961,41.94709396362305,4.055683135986328,13.050000190734863,68.89749908447266,92.54795837402344,127.97000122070312,97.57303619384766
2018-01-26,86.12581634521484,51.725528717041016,6.008522033691406,42.04197311401367,40.09177017211914,42.59078598022461,4.064131736755371,13.430000305175781,70.10250091552734,93.04389190673828,128.07000732421875,97.211181640625
2018-01-29,85.99761199951172,51.34541702270508,6.095443248748779,41.958011627197266,39.26191711425781,42.220176696777344,4.190871715545654,13.0,70.88400268554688,92.9478988647461,127.3499984741211,96.53479766845703
2018-01-30,84.91716003417969,51.257694244384766,5.9934611320495605,40.95901107788086,39.03050994873047,40.64021682739258,4.190871715545654,12.579999923706055,71.89099884033203,92.07601165771484,126.80000305175781,95.96845245361328
2018-01-31,86.99568176269531,52.94386672973633,6.069514274597168,40.41333770751953,39.13801956176758,42.639556884765625,4.064131736755371,12.65999984741211,72.54450225830078,92.5239486694336,127.6500015258789,96.53479766845703
2018-02-01,86.3089599609375,52.5150146484375,5.938641548156738,40.00198745727539,39.2198486328125,41.43995666503906,4.562643527984619,12.899999618530273,69.5,93.48385620117188,128.07000732421875,95.13570404052734
2018-02-02,84.03813171386719,50.78010177612305,5.7662858963012695,38.74274444580078,37.51808547973633,39.81121826171875,4.562643527984619,12.40999984741211,71.49749755859375,91.412109375,126.38999938964844,94.2529296875
2018-02-05,80.57696533203125,48.59265899658203,5.2768731117248535,37.374359130859375,36.58071517944336,38.42632293701172,4.495048999786377,11.859999656677246,69.5,87.02867126464844,126.70999908447266,95.14362335205078
2018-02-06,83.62609100341797,49.979339599609375,5.570224761962891,37.957550048828125,38.10948944091797,42.79560852050781,4.655586242675781,12.0,72.14199829101562,89.67633819580078,125.37999725341797,94.55245208740234
2018-02-07,82.05119323730469,50.194183349609375,5.6497344970703125,38.20263671875,37.29368209838867,40.97180938720703,4.655586242675781,11.75,70.83899688720703,90.28424835205078,124.79000091552734,93.65386199951172
2018-02-08,77.83919525146484,47.459869384765625,5.371200084686279,36.131919860839844,36.26748275756836,39.011478424072266,4.52884578704834,11.40999984741211,67.5250015258789,86.29278564453125,124.9800033569336,93.55142974853516
2018-02-09,80.7417984008789,47.22549819946289,5.730727195739746,37.146148681640625,36.71108627319336,39.41136169433594,4.562643527984619,11.609999656677246,66.9800033569336,88.02053833007812,124.7699966430664,92.96028900146484
2018-02-12,81.61165618896484,48.914920806884766,5.630721092224121,37.88992691040039,38.18977355957031,41.14736557006836,4.655586242675781,11.729999542236328,69.3115005493164,89.38037872314453,125.37000274658203,93.37015533447266
2018-02-13,82.25260162353516,49.676612854003906,5.744309425354004,37.577205657958984,38.57234573364258,41.57648849487305,4.655586242675781,11.770000457763672,70.72550201416016,89.93228149414062,126.08000183105469,93.78787994384766
2018-02-14,83.54055786132812,49.87192153930664,5.961360454559326,38.35478973388672,39.283512115478516,42.376224517822266,4.773876190185547,12.100000381469727,72.55249786376953,92.01201629638672,128.22999572753906,92.74745178222656
2018-02-15,85.24243927001953,50.45784378051758,6.086798667907715,38.811180114746094,40.60258483886719,42.42498779296875,4.8414716720581055,12.119999885559082,73.08799743652344,92.39596557617188,128.3800048828125,93.06275177001953
2018-02-16,84.6352767944336,50.36996078491211,6.021117687225342,38.50691223144531,40.47114944458008,43.11744689941406,4.866819858551025,12.0600004196167,72.43450164794922,91.73206329345703,127.95999908447266,93.56718444824219
2018-02-20,85.29766082763672,50.50667953491211,6.150506973266602,39.14925765991211,40.335018157958984,43.79039764404297,4.8414716720581055,12.109999656677246,73.4175033569336,91.75606536865234,126.23999786376953,93.15729522705078
2018-02-21,84.16613006591797,51.54180908203125,5.963581085205078,38.828094482421875,40.151947021484375,43.43928909301758,4.807673931121826,12.199999809265137,74.14600372314453,92.1400146484375,125.66000366210938,92.0143814086914
2018-02-22,84.38690185546875,51.73711013793945,5.9831013679504395,38.70975875854492,40.487579345703125,43.15645217895508,4.824573040008545,11.90999984741211,74.26699829101562,91.9720230102539,126.30000305175781,92.29027557373047
2018-02-23,86.53038024902344,52.13749694824219,6.076498508453369,40.34098815917969,41.19171142578125,45.38011169433594,4.900617599487305,12.550000190734863,75.0,93.83580017089844,126.13999938964844,93.11005401611328
2018-02-26,87.78150177001953,53.70973205566406,6.092556953430176,41.50735092163086,42.00615310668945,46.794273376464844,5.010458469390869,12.579999923706055,76.09750366210938,95.00364685058594,126.44999694824219,93.14152526855469
2018-02-27,86.6591796875,52.98708724975586,6.079710483551025,42.183502197265625,41.87002944946289,47.37944793701172,4.959762096405029,12.350000381469727,75.5989990234375,93.87577819824219,125.12999725341797,93.007568359375
2018-02-28,86.26361083984375,52.97732162475586,5.979394435882568,41.659481048583984,41.806663513183594,47.60376739501953,4.900617599487305,12.140000343322754,75.62249755859375,92.3879623413086,125.0,93.59870147705078
2018-03-01,85.41726684570312,52.22538375854492,5.737502098083496,40.43395233154297,41.07434844970703,46.44317626953125,4.866819858551025,12.109999656677246,74.67250061035156,90.7322006225586,124.72000122070312,94.23766326904297
2018-03-02,85.60124969482422,51.93242263793945,5.844487190246582,41.3974723815918,41.358360290527344,47.89635467529297,4.875269412994385,12.359999656677246,75.01249694824219,90.6441879272461,125.38999938964844,93.4715805053711
2018-03-05,86.14399719238281,51.94218826293945,5.822497367858887,42.04827117919922,41.50153350830078,50.74418640136719,4.942864418029785,12.390000343322754,76.18049621582031,92.03601837158203,125.18000030517578,93.21881103515625
2018-03-06,85.84961700439453,52.31327438354492,5.983348846435547,42.859642028808594,41.466331481933594,52.41193389892578,4.917515277862549,12.4399995803833,76.88200378417969,92.11602783203125,126.52999877929688,93.30569458007812
2018-03-07,86.34638214111328,52.84061050415039,5.9754414558410645,43.375213623046875,41.08140182495117,52.63624954223633,4.968211650848389,12.5,77.25,91.77204132080078,125.72000122070312,93.20301055908203
2018-03-08,86.87078094482422,53.50465774536133,5.959134101867676,42.88501739501953,41.52970504760742,53.85536575317383,4.959762096405029,12.890000343322754,77.59300231933594,91.78006744384766,125.41999816894531,93.7400894165039
2018-03-09,88.81183624267578,54.75462341308594,6.061673641204834,44.110530853271484,42.24322509765625,53.240936279296875,4.976661205291748,12.869999885559082,78.94450378417969,94.41970825195312,125.54000091552734,93.1240463256836
2018-03-12,89.02342224121094,55.17453384399414,6.1711297035217285,43.54425811767578,42.651611328125,57.90279006958008,5.010458469390869,12.819999694824219,79.91950225830078,94.1157455444336,125.54000091552734,93.66111755371094
2018-03-13,86.85236358642578,54.91087341308594,6.120477199554443,43.76399612426758,42.24087142944336,57.96131896972656,4.951313018798828,12.609999656677246,79.40899658203125,92.98790740966797,125.77999877929688,94.13500213623047
2018-03-14,86.3371810913086,53.983158111572266,6.145927429199219,43.831634521484375,41.881752014160156,58.302669525146484,4.917515277862549,12.800000190734863,79.55000305175781,91.94803619384766,125.69999694824219,94.96424865722656
2018-03-15,86.64078521728516,53.87574005126953,6.16075325012207,43.00333023071289,41.931053161621094,57.385894775390625,4.866819858551025,13.25,79.11599731445312,92.17997741699219,124.9000015258789,94.96424865722656
2018-03-16,87.02713775634766,54.100345611572266,6.1889214515686035,43.2484245300293,41.78317642211914,59.08290481567383,4.8414716720581055,12.949999809265137,78.58399963378906,92.3399887084961,124.5999984741211,94.62467193603516
2018-03-19,85.45403289794922,53.33863830566406,5.954687118530273,42.96107864379883,41.14476776123047,58.65376281738281,4.83302116394043,12.720000267028809,77.24649810791016,91.61206817626953,124.87000274658203,94.32454681396484
2018-03-20,85.6748275756836,54.02222442626953,6.166683197021484,43.569610595703125,41.13068389892578,59.638816833496094,4.858370304107666,13.079999923706055,79.32550048828125,91.7000732421875,124.30999755859375,93.94542694091797
2018-03-21,85.07686614990234,52.82107925415039,6.141480922698975,43.578067779541016,40.19887924194336,59.5607795715332,4.824573040008545,13.15999984741211,79.09300231933594,91.78006744384766,126.4800033569336,94.048095703125
2018-03-22,82.60221099853516,51.08283996582031,5.975688457489014,42.96107864379883,39.630889892578125,57.463905334472656,4.647136211395264,12.819999694824219,77.24600219726562,87.94856262207031,125.9800033569336,94.98005676269531
2018-03-23,80.20116424560547,49.81332778930664,5.756280422210693,41.7186393737793,38.713165283203125,52.870323181152344,4.613339900970459,12.4399995803833,74.77799987792969,85.59685516357422,127.61000061035156,94.90901947021484
2018-03-26,86.2728042602539,50.643394470214844,6.040672779083252,44.35563659667969,40.55095291137695,54.186954498291016,4.680933952331543,13.09000015258789,77.79299926757812,88.23649597167969,128.27999877929688,94.54563903808594
2018-03-27,82.30780792236328,49.70591354370117,5.572203636169434,43.26533889770508,39.51118087768555,51.105045318603516,4.59644079208374,12.399999618530273,74.85250091552734,86.52474212646484,127.48999786376953,95.556640625
2018-03-28,82.23419189453125,49.65707778930664,5.469169616699219,41.92148208618164,39.07462692260742,50.21753692626953,4.587990760803223,12.199999809265137,71.57099914550781,86.38875579833984,125.7300033569336,95.80931854248047
2018-03-29,83.96372985839844,50.74104309082031,5.722180366516113,44.01757049560547,39.37975311279297,50.85146713256836,4.621788501739502,11.5,72.36699676513672,87.96453857421875,125.79000091552734,96.27528381347656
2018-04-02,81.43386840820312,48.6121826171875,5.461757183074951,41.346763610839844,39.12156677246094,48.822872161865234,4.55419397354126,10.720000267028809,68.59950256347656,86.26874542236328,127.26000213623047,96.46526336669922
2018-04-03,82.5285873413086,50.262542724609375,5.568002700805664,42.04827117919922,39.522918701171875,50.27605056762695,4.579542636871338,10.4399995803833,69.60250091552734,87.45260620117188,126.30000305175781,95.72125244140625
2018-04-04,84.93887329101562,50.81917190551758,5.589993953704834,42.25111389160156,40.278682708740234,52.070579528808594,4.587990760803223,10.529999732971191,70.52850341796875,88.78044128417969,126.44999694824219,95.52338409423828
2018-04-05,84.98484802246094,50.91682052612305,5.469910144805908,42.58074188232422,40.558013916015625,48.60831832885742,4.57109260559082,10.470000267028809,72.5875015258789,89.94618225097656,125.80000305175781,94.81107330322266
2018-04-06,83.00697326660156,49.11022186279297,5.293740272521973,41.23688888549805,39.52057647705078,47.262413024902344,4.55419397354126,10.1899995803833,70.2614974975586,87.70313262939453,126.38999938964844,95.84790802001953
2018-04-09,83.50373077392578,48.65125274658203,5.322403430938721,41.879234313964844,39.912540435791016,46.77477264404297,4.57109260559082,10.180000305175781,70.30400085449219,88.7563247680664,126.81999969482422,96.0062026977539
2018-04-10,85.44486236572266,46.34661102294922,5.631256580352783,43.33297348022461,40.66360855102539,49.23249053955078,4.664034843444824,10.630000114440918,71.81099700927734,90.45264434814453,127.12000274658203,95.83206176757812
2018-04-11,84.50648498535156,44.334938049316406,5.589993953704834,43.18927001953125,40.47348403930664,49.23249053955078,4.706282615661621,10.350000381469727,71.35250091552734,88.93318939208984,128.11000061035156,96.17243194580078
2018-04-12,86.08882141113281,45.47749328613281,5.796553134918213,44.55849075317383,40.872493743896484,51.290348052978516,4.697833061218262,10.539999961853027,72.42500305175781,91.14407348632812,126.62000274658203,95.46802520751953
2018-04-13,85.62882232666016,44.79391098022461,5.719958305358887,43.831634521484375,41.010990142822266,50.93924331665039,4.664034843444824,10.5,71.53949737548828,88.6759262084961,127.44999694824219,95.6895980834961
2018-04-16,86.63157653808594,45.311485290527344,5.719709873199463,44.288021087646484,41.26683044433594,50.37358474731445,4.740079879760742,10.510000228881836,72.07499694824219,88.60356903076172,127.62999725341797,95.72125244140625
2018-04-17,88.37947845458984,44.676727294921875,5.86919641494751,45.25154495239258,41.834815979003906,50.968505859375,4.951313018798828,10.770000457763672,75.19149780273438,88.60356903076172,127.75,95.98245239257812
2018-04-18,88.7198715209961,46.63957214355469,5.840287208557129,45.310707092285156,41.740943908691406,52.67525863647461,4.942864418029785,10.789999961853027,76.39199829101562,87.8880615234375,127.8499984741211,95.2147445678711
2018-04-19,88.41629028320312,45.780216217041016,5.659175395965576,44.135894775390625,40.558013916015625,50.149261474609375,4.925965309143066,10.600000381469727,77.84549713134766,89.81754302978516,127.5999984741211,94.4390869140625
2018-04-20,87.39513397216797,45.68256759643555,5.651022434234619,43.552711486816406,38.896240234375,49.36903762817383,5.035806179046631,10.630000114440918,76.37449645996094,89.61656188964844,126.62999725341797,93.7584228515625
2018-04-23,87.71711730957031,45.58491516113281,5.531681060791016,43.18927001953125,38.7835807800293,47.80857467651367,4.976661205291748,10.640000343322754,75.89299774169922,89.18242645263672,125.62000274658203,93.78215789794922
2018-04-24,85.66564178466797,44.618133544921875,5.4654645919799805,43.48509216308594,38.24374771118164,45.945777893066406,5.010458469390869,10.399999618530273,73.00450134277344,88.7643814086914,126.2300033569336,93.35478210449219
2018-04-25,84.92046356201172,44.18845748901367,5.353288173675537,43.425933837890625,38.4103889465332,46.42366409301758,5.002009391784668,10.369999885559082,73.00849914550781,88.42668914794922,125.41000366210938,92.7294921875
2018-04-26,86.71436309814453,41.37601852416992,5.56479024887085,44.837406158447266,38.54418182373047,48.9008903503418,4.959762096405029,10.550000190734863,75.89800262451172,88.51512908935547,124.97000122070312,93.3785400390625
2018-04-27,88.14949798583984,42.381858825683594,5.5922160148620605,44.566932678222656,38.098228454589844,46.34564208984375,5.035806179046631,10.449999809265137,78.63099670410156,87.95238494873047,125.5,94.0987548828125
2018-04-30,86.03359985351562,41.92288589477539,5.556883335113525,43.62876892089844,38.78828048706055,44.84370422363281,5.078052520751953,10.470000267028809,78.30650329589844,87.45392608642578,124.58999633789062,94.26497650146484
2018-05-01,87.39513397216797,42.34280014038086,5.6122307777404785,45.07406234741211,39.68955993652344,45.633689880371094,5.010458469390869,10.529999732971191,79.11299896240234,87.45392608642578,123.70999908447266,93.92546844482422
2018-05-02,86.02442169189453,41.24907684326172,5.591722011566162,44.211952209472656,41.44284439086914,44.755924224853516,4.883718490600586,10.850000381469727,78.48400115966797,86.76251220703125,123.6500015258789,93.82234954833984
2018-05-03,86.53958129882812,41.12211990356445,5.756775856018066,44.18659973144531,41.51796340942383,45.46787643432617,4.976661205291748,10.710000038146973,78.60399627685547,86.2158432006836,124.27999877929688,94.24275207519531
2018-05-04,87.5423355102539,41.854530334472656,5.906752109527588,44.86665344238281,43.146854400634766,46.40415954589844,5.154096603393555,10.84000015258789,79.04750061035156,87.17253875732422,124.54000091552734,94.38552856445312
2018-05-07,88.51747131347656,41.54130172729492,6.144445419311523,45.334197998046875,43.45901107788086,47.28190994262695,5.230141639709473,10.989999771118164,80.00700378417969,87.92826843261719,124.56999969482422,94.23481750488281
2018-05-08,88.1402816772461,42.089447021484375,6.186944007873535,45.58921432495117,43.66790771484375,47.36969757080078,5.29773473739624,11.119999885559082,79.61949920654297,89.23066711425781,124.58999633789062,94.14757537841797
2018-05-09,89.17984008789062,40.62120056152344,6.3198747634887695,46.19276809692383,43.97537612915039,49.7493896484375,5.365330219268799,11.579999923706055,80.4000015258789,91.17623138427734,124.33000183105469,93.58439636230469
2018-05-10,90.07217407226562,41.149776458740234,6.4273552894592285,46.73681640625,44.604400634765625,51.358619689941406,5.365330219268799,11.880000114440918,80.4540023803711,91.88367462158203,125.18000030517578,94.33792877197266
2018-05-11,89.8790054321289,41.697914123535156,6.28898811340332,46.47328186035156,44.434757232666016,50.53937911987305,5.390678405761719,11.600000381469727,80.14550018310547,91.53800201416016,125.0,94.57588195800781
2018-05-14,90.18258666992188,41.560874938964844,6.309497356414795,46.66880416870117,44.33107376098633,51.690216064453125,5.323083400726318,11.619999885559082,80.0770034790039,91.57015228271484,124.48999786376953,94.07616424560547
2018-05-15,89.52941131591797,42.275421142578125,6.067356109619141,45.835716247558594,43.928184509277344,52.67525863647461,5.2892866134643555,11.699999809265137,78.80599975585938,90.8707275390625,122.4800033569336,93.00528717041016
2018-05-16,89.76040649414062,43.12699890136719,6.078474998474121,46.44778060913086,44.338157653808594,55.103729248046875,5.272387981414795,11.609999656677246,79.36399841308594,91.11993408203125,122.29000091552734,92.64839172363281
2018-05-17,88.86418151855469,42.70610046386719,6.120477199554443,46.5922966003418,44.05777359008789,53.34819793701172,5.230141639709473,11.579999923706055,79.08799743652344,90.81446075439453,122.36000061035156,92.18035125732422
2018-05-18,89.03048706054688,42.461395263671875,6.07674503326416,45.478702545166016,43.89754867553711,52.070579528808594,5.238590717315674,11.539999961853027,78.71849822998047,89.34320068359375,122.41000366210938,92.97359466552734
2018-05-21,90.17615509033203,43.34233856201172,6.034741401672363,46.17576217651367,44.20856475830078,54.10892868041992,5.272387981414795,11.520000457763672,79.27300262451172,90.16324615478516,122.4800033569336,93.02118682861328
2018-05-22,90.08377075195312,41.971981048583984,5.996691703796387,46.2862663269043,44.09782409667969,57.57120132446289,5.238590717315674,11.59000015258789,79.06999969482422,90.85465240478516,122.41000366210938,92.87836456298828
2018-05-23,91.15554809570312,41.893680572509766,6.120062351226807,46.93232345581055,44.38057327270508,58.48796463012695,5.145648002624512,11.600000381469727,80.09300231933594,90.43659210205078,122.54000091552734,93.55265808105469
2018-05-24,90.83216857910156,42.6375846862793,6.1237688064575195,46.54130172729492,44.33107376098633,59.97040557861328,5.145648002624512,11.569999694824219,80.15350341796875,89.42359161376953,123.58999633789062,94.29824829101562
2018-05-25,90.87835693359375,43.9589958190918,6.163080215454102,47.127845764160156,44.43240737915039,59.8338623046875,5.187894344329834,11.75,80.50749969482422,88.96537017822266,123.20999908447266,94.8852767944336
2018-05-29,90.55499267578125,42.66695022583008,6.146020412445068,47.02583694458008,44.272178649902344,61.072479248046875,5.027356147766113,11.729999542236328,80.64350128173828,85.16265106201172,123.19000244140625,96.96348571777344
2018-05-30,91.42349243164062,42.38309097290039,6.2548041343688965,47.33186340332031,44.177940368652344,61.023719787597656,5.044255256652832,11.899999618530273,81.24449920654297,87.10822296142578,123.37000274658203,96.31303405761719
2018-05-31,91.32184600830078,42.61800765991211,6.235025405883789,46.92383575439453,44.02949905395508,56.166786193847656,5.093519687652588,11.829999923706055,81.48100280761719,86.03092956542969,123.0999984741211,96.1544189453125
2018-06-01,93.12352752685547,43.068267822265625,6.369273662567139,48.52194595336914,44.82353210449219,57.288368225097656,5.146302700042725,11.640000343322754,82.0770034790039,87.1484375,122.48999786376953,95.64636993408203
2018-06-04,93.93658447265625,43.91005325317383,6.548025131225586,48.309452056884766,45.198158264160156,57.63946533203125,5.216678619384766,11.90999984741211,83.26349639892578,87.18862915039062,122.37000274658203,94.95464324951172
2018-06-05,94.41703033447266,43.24445724487305,6.553463935852051,48.05440902709961,45.5468635559082,57.941810607910156,5.1902875900268555,12.15999984741211,84.81749725341797,86.69818878173828,122.8499984741211,95.17729949951172
2018-06-06,94.6942138671875,43.254241943359375,6.555442810058594,48.47944641113281,45.70472717285156,57.95155715942383,5.181490898132324,12.539999961853027,84.7874984741211,88.72418212890625,122.91999816894531,94.40603637695312
2018-06-07,93.20668029785156,42.91165542602539,6.499814987182617,47.50187301635742,45.58220291137695,58.156375885009766,5.137504577636719,12.25,84.46499633789062,89.07789611816406,122.86000061035156,95.32037353515625
2018-06-08,93.89964294433594,42.19711685180664,6.484486103057861,46.79631042480469,45.16751480102539,59.87287902832031,5.137504577636719,12.100000381469727,84.19950103759766,89.32711029052734,123.01000213623047,95.03416442871094
2018-06-11,93.36375427246094,43.224876403808594,6.443443775177002,46.34577560424805,45.05678939819336,59.87287902832031,5.1902875900268555,12.069999694824219,84.45600128173828,89.10204315185547,123.2300033569336,94.85929870605469
2018-06-12,93.6039810180664,42.49075698852539,6.4919023513793945,46.600791931152344,45.304176330566406,59.053627014160156,5.216678619384766,12.329999923706055,84.9375,88.58751678466797,122.81999969482422,94.88308715820312
2018-06-13,93.178955078125,42.011131286621094,6.487452983856201,46.77931594848633,44.931907653808594,58.56599044799805,5.348634243011475,12.329999923706055,85.24299621582031,88.41061401367188,123.19000244140625,94.83538055419922
2018-06-14,93.70561218261719,42.16775131225586,6.598955154418945,47.21284866333008,44.95547103881836,57.71748733520508,5.375026702880859,12.220000267028809,86.19300079345703,86.85094451904297,123.37999725341797,95.62249755859375
2018-06-15,92.51374053955078,41.86431121826172,6.558162212371826,46.847312927246094,44.4936637878418,56.79097366333008,5.383823871612549,12.3100004196167,85.79850006103516,86.74644470214844,121.33999633789062,95.70992279052734
2018-06-18,93.188232421875,41.54130172729492,6.553958892822266,45.240692138671875,44.47010803222656,57.005531311035156,5.331040859222412,12.199999809265137,86.18949890136719,86.97156524658203,121.11000061035156,95.62249755859375
2018-06-19,93.188232421875,40.6309928894043,6.432318687438965,44.994163513183594,43.75148391723633,57.785770416259766,5.243070125579834,11.890000343322754,86.73899841308594,86.4650650024414,120.80000305175781,96.17903900146484
2018-06-20,94.12140655517578,41.13998031616211,6.485227584838867,45.4447021484375,43.94233322143555,57.49317932128906,5.251866817474365,11.899999618530273,87.50399780273438,86.45703125,120.26000213623047,95.3362808227539
2018-06-21,93.44689178466797,40.61142349243164,6.356664180755615,44.365108489990234,43.697296142578125,57.971073150634766,5.199084281921387,11.699999809265137,86.51100158691406,86.432861328125,120.05000305175781,95.83717346191406
2018-06-22,92.77244567871094,40.47438049316406,6.204369068145752,44.62863540649414,43.570064544677734,55.68889617919922,5.234272003173828,10.680000305175781,85.78350067138672,85.01793670654297,120.33999633789062,95.8292465209961
2018-06-25,90.90609741210938,38.839744567871094,5.911889553070068,43.10700607299805,42.92210388183594,51.84626770019531,5.128708362579346,10.010000228881836,83.15750122070312,84.24617004394531,119.88999938964844,96.04389190673828
2018-06-26,91.5436019897461,38.262237548828125,5.982845783233643,42.22294235229492,43.45459747314453,53.240936279296875,5.128708362579346,10.119999885559082,84.55449676513672,84.30242919921875,119.26000213623047,96.17903900146484
2018-06-27,90.12069702148438,37.44981384277344,5.827829360961914,41.44937515258789,43.39098358154297,50.968505859375,5.040737152099609,9.699999809265137,83.02549743652344,83.00003814697266,118.58000183105469,97.0854263305664
2018-06-28,91.12779998779297,37.39108657836914,5.9549078941345215,41.865909576416016,43.70670700073242,51.826759338378906,5.0231428146362305,9.760000228881836,85.07250213623047,84.35870361328125,118.22000122070312,97.10929107666016
2018-06-29,91.10934448242188,37.156166076660156,5.857003211975098,42.256935119628906,43.61482238769531,51.14405059814453,5.05833101272583,9.649999618530273,84.98999786376953,83.77179718017578,118.6500015258789,96.77535247802734
2018-07-02,92.40286254882812,37.54770278930664,5.98902702331543,42.67348098754883,44.10254669189453,53.13364028930664,4.9703593254089355,9.960000038146973,85.68900299072266,84.47927856445312,117.45999908447266,96.69963073730469
2018-07-03,91.51587677001953,36.95061492919922,5.855519771575928,42.05293655395508,43.33443832397461,50.2077751159668,4.996751308441162,10.0,84.697998046875,83.29749298095703,118.6500015258789,97.21761322021484
2018-07-05,92.17185974121094,37.18553924560547,6.00114107131958,43.141014099121094,43.68313980102539,51.534175872802734,5.040737152099609,9.800000190734863,84.98650360107422,83.83905792236328,119.05000305175781,97.49651336669922
2018-07-06,93.46538543701172,37.283416748046875,6.114868640899658,43.668060302734375,44.288673400878906,51.91453552246094,5.0671281814575195,9.920000076293945,85.53150177001953,84.1138916015625,118.86000061035156,97.81523895263672
2018-07-09,94.10291290283203,38.47758102416992,6.162339687347412,44.08458709716797,44.90363693237305,52.96784973144531,5.146302700042725,10.039999961853027,86.95099639892578,86.71669006347656,119.1500015258789,97.18570709228516
2018-07-10,94.35238647460938,38.291603088378906,6.261233329772949,44.3396110534668,44.84944152832031,54.36250686645508,5.234272003173828,10.079999923706055,87.15350341796875,86.1832046508789,118.93000030517578,97.17776489257812
2018-07-11,94.22303009033203,35.198516845703125,6.119815349578857,43.52355194091797,44.26748275756836,52.841060638427734,5.137504577636719,9.880000114440918,87.75,85.99730682373047,117.63999938964844,97.55229949951172
2018-07-12,96.2649154663086,35.56068420410156,6.2112908363342285,44.501136779785156,45.009674072265625,54.07966995239258,5.1902875900268555,10.09000015258789,89.83100128173828,86.3691177368164,118.12999725341797,97.54434204101562
2018-07-13,97.41059875488281,36.333953857421875,6.164068698883057,44.390621185302734,45.0803337097168,54.957427978515625,5.111114025115967,10.199999809265137,90.65149688720703,85.97301483154297,117.61000061035156,97.79135131835938
2018-07-16,96.9301528930664,36.49056625366211,6.136378765106201,44.212100982666016,44.98139572143555,54.76237869262695,5.172693252563477,10.100000381469727,91.12449645996094,89.38414764404297,117.55000305175781,97.38495635986328
2018-07-17,97.89102935791016,36.58845520019531,6.272110462188721,43.991085052490234,45.10862731933594,55.55235290527344,5.111114025115967,10.109999656677246,92.19650268554688,89.31949615478516,116.27999877929688,97.20169067382812
2018-07-18,97.12418365478516,37.5574836730957,6.222911834716797,43.96558380126953,44.86122512817383,56.03024673461914,5.313446521759033,10.010000228881836,92.14600372314453,90.15204620361328,116.30999755859375,96.81118774414062
2018-07-19,96.45893859863281,37.322566986083984,6.2310709953308105,44.18659973144531,45.20994186401367,54.83064270019531,5.243070125579834,10.329999923706055,90.64849853515625,88.826416015625,115.80999755859375,97.42481994628906
2018-07-20,98.18669891357422,37.07786560058594,6.202885150909424,44.127098083496094,45.106266021728516,53.660301208496094,5.251866817474365,10.279999732971191,90.68499755859375,89.949951171875,116.55999755859375,96.2295150756836
2018-07-23,99.75739288330078,37.234474182128906,6.166292190551758,44.46712112426758,45.14632034301758,52.94834518432617,5.225475311279297,10.390000343322754,90.0999984741211,91.6231918334961,116.0,95.04219818115234
2018-07-24,99.47097778320312,36.65696716308594,6.148987293243408,44.35660934448242,45.47383117675781,51.85601806640625,5.1902875900268555,10.229999542236328,91.46199798583984,92.26985931396484,116.04000091552734,95.36886596679688
2018-07-25,102.3998794555664,37.38130569458008,6.227114200592041,44.569129943847656,45.902652740478516,52.070579528808594,5.2606635093688965,10.319999694824219,93.18049621582031,93.10240173339844,116.68000030517578,95.21747589111328
2018-07-26,101.2818832397461,39.17254638671875,6.30054235458374,44.3396110534668,45.75893020629883,52.43144226074219,4.882389068603516,10.260000228881836,90.4000015258789,92.83568572998047,115.7699966430664,95.03422546386719
2018-07-27,99.48944854736328,38.84953308105469,6.230822563171387,40.53131103515625,44.99787902832031,52.62649154663086,4.750432968139648,9.989999771118164,90.8635025024414,93.78948974609375,115.83000183105469,95.193603515625
2018-07-30,97.35516357421875,38.144779205322266,6.0357537269592285,40.539794921875,44.745784759521484,51.699974060058594,4.83840274810791,9.699999809265137,88.96099853515625,94.35533142089844,115.6500015258789,94.86688232421875
2018-07-31,98.01115417480469,38.70271301269531,6.053801536560059,40.88833999633789,44.83530807495117,51.48541259765625,4.750432968139648,9.8100004196167,88.87200164794922,92.91648864746094,115.98999786376953,95.38484191894531
2018-08-01,98.1959457397461,37.332359313964844,6.093606948852539,41.49187469482422,47.47657012939453,50.99776077270508,4.776823043823242,9.739999771118164,89.8584976196289,93.49041748046875,115.13999938964844,94.60771179199219
2018-08-02,99.3878173828125,37.12680435180664,6.196208477020264,42.06142044067383,48.86433792114258,52.080326080322266,4.724040508270264,10.010000228881836,91.71649932861328,93.88648986816406,114.5199966430664,94.74347686767578
2018-08-03,99.82208251953125,37.60643005371094,6.232799530029297,42.188934326171875,49.005714416503906,51.504913330078125,4.715243816375732,10.069999694824219,91.16449737548828,94.64631652832031,114.91999816894531,95.21471405029297
2018-08-06,99.90522766113281,37.69475555419922,6.280517101287842,42.16328430175781,49.26017761230469,51.368370056152344,4.680056095123291,10.1899995803833,92.38749694824219,94.67057037353516,114.33000183105469,95.27059936523438
2018-08-07,100.59818267822266,37.547542572021484,6.352710247039795,42.50537872314453,48.79835510253906,51.72922897338867,4.741635322570801,9.850000381469727,93.1240005493164,95.01815795898438,114.58999633789062,94.7754135131836
2018-08-08,101.16177368164062,37.665313720703125,6.389051914215088,42.72772979736328,48.831356048583984,52.070579528808594,4.741635322570801,10.319999694824219,94.32599639892578,95.21215057373047,114.91000366210938,94.87128448486328
2018-08-09,101.32808685302734,37.2138786315918,6.3405938148498535,42.881675720214844,49.21540069580078,50.968505859375,4.715243816375732,10.460000038146973,94.9260025024414,94.47657775878906,114.73999786376953,95.66993713378906
2018-08-10,100.70903015136719,36.566158294677734,6.2993059158325195,41.778419494628906,49.068809509277344,50.10049819946289,4.592085361480713,10.300000190734863,94.31500244140625,93.54701232910156,114.69000244140625,96.36474609375
2018-08-13,99.97914123535156,36.10491943359375,6.332189559936523,41.43633270263672,49.38563919067383,50.07124328613281,4.565694332122803,10.289999961853027,94.80999755859375,92.05968475341797,112.95999908447266,96.16508483886719
2018-08-14,101.22645568847656,36.399330139160156,6.46347188949585,41.15410614013672,49.59371566772461,49.36903762817383,4.574491500854492,10.220000267028809,95.98249816894531,92.67401123046875,113.06999969482422,95.949462890625
2018-08-15,99.85377502441406,36.7428092956543,6.405370235443115,40.58963394165039,49.70956802368164,46.31639862060547,4.47772216796875,9.949999809265137,94.13099670410156,91.90612030029297,111.19000244140625,96.50855255126953
2018-08-16,99.83518981933594,37.44940948486328,6.364823818206787,40.34162521362305,50.43781661987305,45.93601989746094,4.5305047035217285,10.079999923706055,94.32599639892578,92.77104187011719,111.0999984741211,96.5005111694336
2018-08-17,99.77957916259766,37.08629608154297,6.052813529968262,40.281761169433594,51.44505310058594,45.945777893066406,4.600882053375244,10.069999694824219,94.11100006103516,92.77104187011719,112.12999725341797,96.62032318115234
2018-08-20,99.12105560302734,39.245330810546875,6.127478122711182,39.768619537353516,50.94380187988281,46.88205337524414,4.618476867675781,10.140000343322754,93.83550262451172,92.64977264404297,112.69000244140625,97.2672119140625
2018-08-21,98.29558563232422,39.57899856567383,6.262962341308594,40.726478576660156,50.844486236572266,48.705841064453125,4.715243816375732,10.119999885559082,94.1709976196289,93.21556854248047,113.0199966430664,96.93980407714844
2018-08-22,99.29730224609375,38.46022415161133,6.4978346824646,40.23898696899414,50.846839904785156,48.99842834472656,4.75922966003418,10.170000076293945,95.24500274658203,92.93264770507812,113.2699966430664,97.32315826416016
2018-08-23,99.7610092163086,38.106937408447266,6.597225666046143,40.179115295410156,50.950889587402344,48.471778869628906,4.776823043823242,10.260000228881836,95.1449966430664,92.7386703491211,112.19999694824219,97.47486114501953
2018-08-24,100.54011535644531,38.09711456298828,6.73023796081543,40.76068878173828,51.10929870605469,49.44705581665039,4.908780574798584,10.600000381469727,95.26950073242188,92.6982650756836,114.16000366210938,97.66656494140625
2018-08-27,101.65309143066406,38.78408432006836,6.8212199211120605,41.35080337524414,51.53017044067383,50.783203125,5.0231428146362305,10.779999732971191,96.38400268554688,94.33916473388672,114.58999633789062,97.10749053955078
2018-08-28,102.26524353027344,39.932289123535156,6.783639907836914,41.538944244384766,51.946311950683594,51.04652786254883,5.040737152099609,10.9399995803833,96.64099884033203,93.87842559814453,113.68000030517578,96.52448272705078
2018-08-29,103.8976058959961,39.745826721191406,6.889021396636963,41.692909240722656,52.72183609008789,50.54913330078125,5.0231428146362305,10.819999694824219,99.90499877929688,93.57125091552734,114.19999694824219,96.65229034423828
2018-08-30,103.83271789550781,39.64769744873047,6.872199058532715,41.25673294067383,53.20653533935547,51.45615005493164,4.943968296051025,10.600000381469727,100.11900329589844,93.11051177978516,113.63999938964844,96.8599624633789
2018-08-31,104.18513488769531,39.72620391845703,6.943195819854736,41.41923141479492,53.82130432128906,51.222076416015625,4.882389068603516,10.670000076293945,100.635498046875,92.6174545288086,113.51000213623047,96.63634490966797
2018-09-04,103.610107421875,40.01080322265625,7.017901420593262,41.01725769042969,53.99388885498047,50.64665985107422,4.847200870513916,10.640000343322754,101.97550201416016,93.07815551757812,112.93000030517578,96.07757568359375
2018-09-05,100.62357330322266,38.9312858581543,6.887288570404053,40.812007904052734,53.641597747802734,48.31571960449219,4.750432968139648,9.970000267028809,99.74099731445312,92.62554931640625,113.31999969482422,95.82144165039062
2018-09-06,100.8554458618164,37.76344299316406,6.746288299560547,40.4185905456543,52.75021743774414,43.546573638916016,4.741635322570801,9.850000381469727,97.91549682617188,92.22943878173828,113.54000091552734,96.17362976074219
2018-09-07,100.3638916015625,37.714378356933594,6.72501277923584,39.725852966308594,52.324615478515625,43.751380920410156,4.680056095123291,10.020000457763672,97.60350036621094,92.40730285644531,113.2300033569336,95.35719299316406
2018-09-10,101.44902801513672,38.695762634277344,6.796008110046387,39.597564697265625,51.62239456176758,43.79039764404297,4.741635322570801,9.970000267028809,96.95050048828125,91.91419219970703,113.1500015258789,95.70938110351562
2018-09-11,103.17418670654297,39.43178939819336,6.748264789581299,38.42588806152344,52.92753982543945,42.52251434326172,4.715243816375732,10.300000190734863,99.35749816894531,92.49617767333984,113.22000122070312,94.98099517822266
2018-09-12,103.610107421875,38.5289192199707,6.634476184844971,38.42588806152344,52.270233154296875,40.7084846496582,4.671258926391602,10.279999732971191,99.5,91.40493774414062,114.16999816894531,95.2051010131836
2018-09-13,104.72308349609375,38.74482345581055,6.7121500968933105,38.973243713378906,53.532833099365234,42.54202651977539,4.812012195587158,10.260000228881836,99.49349975585938,91.7606201171875,113.76000213623047,95.34918975830078
2018-09-14,105.14974212646484,38.99999237060547,6.838062763214111,38.94758224487305,52.92518615722656,43.20522689819336,4.83840274810791,10.300000190734863,98.5094985961914,91.74445343017578,113.0199966430664,94.89295196533203
2018-09-17,104.0089340209961,39.56918716430664,6.776217937469482,38.844947814941406,51.5159912109375,42.503013610839844,4.83840274810791,10.109999656677246,95.40149688720703,92.01925659179688,113.61000061035156,94.89295196533203
2018-09-18,105.00135040283203,40.03043746948242,6.704236030578613,39.42652130126953,51.601112365722656,44.20976257324219,4.943968296051025,10.260000228881836,97.05249786376953,92.39110565185547,113.44000244140625,93.90037536621094
2018-09-19,103.60082244873047,40.825347900390625,6.727982521057129,39.46928405761719,51.63185119628906,43.946441650390625,4.803215980529785,10.210000038146973,96.32099914550781,95.07471466064453,113.87999725341797,93.34004211425781
2018-09-20,105.33523559570312,41.10995101928711,6.586981773376465,40.367271423339844,52.02434539794922,44.921730041503906,4.855997085571289,10.34000015258789,97.21499633789062,95.89112091064453,114.2699966430664,93.77227020263672
2018-09-21,105.97521209716797,42.78810501098633,6.516974925994873,39.90545654296875,51.46397399902344,43.634342193603516,4.917577743530273,10.40999984741211,95.75050354003906,95.26063537597656,113.48999786376953,93.73230743408203
2018-09-24,106.35548400878906,41.198280334472656,6.572632789611816,40.11925506591797,52.20403289794922,44.04397201538086,4.882389068603516,10.420000076293945,96.71800231933594,94.34723663330078,113.47000122070312,93.49214935302734
2018-09-25,106.15142059326172,40.05006408691406,6.639669418334961,39.26402282714844,52.53504943847656,43.53681182861328,4.926375389099121,10.399999618530273,98.72750091552734,94.08050537109375,113.6500015258789,93.39608001708984
2018-09-26,105.71551513671875,40.275779724121094,6.602812767028809,39.084415435791016,52.11654281616211,43.25397872924805,4.864794731140137,10.319999694824219,98.74250030517578,92.97309112548828,113.05000305175781,94.05245208740234
2018-09-27,106.11431884765625,40.72720718383789,6.614685535430908,39.23836135864258,53.18763732910156,43.8781623840332,5.005548000335693,10.1899995803833,100.64900207519531,92.56890869140625,112.05000305175781,94.11651611328125
2018-09-28,106.0772476196289,40.56037521362305,6.951603889465332,40.44424819946289,53.37442398071289,44.11224365234375,4.908780574798584,11.380000114440918,100.1500015258789,91.21096801757812,112.76000213623047,93.86832427978516
2018-10-01,107.22733306884766,38.87240982055664,7.1579108238220215,39.725852966308594,53.73381042480469,44.03421401977539,4.9351725578308105,10.829999923706055,100.21800231933594,91.74445343017578,112.56999969482422,93.17925262451172
2018-10-02,106.80067443847656,37.783077239990234,7.086668014526367,41.137001037597656,54.21142578125,44.6291389465332,4.820809364318848,10.359999656677246,98.56549835205078,92.1243667602539,113.87000274658203,93.7488021850586
2018-10-03,106.81922149658203,38.07748794555664,7.092854022979736,41.701454162597656,54.871097564697266,44.03421401977539,4.812012195587158,10.5600004196167,97.63800048828125,92.9892578125,113.41999816894531,92.12026977539062
2018-10-04,104.6117935180664,37.2138786315918,6.908810138702393,41.162654876708984,53.90640640258789,43.06867599487305,4.820809364318848,10.260000228881836,95.47100067138672,93.82765197753906,113.4800033569336,91.470458984375
2018-10-05,103.99966430664062,35.76143264770508,6.675539493560791,40.22188949584961,53.031578063964844,42.503013610839844,4.732839107513428,10.020000457763672,94.48249816894531,93.298583984375,113.80000305175781,90.68429565429688
2018-10-08,102.81246185302734,35.23149490356445,6.574365139007568,40.22188949584961,52.908626556396484,42.00562286376953,4.680056095123291,9.9399995803833,93.22100067138672,93.86835479736328,112.54000091552734,90.3794937133789
2018-10-09,104.12023162841797,32.92525100708008,6.568676471710205,39.81136703491211,53.641597747802734,41.22539138793945,4.662461757659912,9.760000228881836,93.51599884033203,93.2171630859375,112.5999984741211,91.29402923583984
2018-10-10,98.46253967285156,31.021377563476562,6.077645301818848,38.3147087097168,51.15660095214844,40.581695556640625,4.539301872253418,9.25,87.76249694824219,90.73454284667969,112.87999725341797,91.04530334472656
2018-10-11,98.23063659667969,30.68770980834961,5.8164215087890625,37.82722473144531,50.704986572265625,40.932804107666016,4.5305047035217285,9.510000228881836,85.96800231933594,88.01583099365234,115.77999877929688,92.15238952636719
2018-10-12,101.62525939941406,30.33441162109375,6.098672389984131,38.38312530517578,52.51612854003906,41.42044448852539,4.618476867675781,9.600000381469727,89.43049621582031,87.0553207397461,115.2300033569336,91.8315200805664
2018-10-15,99.79811096191406,31.188213348388672,5.822607040405273,38.08378982543945,51.39303970336914,41.293663024902344,4.653665065765381,9.470000267028809,88.04750061035156,86.55880737304688,116.0,91.79137420654297
2018-10-16,102.95157623291016,32.6602783203125,6.081108570098877,39.289676666259766,52.52558898925781,42.14215850830078,4.794417858123779,9.770000457763672,90.99800109863281,88.4146728515625,115.80000305175781,91.9999771118164
2018-10-17,102.68260955810547,32.94487762451172,6.012587070465088,39.246925354003906,52.298606872558594,41.303401947021484,4.855997085571289,9.739999771118164,91.58650207519531,89.39959716796875,115.79000091552734,91.4544448852539
2018-10-18,100.63285827636719,31.46299934387207,5.925264358520508,38.46009826660156,51.07620620727539,40.27934646606445,4.882389068603516,9.609999656677246,88.53600311279297,87.9832534790039,115.91999816894531,91.42235565185547
2018-10-19,100.78126525878906,31.44337272644043,5.668989181518555,37.63051223754883,51.85409164428711,39.45036697387695,4.943968296051025,9.319999694824219,88.20149993896484,87.8367919921875,116.01000213623047,91.2218017578125
2018-10-22,101.68091583251953,31.56113624572754,5.719699382781982,38.49430465698242,52.17092514038086,38.77742004394531,4.952765941619873,9.470000267028809,89.46499633789062,86.57505798339844,115.70999908447266,91.10149383544922
2018-10-23,100.26187896728516,31.777040481567383,5.468371868133545,38.058135986328125,52.662723541259766,37.7241096496582,4.882389068603516,9.359999656677246,88.43499755859375,85.67154693603516,116.38999938964844,91.39027404785156
2018-10-24,94.90097045898438,29.775026321411133,4.932814121246338,36.27922439575195,50.8563117980957,34.55442428588867,4.6272735595703125,8.829999923706055,83.20999908447266,84.07614135742188,116.66000366210938,92.08018493652344
2018-10-25,100.44737243652344,31.767223358154297,5.141347885131836,37.89564514160156,51.96995162963867,35.871055603027344,4.680056095123291,9.140000343322754,89.1084976196289,85.3541030883789,116.4000015258789,91.69513702392578
2018-10-26,99.20450592041016,31.855552673339844,4.905108451843262,39.07586669921875,51.14241027832031,34.52517318725586,4.908780574798584,8.960000038146973,82.1405029296875,84.18195343017578,116.7699966430664,92.24868774414062
2018-10-29,96.32000732421875,31.992942810058594,4.591690540313721,38.827842712402344,50.18245315551758,33.803443908691406,4.882389068603516,8.8100004196167,76.94400024414062,85.3459701538086,116.30999755859375,92.04008483886719
2018-10-30,96.2087173461914,34.014583587646484,5.021620273590088,40.84621810913086,50.43308639526367,35.120086669921875,4.952765941619873,9.020000457763672,76.52100372314453,86.85182189941406,115.80000305175781,91.58279418945312
2018-10-31,99.0654067993164,34.42676544189453,5.215311050415039,40.09360122680664,51.74769973754883,36.78782272338867,4.943968296051025,9.25,79.90049743652344,88.74028015136719,115.1500015258789,91.11750030517578
2018-11-01,98.23992919921875,35.692745208740234,5.395397663116455,41.23963165283203,52.54214859008789,39.128517150878906,5.084722518920898,9.529999732971191,83.27649688720703,88.70770263671875,116.62999725341797,91.20195007324219
2018-11-02,98.46253967285156,35.65348434448242,5.316486835479736,40.29030227661133,49.0569953918457,39.32357406616211,5.1023173332214355,9.369999885559082,83.27649688720703,88.21934509277344,116.6500015258789,90.06805419921875
2018-11-05,99.71464538574219,35.15160369873047,5.238565921783447,41.025821685791016,47.66434097290039,38.9334602355957,5.155099391937256,9.34000015258789,81.38999938964844,88.7972412109375,116.37000274658203,90.4218978881836
2018-11-06,99.90941619873047,34.6103515625,5.2210001945495605,40.66434860229492,48.17979431152344,38.816429138183594,5.155099391937256,9.4399995803833,82.1405029296875,89.21237182617188,116.04000091552734,90.36559295654297
2018-11-07,103.84197998046875,36.381710052490234,5.288532257080078,41.929466247558594,49.64100646972656,39.91850280761719,5.2606635093688965,9.630000114440918,87.77449798583984,90.74266815185547,116.02999877929688,90.48619079589844
2018-11-08,103.6471939086914,36.273460388183594,5.095585823059082,42.161834716796875,49.46779251098633,39.440616607666016,5.216678619384766,9.569999694824219,87.74549865722656,91.47526550292969,115.77999877929688,90.47817993164062
2018-11-09,101.62525939941406,35.643646240234375,5.087668418884277,41.40448760986328,48.513980865478516,38.143489837646484,5.163896560668945,9.300000190734863,85.62149810791016,90.58800506591797,114.4800033569336,91.15371704101562
2018-11-12,99.12105560302734,36.273460388183594,4.688660144805908,40.14797592163086,46.07012939453125,36.51475143432617,5.05833101272583,8.960000038146973,81.84249877929688,88.68328857421875,113.66000366210938,91.7488021850586
2018-11-13,99.18596649169922,37.17881774902344,4.930339813232422,40.78483581542969,45.60984802246094,36.91461944580078,5.146302700042725,8.960000038146973,81.55850219726562,89.2042465209961,113.69999694824219,91.69247436523438
2018-11-14,97.7794189453125,37.503570556640625,4.8778977394104,40.52664566040039,44.32147979736328,37.09017562866211,5.093519687652588,8.84000015258789,79.95050048828125,87.3646469116211,114.63999938964844,91.7488021850586
2018-11-15,99.93119049072266,37.21818161010742,5.006531238555908,41.40448760986328,45.415287017822266,38.9237060546875,5.0671281814575195,8.859999656677246,80.97200012207031,89.59495544433594,114.7699966430664,91.70855712890625
2018-11-16,100.8719711303711,36.16521072387695,4.067512035369873,42.02413558959961,45.91828918457031,38.4653205871582,5.111114025115967,8.970000267028809,79.67050170898438,89.52983856201172,115.62000274658203,92.23933410644531
2018-11-19,97.45337677001953,35.2500114440918,3.579451084136963,41.3098258972168,44.09844970703125,35.91983413696289,5.0319390296936035,8.59000015258789,75.614501953125,90.21359252929688,115.66999816894531,92.49665832519531
2018-11-20,94.74270629882812,35.02367401123047,3.6877987384796143,40.78483581542969,41.991519927978516,35.22737121582031,4.847200870513916,8.65999984741211,74.77300262451172,88.27631378173828,115.66999816894531,92.52882385253906
2018-11-21,96.04682159423828,35.73221206665039,3.579698085784912,40.475013732910156,41.94405746459961,35.48094177246094,4.864794731140137,8.779999732971191,75.83650207519531,87.61698150634766,115.86000061035156,92.49665832519531
2018-11-23,96.00955200195312,37.34611129760742,3.586872100830078,40.05329895019531,40.87871551513672,35.500457763671875,4.829606533050537,8.670000076293945,75.10299682617188,86.8111343383789,115.7699966430664,92.59317016601562
2018-11-26,99.17667388916016,37.49372482299805,3.7860047817230225,40.83647537231445,41.43157196044922,35.6662483215332,4.83840274810791,8.9399995803833,79.06649780273438,88.93563079833984,115.63999938964844,92.38409423828125
2018-11-27,99.8007583618164,37.68070602416992,3.802826166152954,41.37006759643555,41.341400146484375,36.08562469482422,4.812012195587158,8.859999656677246,79.07099914550781,89.31004333496094,114.94999694824219,92.48865509033203
2018-11-28,103.50813293457031,38.32036209106445,3.959658622741699,42.04994583129883,42.931087493896484,37.75336837768555,4.820809364318848,8.90999984741211,83.88749694824219,90.3031005859375,115.37999725341797,92.0383071899414
2018-11-29,102.64185333251953,37.80863571166992,3.8965163230895996,41.051631927490234,42.601295471191406,36.9731330871582,4.855997085571289,8.800000190734863,83.67849731445312,89.58680725097656,115.73999786376953,92.4001693725586
2018-11-30,103.29387664794922,39.52094650268555,4.046821594238281,42.437232971191406,42.37114334106445,37.60707473754883,4.812012195587158,8.789999961853027,84.50849914550781,90.50659942626953,115.54000091552734,92.7459945678711
2018-12-03,104.41168212890625,39.01906204223633,4.210496425628662,43.142948150634766,43.851688385009766,39.040740966796875,4.926375389099121,8.84000015258789,88.61799621582031,91.36128234863281,116.41000366210938,93.40451049804688
2018-12-04,101.08621215820312,36.106163024902344,3.8903260231018066,41.09465026855469,41.92270278930664,35.96859359741211,4.750432968139648,8.40999984741211,83.41999816894531,87.28324127197266,117.12000274658203,94.96825408935547
2018-12-06,101.71034240722656,36.3521842956543,3.919546127319336,41.628238677978516,41.455291748046875,36.73906326293945,4.943968296051025,8.260000228881836,84.95950317382812,85.62274169921875,117.13999938964844,95.26648712158203
2018-12-07,97.63968658447266,33.03581237792969,3.6550893783569336,39.79512023925781,39.97711181640625,34.43739700317383,4.864794731140137,8.0,81.45649719238281,84.07614135742188,118.08999633789062,95.44377899169922
2018-12-10,100.21992492675781,33.301517486572266,3.760326862335205,40.62992858886719,40.240478515625,33.93999481201172,4.996751308441162,7.900000095367432,82.05149841308594,82.50519561767578,117.68000030517578,95.83879852294922
2018-12-11,101.15143585205078,33.557376861572266,3.6694509983062744,40.7762336730957,40.01034164428711,34.33985137939453,5.137504577636719,7.860000133514404,82.16200256347656,81.6993408203125,117.54000091552734,95.82261657714844
2018-12-12,101.60787963867188,33.803401947021484,3.6870317459106445,41.163509368896484,40.121849060058594,35.139591217041016,5.313446521759033,7.96999979019165,83.177001953125,82.2284164428711,117.79000091552734,95.39546966552734
2018-12-13,101.95252227783203,31.943471908569336,3.6867835521698,41.55940246582031,40.560787200927734,34.15456008911133,5.304650783538818,7.710000038146973,82.91899871826172,82.30982971191406,117.52999877929688,95.16976165771484
2018-12-14,98.76679992675781,31.894268035888672,3.6263654232025146,41.189327239990234,39.262943267822266,33.35482406616211,5.225475311279297,7.599999904632568,79.59549713134766,81.63420867919922,117.05999755859375,95.50021362304688
2018-12-17,95.84187316894531,31.530160903930664,3.5552992820739746,40.51805114746094,38.89754867553711,33.042728424072266,5.163896560668945,7.440000057220459,76.04550170898438,80.59232330322266,117.87000274658203,96.05641174316406
2018-12-18,96.8479232788086,33.006290435791016,3.638498544692993,41.08604431152344,39.40293884277344,33.26705551147461,5.084722518920898,7.46999979019165,77.5739974975586,80.2097396850586,118.1500015258789,96.63163757324219
2018-12-19,96.58708953857422,31.90411376953125,3.4297566413879395,39.218509674072266,38.17388916015625,30.633769989013672,5.075925350189209,7.349999904632568,74.75399780273438,79.1922607421875,117.43000030517578,97.90823364257812
2018-12-20,94.55642700195312,31.382545471191406,3.3453187942504883,39.19268035888672,37.210575103759766,30.50698471069336,5.0671281814575195,7.550000190734863,73.04149627685547,78.50851440429688,119.23999786376953,97.55268859863281
2018-12-21,91.50113677978516,30.290210723876953,3.208385705947876,38.59025573730469,35.76326370239258,29.570701599121094,4.829606533050537,6.909999847412109,68.87249755859375,76.65262603759766,118.72000122070312,97.53659057617188
2018-12-24,87.68196105957031,29.247074127197266,3.1467297077178955,37.51447296142578,34.83790588378906,28.302827835083008,4.829606533050537,6.769999980926514,67.197998046875,75.00025939941406,120.0199966430664,98.02133178710938
2018-12-26,93.67149353027344,31.776182174682617,3.2957956790924072,39.75209045410156,37.291263580322266,30.126617431640625,4.891186714172363,7.0,73.54499816894531,78.10968017578125,119.66000366210938,96.97103118896484
2018-12-27,94.24901580810547,31.530160903930664,3.248004674911499,39.898399353027344,37.049232482910156,31.14091682434082,4.952765941619873,7.050000190734863,73.08200073242188,78.98876190185547,120.56999969482422,96.98716735839844
2018-12-28,93.51313018798828,31.323501586914062,3.3094141483306885,40.23404312133789,37.06821823120117,30.789813995361328,5.111114025115967,7.159999847412109,73.9010009765625,78.81784057617188,121.05999755859375,97.80321502685547
2018-12-31,94.61231994628906,31.599044799804688,3.3057003021240234,40.388954162597656,37.4265022277832,30.945859909057617,5.11991024017334,7.110000133514404,75.09850311279297,79.46089172363281,121.25,98.1748275756836
2019-01-02,94.19312286376953,31.96315574645996,3.3730528354644775,40.51805114746094,37.469207763671875,31.940658569335938,5.049534320831299,7.110000133514404,76.95649719238281,80.83650970458984,121.33000183105469,98.69197082519531
2019-01-03,90.72796630859375,29.581663131713867,3.1692628860473633,38.289039611816406,33.736976623535156,30.233898162841797,4.899983882904053,6.880000114440918,75.01399993896484,79.68768310546875,122.43000030517578,99.8150405883789
2019-01-04,94.94762420654297,31.530160903930664,3.3723092079162598,40.63853454589844,35.17720031738281,31.891891479492188,5.216678619384766,7.230000019073486,78.76950073242188,82.62540435791016,121.44000244140625,98.65959930419922
2019-01-07,95.0687484741211,32.42567825317383,3.5508413314819336,40.827877044677734,35.098907470703125,33.159767150878906,5.2958526611328125,7.429999828338623,81.47550201416016,82.6828384399414,121.86000061035156,98.3687515258789
2019-01-08,95.758056640625,31.90411376953125,3.462441921234131,41.08604431152344,35.768001556396484,32.90618896484375,5.410215377807617,7.409999847412109,82.8290023803711,82.52691650390625,121.52999877929688,98.11022186279297
2019-01-09,97.12734985351562,32.88820266723633,3.5305368900299072,41.318424224853516,36.37540817260742,34.564178466796875,5.4629974365234375,7.46999979019165,82.97100067138672,82.38743591308594,122.30999755859375,97.95669555664062
2019-01-10,96.5032730102539,31.530160903930664,3.596155881881714,41.791770935058594,36.49166488647461,35.022560119628906,5.4014177322387695,7.519999980926514,82.81099700927734,82.37922668457031,121.58999633789062,97.32650756835938
2019-01-11,95.758056640625,31.293975830078125,3.685298442840576,42.110191345214844,36.133384704589844,35.120086669921875,5.348634243011475,7.570000171661377,82.02799987792969,81.98534393310547,121.80000305175781,97.7061996459961
2019-01-14,95.0594482421875,31.205408096313477,3.7251651287078857,41.61103820800781,35.59005355834961,33.81320571899414,5.2958526611328125,7.489999771118164,80.8604965209961,82.83055114746094,122.08999633789062,97.34264373779297
2019-01-15,97.81666564941406,31.589202880859375,3.7110507488250732,41.82617950439453,36.318458557128906,33.15000534057617,5.322244644165039,7.53000020980835,83.72799682617188,83.43779754638672,121.87999725341797,96.98716735839844
2019-01-16,98.16132354736328,32.31742858886719,3.6855461597442627,41.421695709228516,36.762149810791016,32.75014877319336,5.234272003173828,7.659999847412109,84.18900299072266,84.11067199707031,122.2699966430664,97.08409118652344
2019-01-17,98.85063934326172,33.045654296875,3.7568604946136475,41.71430206298828,36.98043441772461,33.042728424072266,5.2606635093688965,7.690000057220459,84.66100311279297,84.455322265625,122.11000061035156,97.10833740234375
2019-01-18,100.33171081542969,33.42945098876953,3.8858695030212402,42.33395767211914,37.20820236206055,34.87626266479492,5.375026702880859,7.860000133514404,84.80999755859375,85.82572937011719,121.0199966430664,96.59934997558594
2019-01-22,98.44075012207031,32.219024658203125,3.6838128566741943,41.54218673706055,36.37303161621094,33.0329704284668,5.251866817474365,7.599999904632568,81.6084976196289,84.47174072265625,121.44999694824219,97.25379943847656
2019-01-23,99.40023040771484,31.146364212036133,3.6966891288757324,41.258182525634766,36.520145416259766,33.393836975097656,5.322244644165039,7.71999979019165,82.0009994506836,84.25836944580078,121.27999877929688,97.2134017944336
2019-01-24,98.92515563964844,33.124385833740234,3.90840220451355,42.82450485229492,36.230674743652344,35.685752868652344,5.41901159286499,7.769999980926514,82.74649810791016,84.30760192871094,121.08999633789062,97.85169982910156
2019-01-25,99.82869720458984,34.42337417602539,3.965602159500122,40.48362350463867,37.431236267089844,37.997188568115234,5.806084156036377,8.100000381469727,83.52850341796875,84.84101104736328,122.86000061035156,97.38307189941406
2019-01-28,97.88187408447266,35.98807144165039,3.4173755645751953,40.19961166381836,37.08483123779297,37.13894271850586,5.709315776824951,8.010000228881836,81.89450073242188,85.24308013916016,123.29000091552734,97.2861099243164
2019-01-29,95.88845825195312,35.71253204345703,3.258652687072754,40.05329895019531,36.70045852661133,36.46598815917969,5.762098789215088,7.960000038146973,79.69400024414062,85.48107147216797,123.9800033569336,97.77894592285156
2019-01-30,99.09281158447266,35.76173400878906,3.4020233154296875,40.913917541503906,39.2083740234375,37.29498291015625,5.779693126678467,8.130000114440918,83.52149963378906,85.67799377441406,124.69000244140625,97.7061996459961
2019-01-31,97.2763900756836,35.200801849365234,3.55950927734375,40.552467346191406,39.490718841552734,37.275482177734375,5.586156845092773,8.069999694824219,85.9365005493164,84.93128204345703,124.75,98.54655456542969
2019-02-01,95.73941802978516,35.535396575927734,3.5837745666503906,41.938072204589844,39.509700775146484,38.621368408203125,5.3926215171813965,8.109999656677246,81.3115005493164,85.24308013916016,124.5,97.95135498046875
2019-02-04,98.49664306640625,36.194732666015625,3.693965196609497,42.359779357910156,40.63197708129883,38.49458312988281,5.331040859222412,8.220000267028809,81.66549682617188,85.54670715332031,123.95999908447266,97.51403045654297
2019-02-05,99.87528991699219,36.44142532348633,3.713031530380249,43.0396614074707,41.32716369628906,38.39704895019531,5.313446521759033,8.34000015258789,82.94049835205078,85.16924285888672,124.27999877929688,97.95944213867188
2019-02-06,98.76679992675781,36.27367401123047,3.788555145263672,43.21720504760742,41.341400146484375,40.49392318725586,5.322244644165039,8.3100004196167,82.01300048828125,85.1281967163086,123.44000244140625,98.00802612304688
2019-02-07,98.0588607788086,35.69148254394531,3.6503844261169434,42.63694381713867,40.55841064453125,38.40680694580078,5.243070125579834,8.100000381469727,80.71849822998047,84.0121841430664,123.73999786376953,98.65583038330078
2019-02-08,98.43144226074219,35.52373123168945,3.6689565181732178,42.29916763305664,40.606075286865234,37.6265869140625,5.41901159286499,8.109999656677246,79.41100311279297,83.17520904541016,124.20999908447266,99.07695770263672
2019-02-11,98.04024505615234,36.105926513671875,3.6263654232025146,42.23854064941406,40.37255096435547,37.6265869140625,5.4629974365234375,8.260000228881836,79.55000305175781,82.78132629394531,123.5999984741211,98.68822479248047
2019-02-12,99.56787109375,35.277034759521484,3.7432405948638916,43.31247329711914,40.720455169677734,39.40159606933594,5.489388942718506,8.420000076293945,81.90049743652344,84.19273376464844,123.86000061035156,98.43720245361328
2019-02-13,99.49336242675781,35.73094940185547,3.785583019256592,43.710880279541016,40.551273345947266,40.64996337890625,5.5597662925720215,8.489999771118164,82.0,84.59481048583984,123.37000274658203,98.06472778320312
2019-02-14,99.57719421386719,35.63227462768555,3.8264412879943848,44.005348205566406,40.69900131225586,41.186370849609375,5.542171001434326,8.489999771118164,81.13249969482422,84.04502868652344,124.05999755859375,98.6234359741211
2019-02-15,100.8067626953125,34.58629608154297,3.896021604537964,44.74150848388672,40.608463287353516,40.952308654785156,5.5597662925720215,8.699999809265137,80.39749908447266,86.61346435546875,124.80000305175781,98.77729034423828
2019-02-19,100.76020050048828,35.00074005126953,3.878688097000122,44.51632308959961,40.729984283447266,40.92304611206055,5.427809715270996,8.739999771118164,81.37899780273438,86.30986785888672,126.69999694824219,99.02837371826172
2019-02-20,100.23633575439453,34.596168518066406,3.925982713699341,44.507667541503906,40.99209976196289,41.16686248779297,5.3662285804748535,8.520000457763672,81.1050033569336,86.72836303710938,126.4800033569336,98.74491119384766
2019-02-21,102.35052490234375,34.5172233581543,3.8571457862854004,44.52499008178711,40.76095199584961,40.50367736816406,5.410215377807617,8.369999885559082,80.97200012207031,86.54784393310547,125.05000305175781,97.86225128173828
2019-02-22,103.80986785888672,35.020477294921875,3.9418303966522217,45.46035385131836,41.216087341308594,41.51797866821289,5.489388942718506,8.630000114440918,81.5780029296875,86.16215515136719,125.5,98.44530487060547
2019-02-25,104.38985443115234,35.425052642822266,3.929450273513794,45.98865509033203,41.51631164550781,41.69353103637695,5.410215377807617,8.75,81.6500015258789,87.06480407714844,125.37000274658203,98.15379333496094
2019-02-26,105.11013793945312,35.770423889160156,3.8900790214538574,46.10124206542969,41.5401611328125,41.8983268737793,5.383823871612549,8.670000076293945,81.81999969482422,86.40010833740234,125.58000183105469,98.63961791992188
2019-02-27,104.93241882324219,35.21782684326172,3.8482306003570557,46.10990905761719,41.6688117980957,40.29887008666992,5.383823871612549,8.680000305175781,82.05449676513672,86.29344940185547,124.69000244140625,97.52214050292969
2019-02-28,104.80146789550781,35.15862274169922,3.8236923217773438,45.86739730834961,41.258975982666016,39.869728088378906,5.3574323654174805,8.699999809265137,81.99150085449219,85.63695526123047,123.98999786376953,97.19015502929688
2019-03-01,105.2691879272461,34.18172073364258,3.8779757022857666,46.161865234375,41.692657470703125,40.552433013916016,5.375026702880859,8.789999961853027,83.58650207519531,85.69442749023438,121.87999725341797,96.29183197021484
2019-03-04,105.0166244506836,33.273895263671875,3.886155843734741,46.716163635253906,41.902339935302734,40.045291900634766,5.348634243011475,8.739999771118164,84.80850219726562,85.49746704101562,121.55999755859375,97.04647827148438
2019-03-05,104.49274444580078,32.790374755859375,3.8797109127044678,46.4909782409668,41.82609939575195,39.00173568725586,5.41901159286499,8.710000038146973,84.62149810791016,85.43183135986328,121.72000122070312,97.24935150146484
2019-03-06,104.5395278930664,32.32659149169922,3.768911123275757,45.85874938964844,41.58542251586914,36.992645263671875,5.3662285804748535,9.079999923706055,83.44750213623047,85.11177825927734,121.61000061035156,97.60640716552734
2019-03-07,103.26728820800781,31.793739318847656,3.6997551918029785,45.55561447143555,41.104103088378906,36.895111083984375,5.304650783538818,9.020000457763672,81.29750061035156,84.49634552001953,121.51000213623047,98.23938751220703
2019-03-08,103.37953186035156,31.487838745117188,3.733961582183838,45.451690673828125,41.20179748535156,37.694847106933594,5.339838981628418,9.180000305175781,81.04000091552734,84.52916717529297,122.83999633789062,98.65328979492188
2019-03-11,105.54985809326172,31.62598419189453,3.9942288398742676,46.20518112182617,42.62910842895508,38.065452575683594,5.4014177322387695,9.260000228881836,83.53099822998047,85.62875366210938,122.23999786376953,98.36113739013672
2019-03-12,106.28884887695312,30.510934829711914,4.028436183929443,46.39570999145508,43.10806655883789,38.2800178527832,5.454200744628906,9.430000305175781,83.65499877929688,85.37438201904297,122.9800033569336,99.05084991455078
2019-03-13,107.11207580566406,31.418764114379883,4.1796369552612305,47.08857345581055,43.2987060546875,37.87041091918945,5.4014177322387695,9.4399995803833,84.54049682617188,85.66157531738281,123.83999633789062,98.86421966552734
2019-03-14,107.19627380371094,31.704925537109375,4.103788375854492,46.28311538696289,43.78002166748047,37.460784912109375,5.471794605255127,9.359999656677246,84.31099700927734,86.44114685058594,122.41000366210938,98.15011596679688
2019-03-15,108.43112182617188,31.014188766479492,4.209134578704834,47.053932189941406,44.349517822265625,38.5628547668457,5.621345520019531,9.420000076293945,85.61799621582031,87.43408203125,122.97000122070312,98.79933166503906
2019-03-18,109.98400115966797,30.9648494720459,4.187816619873047,46.854732513427734,44.802268981933594,38.63111877441406,5.568562030792236,9.399999618530273,87.10749816894531,87.95925903320312,123.04000091552734,98.74250030517578
2019-03-19,110.05883026123047,31.17207145690918,4.355379104614258,46.91535949707031,44.44721984863281,39.37234878540039,5.586156845092773,9.359999656677246,88.09249877929688,87.63922119140625,123.37999725341797,98.5234375
2019-03-20,109.93718719482422,30.550405502319336,4.322908401489258,46.61222839355469,44.83562088012695,39.13827133178711,5.533373832702637,9.369999885559082,89.8635025024414,85.76827239990234,124.18000030517578,99.55399322509766
2019-03-21,112.46302795410156,31.033926010131836,4.5593791007995605,47.32241439819336,46.48694610595703,42.90287399291992,5.506983280181885,9.359999656677246,90.96299743652344,84.41429901123047,123.68000030517578,99.77310943603516
2019-03-22,109.49755096435547,30.165565490722656,4.3997483253479,46.127227783203125,45.5242805480957,40.59144973754883,5.172693252563477,9.020000457763672,88.2385025024414,81.86225128173828,123.97000122070312,101.32308197021484
2019-03-25,110.06819152832031,29.810327529907227,4.3075408935546875,45.71150588989258,44.97383499145508,39.54788589477539,5.163896560668945,8.829999923706055,88.71299743652344,81.18115234375,124.91999816894531,101.48538208007812
2019-03-26,110.30207061767578,29.810327529907227,4.384133815765381,46.28311538696289,44.509178161621094,39.32357406616211,5.11991024017334,8.819999694824219,89.18800354003906,81.99353790283203,124.30000305175781,101.41236877441406
2019-03-27,109.23563385009766,30.530672073364258,4.374958515167236,46.04061508178711,44.90949249267578,38.26051712036133,5.11991024017334,8.760000228881836,88.28500366210938,81.71454620361328,123.6500015258789,102.34554290771484
2019-03-28,109.38529968261719,30.491199493408203,4.393553733825684,45.997314453125,44.96906280517578,38.367794036865234,5.005548000335693,8.880000114440918,88.6709976196289,82.64180755615234,121.9000015258789,102.70262908935547
2019-03-29,110.33014678955078,31.339824676513672,4.450811862945557,46.50830078125,45.26216125488281,40.308616638183594,5.0319390296936035,10.09000015258789,89.0374984741211,83.06853485107422,122.01000213623047,102.60523986816406
2019-04-01,111.34043884277344,31.922014236450195,4.518232345581055,47.2098274230957,45.56954574584961,41.20587921142578,5.075925350189209,9.619999885559082,90.70950317382812,85.86672973632812,121.52999877929688,101.14787292480469
2019-04-02,111.49945831298828,32.553550720214844,4.536078929901123,47.07990646362305,46.23198318481445,41.39118957519531,5.111114025115967,9.600000381469727,90.6989974975586,86.27703094482422,121.9800033569336,101.3348617553711
2019-04-03,112.22915649414062,33.2640266418457,4.675382614135742,48.04990768432617,46.54889678955078,42.81510543823242,5.1902875900268555,9.579999923706055,91.03500366210938,86.4493637084961,121.80000305175781,100.45655059814453
2019-04-04,111.65850830078125,33.481117248535156,4.666460990905762,48.43098831176758,46.629905700683594,41.83007049560547,5.1902875900268555,9.3100004196167,90.94300079345703,87.28450012207031,122.11000061035156,100.74120330810547
2019-04-05,112.15430450439453,33.609397888183594,4.733138561248779,48.15385055541992,46.94206619262695,42.24945068359375,5.207881927490234,9.319999694824219,91.86399841308594,87.07778930664062,121.9800033569336,100.8713150024414
2019-04-08,112.19171905517578,33.4317741394043,4.7539591789245605,48.22313690185547,47.680755615234375,41.83982467651367,5.243070125579834,9.359999656677246,92.49299621582031,87.35893249511719,122.51000213623047,100.51348876953125
2019-04-09,111.5836410522461,32.86931610107422,4.691247463226318,47.91134262084961,47.537776947021484,40.68898010253906,5.155099391937256,9.3100004196167,91.79199981689453,86.71395874023438,123.1500015258789,100.8306655883789
2019-04-10,112.4349365234375,33.569923400878906,4.761641979217529,48.28376388549805,47.80465316772461,41.12785720825195,5.146302700042725,9.300000190734863,92.36650085449219,87.10256958007812,123.52999877929688,101.0746078491211
2019-04-11,112.5659408569336,34.34946823120117,4.747762203216553,48.32706832885742,47.40672302246094,41.23514175415039,5.163896560668945,9.369999885559082,92.20349884033203,87.8385238647461,121.94999694824219,100.48091125488281
2019-04-12,113.14591979980469,34.231056213378906,4.7098388671875,48.86402130126953,47.387657165527344,40.97180938720703,5.225475311279297,9.270000457763672,92.15299987792969,91.956298828125,121.83000183105469,99.76526641845703
2019-04-15,113.23944854736328,33.303497314453125,4.57821798324585,48.74278259277344,47.47343826293945,40.78650665283203,4.961562633514404,9.199999809265137,92.24349975585938,90.90618133544922,121.5999984741211,100.01734924316406
2019-04-16,112.97750854492188,33.57979202270508,4.665221691131592,49.11518478393555,47.478206634521484,41.70327377319336,4.996751308441162,9.300000190734863,93.1520004272461,91.86536407470703,120.51000213623047,99.39116668701172
2019-04-17,113.91300201416016,33.92516326904297,4.642418384552002,50.71743392944336,48.40274429321289,42.083641052246094,5.11991024017334,9.210000038146973,93.24099731445312,94.51134490966797,120.27999877929688,99.43181610107422
2019-04-18,115.40975952148438,33.9152946472168,4.617877006530762,50.65681457519531,48.576698303222656,42.32746124267578,5.111114025115967,9.210000038146973,93.08450317382812,93.81676483154297,120.37000274658203,99.95230865478516
2019-04-22,115.77462005615234,33.03706741333008,4.67166805267334,50.9426155090332,48.73634338378906,42.32746124267578,5.111114025115967,9.260000228881836,94.3655014038086,93.93253326416016,120.37000274658203,99.47249603271484
2019-04-23,117.3462142944336,33.52058792114258,4.726198673248291,50.9079704284668,49.439292907714844,41.71302795410156,5.1023173332214355,9.199999809265137,96.1884994506836,94.04828643798828,120.12000274658203,99.6839370727539
2019-04-24,116.94396209716797,33.540321350097656,4.73859167098999,50.85600662231445,49.363033294677734,41.96660232543945,5.093519687652588,8.90999984741211,95.0875015258789,93.89118194580078,120.47000122070312,100.49720001220703
2019-04-25,120.81681060791016,32.96799087524414,4.632997512817383,49.8946647644043,48.91505813598633,41.69353103637695,4.662461757659912,9.050000190734863,95.11250305175781,93.94081115722656,120.56999969482422,100.350830078125
2019-04-26,121.50907897949219,32.622623443603516,4.414374828338623,45.408390045166016,48.68154525756836,41.05958557128906,4.715243816375732,9.1899995803833,97.53150177001953,94.65191650390625,121.37000274658203,100.69236755371094
2019-04-29,121.3968276977539,33.3232307434082,4.4451093673706055,44.265167236328125,48.755409240722656,41.069332122802734,4.680056095123291,9.289999961853027,96.92150115966797,96.01625061035156,120.83000183105469,100.04989624023438
2019-04-30,122.17327880859375,33.72780227661133,4.48650598526001,44.20454025268555,47.81656265258789,41.02058410644531,4.64486837387085,9.180000305175781,96.32599639892578,95.9583740234375,121.19999694824219,100.56224822998047
2019-05-01,119.62879180908203,33.46138000488281,4.473367691040039,43.962039947509766,50.1636848449707,40.86452865600586,4.592085361480713,9.069999694824219,95.57599639892578,95.22246551513672,120.4000015258789,100.97708129882812
2019-05-02,118.0665054321289,33.5008544921875,4.5407891273498535,43.78015899658203,49.83723068237305,41.50821304321289,4.565694332122803,9.220000267028809,95.04100036621094,95.42916870117188,119.94000244140625,100.49626922607422
2019-05-03,120.58294677734375,34.329734802246094,4.5363264083862305,44.8194465637207,50.45676040649414,42.259193420410156,4.556896686553955,9.390000343322754,98.12300109863281,96.01625061035156,120.6500015258789,100.78152465820312
2019-05-06,119.88134002685547,34.29026412963867,4.457999229431152,44.632110595703125,49.67756271362305,41.088844299316406,4.521708011627197,9.15999984741211,97.52749633789062,95.16458892822266,120.80999755859375,101.05860137939453
2019-05-07,117.42102813720703,33.55794906616211,4.290934085845947,43.98728561401367,48.338409423828125,39.26505661010742,4.4337358474731445,8.989999771118164,96.05000305175781,93.61006164550781,121.20999908447266,101.83283233642578
2019-05-08,117.41167449951172,33.39960861206055,4.311009883880615,42.906776428222656,48.347938537597656,38.76765823364258,4.380953788757324,8.930000305175781,95.88849639892578,93.11394500732422,120.91000366210938,101.39277648925781
2019-05-09,117.40232849121094,33.597537994384766,4.21855354309082,40.623756408691406,47.8284797668457,38.299522399902344,4.354562759399414,8.84000015258789,94.99349975585938,93.03952026367188,121.19999694824219,101.8083724975586
2019-05-10,118.92717742919922,33.63711929321289,4.18459415435791,40.257774353027344,47.165889739990234,37.97768020629883,4.336968898773193,8.829999923706055,94.4990005493164,93.0312728881836,121.43000030517578,101.66984558105469
2019-05-13,115.39105987548828,31.806324005126953,3.92755126953125,39.002986907958984,44.42464828491211,36.456233978271484,4.240200996398926,8.359999656677246,91.13400268554688,90.50102996826172,122.66999816894531,102.46854400634766
2019-05-14,116.6820297241211,32.00425338745117,4.016538143157959,39.36024856567383,45.12790298461914,37.55830764770508,4.196215629577637,8.470000267028809,92.00599670410156,91.22039794921875,122.45999908447266,102.16696166992188
2019-05-15,118.32516479492188,31.82611846923828,3.9555604457855225,39.752376556396484,45.668487548828125,37.460784912109375,4.196215629577637,8.569999694824219,93.55750274658203,90.87313079833984,122.38999938964844,102.79451751708984
2019-05-16,121.05745697021484,31.984455108642578,3.970679998397827,39.673946380615234,45.467552185058594,36.38795852661133,4.3633599281311035,8.630000114440918,95.37850189208984,92.03900909423828,121.51000213623047,102.45223999023438
2019-05-17,120.25000762939453,31.410476684570312,3.8799591064453125,39.11626434326172,45.2092170715332,35.168861389160156,4.345765590667725,8.449999809265137,93.44999694824219,91.5925064086914,120.6500015258789,102.68043518066406
2019-05-20,118.51295471191406,30.63857650756836,3.7614758014678955,37.95734405517578,43.7955322265625,33.76445007324219,4.468924522399902,8.1899995803833,92.94850158691406,92.07207489013672,120.63999938964844,102.46854400634766
2019-05-21,119.15142822265625,30.97504425048828,3.8435218334198,38.74156951904297,44.63512420654297,34.759239196777344,4.486518859863281,8.25,92.8759994506836,92.38627624511719,120.36000061035156,102.3055191040039
2019-05-22,119.8744125366211,29.609373092651367,3.772629737854004,38.34074401855469,43.721370697021484,33.87172317504883,4.563014984130859,8.3100004196167,92.98400115966797,91.63383483886719,120.23999786376953,102.89230346679688
2019-05-23,118.47537231445312,29.19373321533203,3.651667356491089,38.80257034301758,42.97507095336914,32.98421096801758,4.420697212219238,8.039999961853027,90.77400207519531,89.83125305175781,121.16999816894531,104.04964447021484
2019-05-24,118.53170776367188,28.86716079711914,3.5978798866271973,38.83742904663086,42.810028076171875,33.159767150878906,4.554118633270264,8.069999694824219,91.16400146484375,90.71601104736328,121.30000305175781,104.13924407958984
2019-05-28,118.45661163330078,28.43172836303711,3.552767038345337,37.96605682373047,42.63301086425781,32.12594985961914,4.456277370452881,8.050000190734863,91.82150268554688,89.73204803466797,120.83000183105469,104.88906860351562
2019-05-29,117.31110382080078,28.115049362182617,3.478652000427246,38.541160583496094,42.429691314697266,32.467308044433594,4.482961177825928,7.900000095367432,90.95950317382812,89.48397827148438,120.87000274658203,105.20691680908203
2019-05-30,118.05288696289062,27.87754249572754,3.452099561691284,38.97684860229492,42.649757385253906,32.49656295776367,4.527435302734375,7.920000076293945,90.81600189208984,88.5248031616211,121.69000244140625,106.11152648925781
2019-05-31,116.1280517578125,26.94729995727539,3.361522674560547,38.3755989074707,41.87712860107422,31.804121017456055,4.491856098175049,7.849999904632568,88.75350189208984,87.61524200439453,123.33000183105469,107.43994903564453
2019-06-03,112.52252960205078,26.917612075805664,3.3198325634002686,37.87019348144531,41.45374298095703,31.882139205932617,4.438488483428955,7.809999942779541,84.6344985961914,88.02867889404297,125.11000061035156,108.15863037109375
2019-06-04,115.6397933959961,28.81768035888672,3.5486319065093994,39.02913284301758,42.97029495239258,33.63766860961914,4.474066734313965,8.039999961853027,86.47799682617188,90.74079895019531,125.1500015258789,106.92545318603516
2019-06-05,118.14678192138672,30.0448055267334,3.505949020385742,38.81999206542969,43.66398239135742,32.516075134277344,4.491856098175049,7.900000095367432,86.92500305175781,91.06329345703125,125.47000122070312,106.32115936279297
2019-06-06,120.01524353027344,30.06459617614746,3.567988634109497,39.29925537109375,44.30503845214844,32.64285659790039,4.465171813964844,7.840000152587891,87.71800231933594,91.2617416381836,125.87999725341797,106.66409301757812
2019-06-07,123.37666320800781,30.59899139404297,3.610671281814575,40.10963821411133,45.484291076660156,33.15000534057617,4.518539905548096,7.940000057220459,90.20149993896484,90.26124572753906,126.58999633789062,107.58695983886719
2019-06-10,124.50334930419922,30.440654754638672,3.683382034301758,40.780609130859375,46.06557083129883,34.076534271240234,4.429592132568359,7.920000076293945,93.03150177001953,91.2369613647461,125.33000183105469,106.57427215576172
2019-06-11,124.03390502929688,30.26251983642578,3.740952968597412,40.82416915893555,46.59898376464844,33.979007720947266,4.589698314666748,8.260000228881836,93.18499755859375,91.51806640625,125.18000030517578,106.6396255493164
2019-06-12,123.46114349365234,30.777122497558594,3.628042459487915,40.36235427856445,46.45067596435547,32.14545822143555,4.536329746246338,8.729999542236328,92.76599884033203,90.35216522216797,125.83000183105469,106.72127532958984
2019-06-13,124.2405014038086,32.7464599609375,3.6791627407073975,40.69346618652344,46.44110870361328,32.55508041381836,4.518539905548096,8.680000305175781,93.51499938964844,90.57543182373047,126.5999984741211,107.0887680053711
2019-06-14,124.3625259399414,32.340721130371094,3.589329719543457,40.24906539916992,46.10383224487305,31.85287857055664,4.402907848358154,8.550000190734863,93.4834976196289,90.80697631835938,126.55999755859375,107.3582992553711
2019-06-17,124.73808288574219,32.22196578979492,3.599008560180664,40.19677734375,46.37890625,31.628564834594727,4.420697212219238,8.609999656677246,94.30149841308594,90.31083679199219,126.4800033569336,107.54613494873047
2019-06-18,126.90705871582031,32.18238067626953,3.7938098907470703,41.27729797363281,47.46967697143555,33.44260025024414,4.456277370452881,8.720000267028809,95.06849670410156,91.54287719726562,127.12000274658203,108.08512115478516
2019-06-19,127.40471649169922,32.86521911621094,3.799767017364502,41.0158805847168,47.33095169067383,33.10124206542969,4.482961177825928,8.960000038146973,95.43949890136719,90.88141632080078,127.88999938964844,108.24028015136719
2019-06-20,128.5877685546875,31.816221237182617,3.8240857124328613,41.12043762207031,47.711265563964844,33.30604934692383,4.5985941886901855,8.640000343322754,95.90950012207031,91.11293029785156,131.11000061035156,108.52608489990234
2019-06-21,128.60655212402344,31.24224281311035,3.766017198562622,41.355716705322266,47.548622131347656,32.42829513549805,4.589698314666748,8.479999542236328,95.56500244140625,90.49276733398438,131.97999572753906,107.33379364013672
2019-06-24,129.36708068847656,31.489646911621094,3.788351058959961,41.50384521484375,47.50078582763672,32.369789123535156,4.482961177825928,8.470000267028809,95.69499969482422,89.84780883789062,133.94000244140625,108.13411712646484
2019-06-25,125.2827377319336,30.935461044311523,3.7590689659118652,40.82416915893555,46.780784606933594,31.872385025024414,4.438488483428955,8.289999961853027,93.91349792480469,89.10362243652344,134.1999969482422,108.46898651123047
2019-06-26,125.75215911865234,31.133384704589844,3.952133893966675,41.99182891845703,47.79261016845703,36.124637603759766,4.465171813964844,7.559999942779541,94.8915023803711,89.69895935058594,132.97000122070312,107.7748031616211
2019-06-27,125.95873260498047,31.816221237182617,4.050652980804443,41.355716705322266,47.77824783325195,37.12917709350586,4.420697212219238,7.380000114440918,95.21399688720703,89.99662017822266,132.83999633789062,108.53427124023438
2019-06-28,125.78034210205078,32.271446228027344,4.075467109680176,41.712982177734375,47.342899322509766,37.63633346557617,4.456277370452881,7.460000038146973,94.68150329589844,92.44419860839844,133.1999969482422,108.4608383178711
2019-07-01,127.39530181884766,32.53864288330078,4.1236114501953125,41.869834899902344,48.211204528808594,39.118770599365234,4.474066734313965,7.480000019073486,96.1094970703125,93.99868774414062,130.6199951171875,108.20712280273438
2019-07-02,128.2403564453125,31.855806350708008,4.0258355140686035,41.930824279785156,48.49346160888672,38.621368408203125,4.50075101852417,7.449999809265137,96.71549987792969,94.09793853759766,133.41000366210938,109.04173278808594
2019-07-03,129.06661987304688,32.380306243896484,4.038739204406738,42.27937698364258,48.895328521728516,38.611610412597656,4.554118633270264,7.53000020980835,96.94999694824219,93.94803619384766,133.6300048828125,109.8191146850586
2019-07-05,128.69102478027344,32.12300109863281,3.9762048721313477,41.89598083496094,48.85226821899414,38.44581604003906,4.50075101852417,7.409999847412109,97.14550018310547,94.5059585571289,132.13999938964844,108.36254119873047
2019-07-08,128.59718322753906,32.44957733154297,3.9012625217437744,41.669410705566406,47.8452262878418,39.41136169433594,4.482961177825928,7.130000114440918,97.61599731445312,93.98965454101562,131.2899932861328,108.50985717773438
2019-07-09,128.127685546875,32.02404022216797,3.903743267059326,41.608421325683594,48.13705825805664,40.328128814697266,4.474066734313965,7.25,99.41500091552734,94.38938903808594,131.75,108.46894836425781
2019-07-10,129.4328155517578,32.59801483154297,3.971986770629883,42.009246826171875,48.613067626953125,41.83982467651367,4.50075101852417,7.070000171661377,100.87049865722656,94.11456298828125,133.8300018310547,107.87162017822266
2019-07-11,129.94920349121094,32.68708419799805,4.126339912414551,42.34908676147461,48.2590446472168,42.405487060546875,4.50075101852417,7.099999904632568,100.05349731445312,95.013916015625,132.6999969482422,106.43146514892578
2019-07-12,130.4187469482422,33.429298400878906,4.159344673156738,43.49930953979492,48.62981033325195,43.4100227355957,4.536329746246338,7.199999809265137,100.55000305175781,96.01319885253906,133.52999877929688,106.55421447753906
2019-07-15,130.4187469482422,33.26106643676758,4.150907039642334,43.673587799072266,49.08668899536133,43.3027458190918,4.536329746246338,7.190000057220459,101.04949951171875,94.84737396240234,133.52999877929688,107.16790771484375
2019-07-16,128.70986938476562,33.86473083496094,4.1461920738220215,42.84577178955078,48.91685104370117,41.9958610534668,4.554118633270264,7.139999866485596,100.49500274658203,95.86329650878906,132.39999389648438,106.84879302978516
2019-07-17,127.9493179321289,32.914695739746094,4.211457252502441,43.037479400634766,48.64177322387695,42.29821014404297,4.589698314666748,7.099999904632568,99.60150146484375,94.92231750488281,134.5800018310547,108.0025405883789
2019-07-18,128.09010314941406,33.38971710205078,4.223119735717773,43.5167350769043,49.194332122802734,43.566070556640625,4.571909427642822,7.03000020980835,98.8949966430664,95.48855590820312,136.47999572753906,108.0107421875
2019-07-19,128.2779541015625,32.736568450927734,4.179941177368164,43.80430221557617,48.459983825683594,44.39508056640625,4.571909427642822,7.079999923706055,98.22599792480469,94.54756927490234,134.47000122070312,107.75708770751953
2019-07-22,129.97740173339844,32.55843734741211,4.251410007476807,44.745384216308594,49.56748962402344,46.02379608154297,4.554118633270264,7.119999885559082,99.28150177001953,95.15546417236328,134.4499969482422,107.96166229248047
2019-07-23,130.7848663330078,33.37981414794922,4.359109878540039,45.093936920166016,49.954994201660156,45.78973388671875,4.5985941886901855,7.230000019073486,99.72450256347656,96.89585876464844,133.69000244140625,107.37249755859375
2019-07-24,132.12757873535156,34.230892181396484,4.433557510375977,46.113460540771484,49.914329528808594,46.80403518676758,4.607488632202148,7.300000190734863,100.04049682617188,97.28723907470703,134.3699951171875,107.83890533447266
2019-07-25,131.62994384765625,31.341205596923828,4.302530765533447,45.451210021972656,49.51963806152344,46.589473724365234,5.070016384124756,7.21999979019165,98.69100189208984,96.3545913696289,133.4199981689453,107.32344055175781
2019-07-26,132.70974731445312,30.915668487548828,4.344470024108887,44.954524993896484,49.69186782836914,46.31639862060547,5.08780574798584,7.369999885559082,97.15249633789062,96.77930450439453,133.63999938964844,107.57705688476562
2019-07-29,132.41867065429688,30.42085838317871,4.338264465332031,45.756187438964844,50.15593719482422,45.66294479370117,5.075229644775391,7.340000152587891,95.62249755859375,96.47118377685547,134.52999877929688,107.60978698730469
2019-07-30,131.78018188476562,30.391170501708984,4.353898525238037,45.050357818603516,49.940635681152344,46.28712463378906,4.9135422706604,7.429999828338623,94.92649841308594,96.25466918945312,134.97999572753906,107.87162017822266
2019-07-31,127.9493179321289,30.193248748779297,4.186891078948975,44.04829025268555,50.959632873535156,43.78063201904297,4.859644889831543,7.300000190734863,93.33899688720703,96.59608459472656,133.2100067138672,108.73898315429688
2019-08-01,129.63002014160156,29.53020477294922,4.092589855194092,43.13332748413086,49.85691452026367,42.52251434326172,4.823714256286621,7.269999980926514,92.76599884033203,94.0479507446289,136.41000366210938,110.89859771728516
2019-08-02,128.54080200195312,29.144254684448242,4.00002908706665,42.41880416870117,48.802040100097656,42.99066162109375,4.850662708282471,7.139999866485596,91.16200256347656,94.03961181640625,135.88999938964844,111.9234848022461
2019-08-05,124.1372299194336,28.23380470275879,3.74194598197937,40.92874526977539,46.24734878540039,40.903541564941406,4.751852035522461,6.849999904632568,88.25650024414062,91.2416763305664,137.7899932861328,113.85840606689453
2019-08-06,126.46573638916016,28.164287567138672,3.78065824508667,41.19630432128906,47.12283706665039,41.566749572753906,4.805748462677002,6.78000020980835,89.3915023803711,91.95781707763672,138.91000366210938,114.76847839355469
2019-08-07,127.01973724365234,28.432424545288086,3.818873405456543,40.994529724121094,47.610809326171875,40.71823501586914,4.7788004875183105,6.829999923706055,89.66999816894531,89.95926666259766,141.02000427246094,114.80947875976562
2019-08-08,130.40928649902344,28.879318237304688,3.927319049835205,41.38053894042969,48.660911560058594,41.57648849487305,4.850662708282471,7.059999942779541,91.64450073242188,91.483154296875,141.72999572753906,115.0553970336914
2019-08-09,129.30140686035156,28.581390380859375,3.82607102394104,40.336585998535156,48.259918212890625,40.49392318725586,4.859644889831543,6.960000038146973,90.37899780273438,91.38321685791016,141.25999450683594,114.82587432861328
2019-08-12,127.49858856201172,27.449256896972656,3.7583250999450684,40.00322723388672,48.13745880126953,41.088844299316406,4.769817352294922,6.840000152587891,89.24600219726562,89.6678237915039,142.6300048828125,117.219970703125
2019-08-13,130.1370391845703,27.320154190063477,3.872476577758789,41.091033935546875,50.17600631713867,43.078433990478516,4.787783145904541,7.0,91.21700286865234,91.05013275146484,141.77999877929688,116.81820678710938
2019-08-14,126.21798706054688,25.919883728027344,3.72407865524292,40.240089416503906,48.68251419067383,41.001068115234375,4.599146366119385,6.75,88.14800262451172,87.26956939697266,142.75,119.4500503540039
2019-08-15,125.93540954589844,25.23464584350586,3.691818952560425,40.09095001220703,48.44001007080078,41.196128845214844,4.545250415802002,6.679999828338623,88.80599975585938,87.6026611328125,143.6999969482422,120.77828216552734
2019-08-16,128.2434844970703,25.612024307250977,3.9595792293548584,40.79277038574219,49.582942962646484,42.4737548828125,4.644058704376221,6.849999904632568,89.62850189208984,89.7011489868164,142.77999877929688,119.81082916259766
2019-08-19,130.39138793945312,25.919883728027344,4.238008975982666,41.433170318603516,50.50736618041992,43.89767074584961,4.697956085205078,6.960000038146973,90.80599975585938,90.50887298583984,141.11000061035156,118.0972900390625
2019-08-20,129.30799865722656,25.651748657226562,4.165797233581543,40.8804931640625,50.509765625,43.1369514465332,4.626093864440918,6.889999866485596,90.06900024414062,89.3597183227539,142.2100067138672,119.31884765625
2019-08-21,130.74937438964844,26.237674713134766,4.249176025390625,41.36299133300781,51.057220458984375,43.078433990478516,4.644058704376221,7.090000152587891,91.177001953125,89.60952758789062,141.75999450683594,118.52362060546875
2019-08-22,129.7978515625,26.3469181060791,4.255382061004639,41.03839111328125,51.01398849487305,43.67335891723633,4.5542311668396,7.039999961853027,90.23300170898438,90.53385925292969,141.39999389648438,117.73648834228516
2019-08-23,125.66221618652344,25.24457550048828,4.031047344207764,39.4417724609375,48.656105041503906,41.8983268737793,4.50033712387085,6.980000019073486,87.48100280761719,88.28548431396484,144.1699981689453,119.67144775390625
2019-08-26,127.60285949707031,25.016164779663086,4.105743408203125,39.968135833740234,49.580535888671875,42.356712341308594,4.491353511810303,6.860000133514404,88.44349670410156,88.99331665039062,144.19000244140625,119.18769836425781
2019-08-27,127.87606048583984,24.28127098083496,4.015167236328125,40.16990280151367,49.021080017089844,41.39118957519531,4.43745756149292,6.730000019073486,88.09149932861328,88.05233764648438,145.57000732421875,121.02430725097656
2019-08-28,127.70647430419922,25.15519905090332,4.004733085632324,40.16990280151367,49.350013732910156,42.083641052246094,4.392543792724609,6.809999942779541,88.2125015258789,88.93502807617188,145.16000366210938,121.18006896972656
2019-08-29,130.11817932128906,26.13836669921875,4.148310661315918,41.11735153198242,50.185611724853516,43.566070556640625,4.419492244720459,6.960000038146973,89.31999969482422,90.9501953125,144.1199951171875,120.7208480834961
2019-08-30,129.8732452392578,26.128435134887695,4.1609787940979,41.59107208251953,50.12078094482422,44.1512451171875,4.455422878265381,6.869999885559082,88.81449890136719,91.483154296875,143.75,120.75370788574219
2019-09-03,128.15866088867188,26.327054977416992,4.0780110359191895,41.2138557434082,49.39084243774414,43.8781623840332,4.374578952789307,6.760000228881836,89.49199676513672,90.40062713623047,145.75,120.90975189208984
2019-09-04,129.6565704345703,26.81367301940918,4.192027568817139,42.915740966796875,50.22883605957031,45.6531982421875,4.4105095863342285,6.909999847412109,90.03099822998047,91.49148559570312,146.66000366210938,121.09043884277344
2019-09-05,131.93641662597656,27.498912811279297,4.464772701263428,43.95090103149414,51.21088790893555,47.81833267211914,4.464405059814453,7.28000020980835,92.03600311279297,93.57330322265625,143.13999938964844,118.89739990234375
2019-09-06,131.04136657714844,27.598222732543945,4.437697410583496,44.67026901245117,51.20608901977539,47.759803771972656,4.50033712387085,7.190000057220459,91.67549896240234,93.77315521240234,141.9199981689453,119.74346160888672
2019-09-09,129.5529327392578,28.243738174438477,4.483651638031006,45.2580451965332,51.424591064453125,47.91585922241211,4.509319305419922,6.980000019073486,91.56749725341797,96.09647369384766,141.38999938964844,117.61617279052734
2019-09-10,128.19638061523438,28.919044494628906,4.550223350524902,45.459808349609375,52.03205490112305,48.16942596435547,4.581180572509766,7.150000095367432,91.02749633789062,97.32056427001953,140.17999267578125,115.55459594726562
2019-09-11,128.23403930664062,29.55462646484375,4.578790187835693,46.31075668334961,53.686439514160156,49.23249053955078,4.581180572509766,7.510000228881836,91.14949798583984,97.5870361328125,141.02999877929688,115.34927368164062
2019-09-12,129.5529327392578,29.73338508605957,4.577299118041992,46.503746032714844,53.566375732421875,49.19347381591797,4.706937789916992,7.409999847412109,92.17749786376953,98.18660736083984,141.32000732421875,114.59363555908203
2019-09-13,129.3645477294922,29.743316650390625,4.5194220542907715,46.091434478759766,52.524295806884766,49.252010345458984,4.653041839599609,7.46999979019165,91.96700286865234,100.1185073852539,140.14999389648438,112.14606475830078
2019-09-16,128.43186950683594,27.578359603881836,4.476447105407715,45.79317092895508,52.800418853759766,48.91066360473633,4.599146366119385,7.590000152587891,90.39199829101562,99.22750091552734,141.32000732421875,113.57515716552734
2019-09-17,129.43043518066406,28.44235610961914,4.497811794281006,45.573848724365234,52.99250793457031,49.58359146118164,4.626093864440918,7.599999904632568,91.12750244140625,98.73619842529297,141.60000610351562,114.1911849975586
2019-09-18,130.49502563476562,28.402631759643555,4.470734596252441,45.38962936401367,53.48954391479492,49.23249053955078,4.6171112060546875,7.519999980926514,90.87300109863281,99.72712707519531,140.7100067138672,114.67573547363281
2019-09-19,132.8972625732422,28.10470199584961,4.39522123336792,45.2404899597168,53.0549430847168,48.588802337646484,4.626093864440918,7.570000171661377,91.07499694824219,99.41069793701172,141.27999877929688,115.02069091796875
2019-09-20,131.36172485351562,27.79684066772461,4.289649486541748,44.49481964111328,52.27937698364258,47.94511413574219,4.751852035522461,7.539999961853027,89.70800018310547,99.010986328125,142.9499969482422,116.54019165039062
2019-09-23,131.07907104492188,27.310222625732422,4.343056678771973,44.65272903442383,52.517086029052734,48.37424850463867,4.653041839599609,7.510000228881836,89.26499938964844,98.99433135986328,143.75,116.51560974121094
2019-09-24,129.42108154296875,26.81367301940918,4.285675525665283,43.70527648925781,52.267364501953125,47.311180114746094,4.581180572509766,5.809999942779541,87.08049774169922,97.70361328125,144.50999450683594,117.92011260986328
2019-09-25,131.28631591796875,27.25063705444336,4.427263259887695,44.757991790771484,53.071746826171875,48.24745559692383,4.5542311668396,5.570000171661377,88.41649627685547,98.26154327392578,141.8300018310547,116.19523620605469
2019-09-26,131.45591735839844,27.002363204956055,4.40515661239624,44.67026901245117,52.79802703857422,47.39894485473633,4.482370853424072,5.449999809265137,86.99199676513672,97.45380401611328,141.7899932861328,116.94267272949219
2019-09-27,129.75079345703125,26.823604583740234,4.266549110412598,44.54744338989258,52.54109573364258,42.14215850830078,4.527284145355225,5.260000228881836,86.27249908447266,98.02838134765625,141.05999755859375,117.23006439208984
2019-09-30,130.97544860839844,26.78388023376465,4.323927879333496,45.205387115478516,53.777687072753906,41.791053771972656,4.545250415802002,5.25,86.79550170898438,98.0033950805664,138.8699951171875,117.51760864257812
2019-10-01,129.1290283203125,26.615053176879883,4.32219123840332,44.529903411865234,53.926536560058594,41.25464630126953,4.4105095863342285,5.150000095367432,86.78250122070312,96.22135925292969,139.6300048828125,117.87137603759766
2019-10-02,126.8492202758789,25.194923400878906,4.298344612121582,43.32805252075195,52.57472610473633,40.94255447387695,4.329664707183838,5.019999980926514,85.6614990234375,94.30609893798828,141.25999450683594,118.15933990478516
2019-10-03,128.38473510742188,25.095611572265625,4.503772735595703,43.88949966430664,53.021324157714844,42.38597869873047,4.347630023956299,5.099999904632568,86.22100067138672,94.17179870605469,141.89999389648438,119.23725891113281
2019-10-04,130.11817932128906,25.651748657226562,4.520167350769043,44.67026901245117,54.50762176513672,43.44904708862305,4.392543792724609,5.159999847412109,86.98249816894531,96.2115249633789,141.89999389648438,120.1175537109375
2019-10-07,129.1761016845703,25.651748657226562,4.578790187835693,44.40708923339844,54.519615173339844,43.06867599487305,4.4105095863342285,5.099999904632568,86.63300323486328,96.00167083740234,140.69000244140625,119.12203979492188
2019-10-08,127.81011199951172,26.078779220581055,4.402424335479736,43.62632751464844,53.88092803955078,41.586246490478516,4.401526927947998,4.889999866485596,85.27549743652344,93.86122131347656,141.9199981689453,119.44291687011719
2019-10-09,130.23123168945312,26.883190155029297,4.488866806030273,44.284278869628906,54.51241683959961,41.82029724121094,4.4105095863342285,4.96999979019165,86.09950256347656,94.5411148071289,142.0500030517578,118.76820373535156
2019-10-10,131.04136657714844,26.992431640625,4.546496391296387,44.83695602416992,55.24715042114258,42.21042251586914,4.43745756149292,5.059999942779541,86.01300048828125,95.86736297607422,140.80999755859375,116.99923706054688
2019-10-11,131.5878143310547,27.17119026184082,4.620023250579834,45.69667053222656,56.71663284301758,43.98545455932617,4.509319305419922,5.320000171661377,86.59600067138672,97.4874038696289,140.02999877929688,115.55109405517578
2019-10-14,131.46531677246094,27.42939567565918,4.633438587188721,45.30190658569336,56.63499069213867,43.751380920410156,4.44644021987915,5.21999979019165,86.82150268554688,97.74761199951172,140.58999633789062,116.3904037475586
2019-10-15,133.3683319091797,28.07491111755371,4.877865314483643,46.18793869018555,56.502925872802734,45.31184005737305,4.50033712387085,5.239999771118164,88.36900329589844,100.69390869140625,139.61000061035156,114.98345947265625
2019-10-16,132.27549743652344,27.856426239013672,4.824210166931152,46.01248550415039,56.27482604980469,44.04397201538086,4.572197914123535,5.110000133514404,88.87149810791016,100.45886993408203,140.41000366210938,115.1233139038086
2019-10-17,131.59719848632812,27.737255096435547,4.826197624206543,45.49489974975586,56.49332809448242,44.37556838989258,4.697956085205078,5.210000038146973,89.3740005493164,101.02124786376953,140.61000061035156,114.8436279296875
2019-10-18,129.44932556152344,28.025253295898438,4.731805801391602,45.0562744140625,56.76465606689453,42.395729064941406,4.6710076332092285,5.079999923706055,87.87550354003906,101.19754791259766,140.4600067138672,114.8436279296875
2019-10-21,130.4102020263672,28.422494888305664,4.868921756744385,45.73176193237305,57.74911880493164,44.10248565673828,4.6710076332092285,5.210000038146973,89.28299713134766,103.70732879638672,139.7899932861328,113.9795913696289
2019-10-22,128.46954345703125,28.064977645874023,4.858985900878906,45.626487731933594,57.6170539855957,43.55632019042969,4.653041839599609,5.150000095367432,88.2864990234375,104.74817657470703,140.1999969482422,114.6460952758789
2019-10-23,129.28915405273438,28.094772338867188,4.846071720123291,45.3720817565918,58.390193939208984,43.55632019042969,4.59016227722168,5.210000038146973,88.1084976196289,105.02518463134766,140.52999877929688,114.76126861572266
2019-10-24,131.83274841308594,29.207040786743164,4.890037536621094,45.81948471069336,58.48625183105469,45.93601989746094,3.50325608253479,5.170000076293945,89.03900146484375,104.94964599609375,141.52999877929688,114.53091430664062
2019-10-25,132.57696533203125,30.647035598754883,5.080810070037842,49.53031539916992,59.20657730102539,46.84303665161133,3.395463466644287,5.21999979019165,88.06649780273438,105.78903198242188,141.86000061035156,113.9714126586914
2019-10-28,135.83651733398438,31.143585205078125,5.136700630187988,49.79349136352539,59.799659729003906,47.48672866821289,3.224792003631592,5.289999961853027,88.85399627685547,106.19194793701172,140.63999938964844,112.93470764160156
2019-10-29,134.55532836914062,30.706621170043945,5.040567398071289,49.42503356933594,58.416622161865234,46.92106628417969,3.188861131668091,5.269999980926514,88.135498046875,106.12480163574219,140.25,113.00882720947266
2019-10-30,136.23216247558594,30.080970764160156,5.04255485534668,49.65312576293945,58.4094123840332,46.69675064086914,3.278688430786133,5.289999961853027,88.99949645996094,105.53721618652344,141.02000427246094,114.66253662109375
2019-10-31,135.0640106201172,29.852554321289062,4.993371486663818,49.59171676635742,59.73003005981445,46.374900817871094,3.278688430786133,5.260000228881836,88.83300018310547,104.85729217529297,142.42999267578125,116.20939636230469
2019-11-01,135.3937530517578,30.349103927612305,5.032371520996094,49.57417297363281,61.42521667480469,47.18440628051758,3.2876713275909424,5.489999771118164,89.5719985961914,107.27476501464844,142.55999755859375,115.8516616821289
2019-11-04,136.1756591796875,30.73641586303711,5.228857040405273,50.53916549682617,61.82859420776367,48.3644905090332,3.2427573204040527,5.610000133514404,90.23300170898438,108.13094329833984,142.14999389648438,114.32685852050781
2019-11-05,136.0908660888672,31.06519889831543,5.20674991607666,50.48652648925781,61.73975372314453,47.47698211669922,3.1798782348632812,5.53000020980835,90.08550262451172,108.365966796875,139.85000610351562,113.04106903076172
2019-11-06,135.71408081054688,30.84600830078125,5.157564163208008,50.80848693847656,61.76617431640625,46.50168991088867,3.224792003631592,5.550000190734863,89.78849792480469,108.53385162353516,140.4499969482422,113.7251968383789
2019-11-07,135.90243530273438,30.77626609802246,5.175201892852783,51.20542907714844,62.47903060913086,47.20389938354492,3.206826686859131,5.53000020980835,89.41000366210938,109.12142181396484,138.27000427246094,111.66463470458984
2019-11-08,137.5039520263672,30.646745681762695,5.16129207611084,51.39948272705078,62.6500129699707,46.02379608154297,3.206826686859131,5.539999961853027,89.29399871826172,109.44041442871094,137.38999938964844,111.19490051269531
2019-11-11,137.645263671875,30.477371215820312,5.171229362487793,51.47005844116211,63.14614486694336,45.116783142089844,3.170895576477051,5.559999942779541,88.5824966430664,109.05426025390625,137.05999755859375,111.2690200805664
2019-11-12,138.54971313476562,29.41131019592285,5.20674991607666,51.337745666503906,63.088340759277344,45.740966796875,3.15293025970459,5.630000114440918,88.9000015258789,108.4163589477539,137.42999267578125,111.78005981445312
2019-11-13,138.7757568359375,28.554475784301758,5.1809163093566895,51.064300537109375,63.692832946777344,45.155792236328125,3.116999626159668,5.519999980926514,87.65550231933594,107.84555053710938,137.97999572753906,112.50538635253906
2019-11-14,139.48233032226562,28.664072036743164,5.211220741271973,50.99372863769531,63.25212097167969,45.643436431884766,3.027172088623047,5.380000114440918,87.7300033569336,107.9462890625,138.55999755859375,113.66748809814453
2019-11-15,141.2816619873047,28.753740310668945,5.072115898132324,51.126041412353516,64.00349426269531,46.53095245361328,3.099034309387207,5.480000019073486,86.97450256347656,108.72691345214844,138.2100067138672,113.54388427734375
2019-11-18,141.63026428222656,28.49469757080078,5.273072719573975,51.38185501098633,64.32620239257812,46.638221740722656,3.099034309387207,5.289999961853027,87.62650299072266,109.64185333251953,138.6199951171875,113.74989318847656
2019-11-19,141.6773223876953,29.182157516479492,5.166507720947266,51.47005844116211,64.13114929199219,45.42888259887695,3.081068754196167,5.349999904632568,87.6395034790039,109.60828399658203,138.69000244140625,114.6977767944336
2019-11-20,141.4315185546875,28.126060485839844,5.2457475662231445,51.073116302490234,63.38455581665039,44.4438362121582,3.009206771850586,5.260000228881836,87.27649688720703,108.81085968017578,138.75999450683594,115.88463592529297
2019-11-21,141.29922485351562,27.827165603637695,5.220907688140869,51.35538864135742,63.10038375854492,44.42433166503906,3.0361552238464355,5.340000152587891,86.7354965209961,109.06268310546875,138.0,115.15933227539062
2019-11-22,141.40322875976562,28.574403762817383,5.238544940948486,50.81731414794922,63.04497528076172,44.73641586303711,3.081068754196167,5.599999904632568,87.28600311279297,109.7845458984375,137.74000549316406,115.30768585205078
2019-11-25,142.95339965820312,28.88326072692871,5.494895935058594,51.875823974609375,64.15040588378906,46.34564208984375,3.116999626159668,5.480000019073486,88.69200134277344,110.37212371826172,137.0800018310547,115.6456069946289
2019-11-26,143.7096405029297,28.94304084777832,5.390317916870117,51.955204010009766,63.64945602416992,45.56541442871094,3.081068754196167,5.539999961853027,89.84700012207031,110.5232162475586,137.74000549316406,116.32145690917969
2019-11-27,143.98377990722656,28.84341049194336,5.4251203536987305,51.61119079589844,64.5044174194336,46.96983337402344,3.1080167293548584,5.599999904632568,90.92549896240234,110.85055541992188,137.00999450683594,115.98356628417969
2019-11-29,143.0952606201172,28.63418197631836,5.387831687927246,51.20542907714844,64.36233520507812,46.33588790893555,3.1439473628997803,5.570000171661377,90.04000091552734,110.59873962402344,137.86000061035156,115.73628997802734
2019-12-02,141.3654022216797,27.976612091064453,5.201642036437988,50.861419677734375,63.6181640625,45.24356460571289,3.1080167293548584,5.5,89.08000183105469,110.35533905029297,137.7899932861328,114.19316101074219
2019-12-03,141.13848876953125,27.18952178955078,5.162117958068848,49.458885192871094,62.48384475708008,44.11224365234375,3.116999626159668,5.380000114440918,88.49800109863281,108.93675994873047,139.11000061035156,116.58751678466797
2019-12-04,141.6490020751953,27.27918815612793,5.205867767333984,49.41478729248047,63.03535079956055,45.155792236328125,3.099034309387207,5.420000076293945,88.03450012207031,111.08562469482422,138.9199981689453,115.42333221435547
2019-12-05,141.72457885742188,27.139705657958984,5.188963413238525,49.467708587646484,63.96013641357422,45.46787643432617,3.1259822845458984,5.369999885559082,87.02400207519531,111.68997955322266,139.0,114.86187744140625
2019-12-06,143.44497680664062,27.627901077270508,5.274228096008301,50.11164093017578,65.19561767578125,46.74551010131836,3.1259822845458984,5.409999847412109,87.58000183105469,113.35197448730469,137.6199951171875,114.22621154785156
2019-12-09,143.0763702392578,27.388784408569336,5.274228096008301,49.864654541015625,64.28285217285156,45.30207824707031,3.0720856189727783,5.440000057220459,87.47550201416016,112.82318115234375,137.5800018310547,114.47392272949219
2019-12-10,142.8589324951172,26.900588989257812,5.319223403930664,49.91757583618164,64.65856170654297,46.28712463378906,3.0720856189727783,5.380000114440918,86.96050262451172,112.89871978759766,137.97000122070312,114.48213195800781
2019-12-11,143.397705078125,26.761104583740234,5.402746677398682,50.34098434448242,65.2100830078125,48.042633056640625,3.116999626159668,5.539999961853027,87.43599700927734,112.63011169433594,138.9199981689453,115.38209533691406
2019-12-12,144.85345458984375,27.617937088012695,5.570045471191406,50.76438522338867,65.37621307373047,49.710384368896484,3.206826686859131,5.670000076293945,88.0165023803711,115.85338592529297,138.42999267578125,113.48313903808594
2019-12-13,146.0728302001953,27.378820419311523,5.568057537078857,50.9760856628418,66.2649154663086,49.93470764160156,3.1619129180908203,5.659999847412109,88.0469970703125,114.83772277832031,139.0500030517578,114.7958755493164
2019-12-16,147.0181121826172,27.817201614379883,5.596891403198242,50.89670181274414,67.39923095703125,51.63169860839844,3.224792003631592,5.71999979019165,88.46050262451172,115.28262329101562,139.0399932861328,113.7638168334961
2019-12-17,146.22410583496094,28.17587661743164,5.674948692321777,50.54386520385742,67.53168487548828,51.690216064453125,3.233774423599243,5.710000038146973,89.53299713134766,115.98767852783203,139.00999450683594,113.60697937011719
2019-12-18,145.921630859375,27.896907806396484,5.705275535583496,50.42918395996094,67.37032318115234,51.72922897338867,3.233774423599243,5.650000095367432,89.20149993896484,115.87016296386719,139.02000427246094,112.67404174804688
2019-12-19,147.188232421875,28.444881439208984,5.853183746337891,51.126041412353516,67.43775939941406,53.182403564453125,3.224792003631592,5.809999942779541,89.61399841308594,115.29100036621094,139.3800048828125,112.85431671142578
2019-12-20,148.7952423095703,28.93307876586914,5.950379848480225,51.99931335449219,67.298095703125,53.699317932128906,3.2427573204040527,6.53000020980835,89.32499694824219,115.19866180419922,139.52000427246094,113.00313568115234
2019-12-23,148.7952423095703,29.192119598388672,5.936707973480225,52.246299743652344,68.39627075195312,54.030906677246094,3.2697060108184814,6.46999979019165,89.6500015258789,115.16509246826172,139.9499969482422,112.83770751953125
2019-12-24,148.76687622070312,29.07256317138672,5.931735992431641,52.40507125854492,68.4613037109375,54.050411224365234,3.260723114013672,6.360000133514404,89.46050262451172,115.48406219482422,141.27000427246094,113.1602783203125
2019-12-26,149.98629760742188,29.560758590698242,5.945905685424805,52.76673126220703,69.8196029663086,53.748077392578125,3.251739978790283,6.429999828338623,93.4384994506836,116.70954895019531,142.3800048828125,113.43310546875
2019-12-27,150.26040649414062,28.33528709411621,5.888233184814453,52.99607467651367,69.7930908203125,52.694759368896484,3.260723114013672,6.449999809265137,93.48999786376953,116.79351806640625,142.3300018310547,113.55721282958984
2019-12-30,148.9653778076172,28.19580078125,5.775128364562988,52.59031677246094,70.20732116699219,51.8950309753418,3.314619541168213,6.420000076293945,92.34449768066406,116.36543273925781,142.6300048828125,113.14376068115234
2019-12-31,149.06939697265625,28.574403762817383,5.849206447601318,52.79319381713867,70.72029113769531,52.45094680786133,3.3325846195220947,6.420000076293945,92.39199829101562,117.0117416381836,142.89999389648438,112.03559112548828
2020-01-02,151.82955932617188,28.982892990112305,5.963804244995117,53.66646957397461,72.33387756347656,54.021156311035156,3.4763076305389404,6.519999980926514,94.90049743652344,118.43035125732422,143.9499969482422,113.30084228515625
2020-01-03,149.93899536132812,27.548194885253906,5.868346214294434,53.01372146606445,71.63064575195312,53.182403564453125,3.4224112033843994,6.460000038146973,93.74849700927734,116.86750030517578,145.86000061035156,115.045654296875
2020-01-06,150.32656860351562,27.219409942626953,5.892955780029297,52.863765716552734,72.20140075683594,52.24613571166992,3.539186716079712,6.679999828338623,95.14399719238281,116.77452087402344,147.38999938964844,114.39236450195312
2020-01-07,148.9559326171875,27.11977767944336,5.964302062988281,51.98167419433594,71.86185455322266,56.82998275756836,3.5481696128845215,6.659999847412109,95.34300231933594,114.78935241699219,147.97000122070312,113.83012390136719
2020-01-08,151.32852172851562,27.73749542236328,5.97548770904541,52.0169563293457,73.0178451538086,56.0985221862793,3.611048698425293,6.659999847412109,94.59850311279297,115.6847915649414,146.86000061035156,113.07756805419922
2020-01-09,153.2190704345703,27.847091674804688,6.041114330291748,52.30805206298828,74.56879425048828,55.893699645996094,3.6020655632019043,6.639999866485596,95.05249786376953,116.10717010498047,146.02999877929688,113.4745101928711
2020-01-10,152.51011657714844,27.219409942626953,6.073430061340332,51.9904899597168,74.73736572265625,55.2695198059082,3.611048698425293,6.559999942779541,94.15799713134766,114.94982147216797,146.91000366210938,114.4834213256836
2020-01-13,154.34397888183594,27.289152145385742,6.263846397399902,52.5638542175293,76.33409881591797,56.03024673461914,3.6469790935516357,6.670000076293945,94.56500244140625,115.90442657470703,145.82000732421875,114.1361083984375
2020-01-14,153.25692749023438,27.428638458251953,6.1470112800598145,52.4227180480957,75.3033447265625,56.0985221862793,3.6020655632019043,6.639999866485596,93.47200012207031,117.25607299804688,145.69000244140625,114.72318267822266
2020-01-15,154.24942016601562,27.478452682495117,6.104504585266113,51.9904899597168,74.9806137084961,54.781883239746094,3.6469790935516357,6.730000019073486,93.10099792480469,115.4989013671875,146.5399932861328,115.48394775390625
2020-01-16,157.0758056640625,28.126060485839844,6.1880269050598145,52.62560272216797,75.91987609863281,56.25457000732422,3.7727367877960205,6.820000171661377,93.89700317382812,115.9466552734375,146.30999755859375,115.12013244628906
2020-01-17,157.9549102783203,28.295433044433594,6.196728229522705,52.572662353515625,76.76036071777344,56.23505783081055,3.7188405990600586,6.730000019073486,93.23600006103516,116.74922180175781,146.5800018310547,114.1361083984375
2020-01-21,157.38775634765625,27.099853515625,6.163416385650635,53.4106559753418,76.24018096923828,57.5126838684082,3.709857940673828,6.579999923706055,94.5999984741211,115.60028076171875,146.74000549316406,115.3351821899414
2020-01-22,156.6315155029297,27.219409942626953,6.217361927032471,55.33362579345703,76.51229858398438,57.707740783691406,3.6739275455474854,6.630000114440918,94.37300109863281,115.46511840820312,146.7899932861328,115.7403793334961
2020-01-23,157.595703125,28.693960189819336,6.2857208251953125,55.85405349731445,76.88079833984375,57.736995697021484,3.6469790935516357,6.659999847412109,94.22899627685547,115.34685516357422,147.1199951171875,116.55077362060547
2020-01-24,156.0076904296875,27.538230895996094,6.22655725479126,60.396846771240234,76.6592025756836,56.33258056640625,3.6379966735839844,6.590000152587891,93.08200073242188,112.4830322265625,147.97999572753906,117.49346160888672
2020-01-27,153.39869689941406,26.013866424560547,5.971014022827148,57.944602966308594,74.405029296875,54.04066467285156,3.539186716079712,6.260000228881836,91.41699981689453,111.53689575195312,148.99000549316406,119.3210220336914
2020-01-28,156.40463256835938,26.80095672607422,6.164163589477539,59.37360763549805,76.50991821289062,55.074466705322266,3.611048698425293,6.409999847412109,92.6624984741211,113.5643539428711,147.66000366210938,118.38658142089844
2020-01-29,158.84344482421875,26.701324462890625,6.103757858276367,58.509151458740234,78.11144256591797,53.933380126953125,3.5122385025024414,6.340000152587891,92.9000015258789,113.3953857421875,148.4600067138672,119.54429626464844
2020-01-30,163.3240203857422,27.617937088012695,6.110467910766602,58.63264846801758,77.99822998046875,53.6700439453125,3.557152032852173,6.239999771118164,93.53399658203125,114.7977523803711,148.47000122070312,119.56085205078125
2020-01-31,160.91358947753906,26.741178512573242,5.877296447753906,56.39214324951172,74.53990936279297,51.777992248535156,3.48529052734375,6.099999904632568,100.43599700927734,111.81568145751953,149.3300018310547,120.65243530273438
2020-02-03,164.83651733398438,27.059999465942383,5.974245071411133,56.82435989379883,74.3351821899414,52.45094680786133,3.48529052734375,6.210000038146973,100.20999908447266,112.66889190673828,148.36000061035156,120.55474853515625
2020-02-04,170.2623748779297,28.43000030517578,6.143281936645508,57.74173355102539,76.78925323486328,54.12843704223633,3.557152032852173,6.150000095367432,102.4834976196289,114.29084777832031,146.42999267578125,118.93119049072266
2020-02-05,170.0543975830078,29.100000381469727,6.233518600463867,59.40006637573242,77.41542053222656,55.3670539855957,3.6200311183929443,6.199999809265137,101.99349975585938,116.23387908935547,146.61000061035156,117.6307373046875
2020-02-06,173.58029174804688,28.299999237060547,6.320274353027344,59.47096633911133,78.3209457397461,57.2298469543457,3.7727367877960205,6.130000114440918,102.5114974975586,116.25077056884766,147.39999389648438,118.16080474853516
2020-02-07,173.82603454589844,28.3799991607666,6.254150867462158,58.522491455078125,77.25636291503906,55.47433853149414,3.9254422187805176,6.019999980926514,103.96399688720703,115.87906646728516,147.7899932861328,119.63525390625
2020-02-10,178.3727569580078,28.790000915527344,6.537042140960693,58.85047149658203,77.62329864501953,55.91322326660156,3.826633930206299,6.050000190734863,106.69550323486328,116.36060333251953,148.1699981689453,119.96659088134766
2020-02-11,174.3459014892578,29.84000015258789,6.659344673156738,59.754642486572266,77.15497589111328,55.83519744873047,3.961373805999756,6.190000057220459,107.54000091552734,116.58025360107422,147.66000366210938,119.36196899414062
2020-02-12,174.60113525390625,30.469999313354492,6.774936676025391,59.79896545410156,78.98722839355469,57.805267333984375,3.961373805999756,6.070000171661377,108.0,116.58025360107422,147.5399932861328,118.75724029541016
2020-02-13,173.6558837890625,30.09000015258789,6.731187343597412,59.78124237060547,78.42474365234375,57.863792419433594,3.8984954357147217,6.0,107.49349975585938,116.47886657714844,148.3800048828125,119.21284484863281
2020-02-14,175.2061309814453,29.200000762939453,7.203745365142822,59.63053894042969,78.44408416748047,57.05430603027344,3.889512538909912,5.829999923706055,106.74349975585938,116.12407684326172,149.0,119.73468780517578
2020-02-18,176.9832305908203,28.6299991607666,7.372286796569824,58.62887191772461,77.00773620605469,56.322837829589844,3.817650556564331,6.090000152587891,107.78350067138672,114.5865707397461,150.91000366210938,120.55474853515625
2020-02-19,177.51402282714844,28.329999923706055,7.822970867156982,59.48871612548828,78.12301635742188,58.50747299194336,3.7727367877960205,6.150000095367432,108.51100158691406,116.14945983886719,151.7899932861328,120.54643249511719
2020-02-20,174.8031768798828,28.510000228881836,7.673820972442627,58.01721954345703,77.321533203125,57.54194259643555,3.7368061542510986,6.159999847412109,107.65499877929688,116.14945983886719,152.41000366210938,121.49066162109375
2020-02-21,169.2771453857422,27.81999969482422,7.310140609741211,57.03327178955078,75.57135772705078,55.58161544799805,3.7368061542510986,6.010000228881836,104.79850006103516,114.73017883300781,154.6999969482422,122.62551879882812
2020-02-24,161.9787139892578,25.450000762939453,6.793332576751709,54.746273040771484,71.98168182373047,53.65054702758789,3.611048698425293,5.760000228881836,100.4645004272461,111.6467056274414,156.08999633789062,124.45609283447266
2020-02-25,159.30575561523438,23.1200008392334,6.514170169830322,52.946807861328125,69.54353332519531,50.81246566772461,3.5122385025024414,5.5,98.63700103759766,106.66248321533203,153.3000030517578,125.11882781982422
2020-02-26,161.29627990722656,22.309999465942383,6.653379440307617,52.87589645385742,70.64673614501953,51.07579040527344,3.7278237342834473,5.46999979019165,98.97949981689453,106.98350524902344,153.97000122070312,124.45609283447266
2020-02-27,149.93150329589844,20.600000381469727,6.283015251159668,49.489715576171875,66.02867889404297,49.33002853393555,3.557152032852173,5.139999866485596,94.21499633789062,102.53150177001953,154.0,125.80634307861328
2020-02-28,153.56175231933594,19.049999237060547,6.717552185058594,49.214908599853516,65.99005889892578,51.26108932495117,3.4763076305389404,5.170000076293945,94.1875,98.08790588378906,148.3800048828125,128.64739990234375
2020-03-02,163.7796173095703,18.860000610351562,6.875746726989746,51.57284164428711,72.13377380371094,53.240936279296875,3.5302042961120605,5.079999923706055,97.69750213623047,102.6581802368164,149.1999969482422,127.70092010498047
2020-03-03,155.93141174316406,17.850000381469727,6.61358118057251,49.61381912231445,69.8428726196289,50.51987838745117,3.4044461250305176,4.929999828338623,95.44950103759766,98.80599975585938,153.88999938964844,129.68353271484375
2020-03-04,161.6564483642578,18.530000686645508,7.076724052429199,52.01605224609375,73.08248138427734,53.92362976074219,3.46732497215271,4.920000076293945,98.79149627685547,101.24740600585938,154.16000366210938,128.3065185546875
2020-03-05,157.599609375,16.040000915527344,6.797643184661865,50.49137878417969,70.71189880371094,52.392425537109375,3.2876713275909424,4.670000076293945,96.20149993896484,96.28008270263672,157.49000549316406,131.5003204345703
2020-03-06,153.14471435546875,15.970000267028809,6.617311954498291,49.43653106689453,69.77284240722656,50.198036193847656,3.206826686859131,4.440000057220459,95.05449676513672,91.30429077148438,157.5500030517578,138.34408569335938
2020-03-09,142.76573181152344,14.75,6.104920864105225,45.07525634765625,64.2543716430664,44.833953857421875,2.973275899887085,3.8499999046325684,90.03050231933594,78.9366455078125,157.80999755859375,142.09364318847656
2020-03-10,152.5286102294922,17.0,6.493940830230713,47.84980773925781,68.88208770751953,46.67724609375,2.9822583198547363,4.199999809265137,94.59100341796875,85.0698013305664,154.47999572753906,134.81016540527344
2020-03-11,145.61875915527344,16.260000228881836,6.130540370941162,45.793277740478516,66.48976135253906,42.639556884765625,2.8115875720977783,4.159999847412109,91.04299926757812,81.06550598144531,153.92999267578125,129.84947204589844
2020-03-12,131.8085174560547,13.449999809265137,5.380360126495361,40.368282318115234,59.92359161376953,37.85089874267578,2.344486713409424,3.700000047683716,83.83049774169922,74.38325500488281,147.7899932861328,130.6541290283203
2020-03-13,150.54759216308594,14.3100004196167,5.9905009269714355,48.24870300292969,67.10294342041016,41.92759704589844,2.461261749267578,4.380000114440918,89.25,87.78155517578125,143.27999877929688,127.70092010498047
2020-03-16,128.3583221435547,15.920000076293945,4.885131359100342,39.54390335083008,58.47035217285156,33.6181526184082,2.1738150119781494,3.390000104904175,84.4574966430664,74.64515686035156,141.63999938964844,135.9715576171875
2020-03-17,138.92691040039062,15.579999923706055,5.404237270355225,44.392704010009766,61.041290283203125,36.456233978271484,2.272625207901001,2.9000000953674316,90.39199829101562,79.20697784423828,143.55999755859375,126.90461730957031
2020-03-18,133.07864379882812,11.649999618530273,5.044816970825195,42.20321273803711,59.5469970703125,33.83271789550781,2.182797908782959,3.180000066757202,91.5,70.86895751953125,140.6999969482422,119.74560546875
2020-03-19,135.26824951171875,10.289999961853027,5.297282695770264,40.722862243652344,59.09074020385742,35.393165588378906,2.2995731830596924,3.259999990463257,94.04650115966797,72.06013488769531,138.0399932861328,123.00570678710938
2020-03-20,130.18768310546875,10.380000114440918,5.117697715759277,40.62535858154297,55.3393440246582,35.21761703491211,2.3894002437591553,3.380000114440918,92.30449676513672,70.53950500488281,140.11000061035156,132.25514221191406
2020-03-23,128.8891143798828,10.25,5.290318012237549,43.94948959350586,54.1636962890625,37.304725646972656,2.380417823791504,3.440000057220459,95.1415023803711,66.76331329345703,146.3000030517578,137.7053985595703
2020-03-24,140.60459899902344,13.920000076293945,6.197947025299072,46.449241638183594,59.59769058227539,42.200679779052734,2.640915632247925,3.619999885559082,97.00499725341797,74.70427703857422,153.39999389648438,135.14195251464844
2020-03-25,139.25865173339844,15.390000343322754,6.109397888183594,45.43870162963867,59.26939010620117,41.44970703125,2.7576911449432373,3.759999990463257,94.29199981689453,77.4920883178711,151.3000030517578,134.83509826660156
2020-03-26,147.96945190429688,15.65999984741211,6.398426532745361,49.232643127441406,62.388328552246094,43.68312072753906,2.8295528888702393,3.930000066757202,97.77449798583984,82.8902587890625,153.24000549316406,135.4987335205078
2020-03-27,141.89370727539062,14.039999961853027,6.286247253417969,46.422645568847656,59.805301666259766,42.405487060546875,2.7037951946258545,3.809999942779541,95.00499725341797,76.9852066040039,152.25,139.1155548095703
2020-03-30,151.8745880126953,12.25,6.606118202209473,49.18832015991211,61.51203155517578,43.419776916503906,2.7397258281707764,3.9100000858306885,98.19750213623047,78.98735809326172,152.9199981689453,137.9707794189453
2020-03-31,149.48599243164062,12.1899995803833,6.556619644165039,47.973907470703125,61.38649368286133,41.02058410644531,2.784639358520508,4.130000114440918,97.48600006103516,76.05593872070312,148.0500030517578,136.8509063720703
2020-04-01,144.17800903320312,10.6899995803833,6.045970916748047,45.98829650878906,58.15652084350586,38.904205322265625,2.6678643226623535,3.359999895095825,95.38500213623047,71.26600646972656,149.4499969482422,138.7682647705078
2020-04-02,147.16375732421875,10.0600004196167,6.35439920425415,48.17778778076172,59.12696075439453,40.074546813964844,2.7307426929473877,3.2300000190734863,95.94149780273438,73.92708587646484,151.89999389648438,139.64886474609375
2020-04-03,145.8083038330078,9.390000343322754,6.066864013671875,47.9827766418457,58.2772216796875,40.20133972167969,2.6678643226623535,3.2200000286102295,95.32949829101562,71.74197387695312,152.64999389648438,139.9811248779297
2020-04-06,156.6518096923828,9.5,6.676013946533203,51.79444122314453,63.361183166503906,45.22406005859375,2.8385355472564697,3.4800000190734863,99.87950134277344,76.3597412109375,156.8800048828125,139.61561584472656
2020-04-07,154.96456909179688,10.220000267028809,6.442950248718262,51.767852783203125,62.627315521240234,45.389869689941406,2.8385355472564697,3.609999895095825,100.58000183105469,77.366943359375,156.0399932861328,138.15347290039062
2020-04-08,156.51910400390625,11.329999923706055,6.6399455070495605,52.281986236572266,64.230224609375,47.09663009643555,2.9103970527648926,3.8399999141693115,102.1500015258789,80.4909896850586,154.64999389648438,137.1483917236328
2020-04-09,156.52854919433594,12.510000228881836,6.540452480316162,50.650943756103516,64.6937026977539,44.9900016784668,2.937345266342163,3.759999990463257,102.13800048828125,87.71212768554688,158.69000244140625,137.39752197265625
2020-04-13,156.87925720214844,11.5600004196167,6.7120795249938965,52.03376770019531,65.96351623535156,45.02901077270508,2.919379472732544,3.859999895095825,108.44349670410156,83.81134796142578,161.41000366210938,136.14308166503906
2020-04-14,164.64219665527344,11.949999809265137,7.062794208526611,53.77119827270508,69.2948989868164,46.44317626953125,3.027172088623047,4.0,114.16600036621094,81.51526641845703,162.67999267578125,136.10984802246094
2020-04-15,162.9170684814453,12.289999961853027,6.985437870025635,52.184471130371094,68.66239929199219,45.2825813293457,2.901413679122925,3.700000047683716,115.38400268554688,77.49498748779297,161.85000610351562,139.71534729003906
2020-04-16,167.8079833984375,11.069999694824219,7.330183982849121,53.88643264770508,69.20797729492188,44.404823303222656,3.1080167293548584,4.010000228881836,120.40950012207031,74.54165649414062,161.7100067138672,141.30197143554688
2020-04-17,169.2866668701172,11.569999694824219,7.270983695983887,53.50526428222656,68.26890563964844,44.570621490478516,3.1259822845458984,4.269999980926514,118.75,81.24211883544922,158.57000732421875,139.40798950195312
2020-04-20,165.93124389648438,11.0600004196167,7.139901638031006,52.45927810668945,66.85186004638672,42.32746124267578,3.0900514125823975,4.090000152587891,119.68049621582031,78.2802505493164,159.6999969482422,140.5294647216797
2020-04-21,159.0688018798828,11.0,6.7036237716674805,49.95952606201172,64.78545379638672,40.38664627075195,3.0181891918182373,3.9200000762939453,116.40599822998047,76.00978088378906,158.61000061035156,142.29891967773438
2020-04-22,164.47157287597656,10.270000457763672,7.117515563964844,53.2747917175293,66.6515121459961,42.824859619140625,3.0361552238464355,3.9000000953674316,118.17449951171875,76.25731658935547,161.72999572753906,140.84515380859375
2020-04-23,162.4810791015625,10.25,7.064285755157471,52.335166931152344,66.3932113647461,42.688323974609375,3.045137882232666,4.010000228881836,119.97250366210938,76.29999542236328,163.33999633789062,141.59275817871094
2020-04-24,165.44789123535156,10.3100004196167,7.203080177307129,52.53018569946289,68.30995178222656,43.06867599487305,3.045137882232666,4.039999961853027,120.51100158691406,77.42668914794922,162.63999938964844,141.92506408691406
2020-04-27,164.97389221191406,10.020000457763672,7.389382362365723,52.71632766723633,68.35823822021484,44.16100311279297,3.1080167293548584,4.260000228881836,118.80000305175781,80.76412963867188,161.55999755859375,139.2833251953125
2020-04-28,160.95504760742188,11.260000228881836,7.247105598449707,52.07809829711914,67.25018310546875,44.19026184082031,3.063102960586548,4.210000038146973,115.7040023803711,81.33602142333984,160.83999633789062,140.88662719726562
2020-04-29,168.17767333984375,12.630000114440918,7.4237060546875,54.7817268371582,69.45902252197266,48.59855651855469,3.15293025970459,4.369999885559082,118.635498046875,83.5296630859375,161.72999572753906,140.1555938720703
2020-04-30,169.86485290527344,12.010000228881836,7.26999044418335,53.168418884277344,70.92435455322266,46.70650100708008,3.2158091068267822,4.28000020980835,123.69999694824219,81.7371826171875,158.8000030517578,138.51907348632812
2020-05-01,165.46685791015625,10.640000343322754,7.033692359924316,50.94347381591797,69.78250122070312,43.946441650390625,3.233774423599243,4.070000171661377,114.302001953125,79.5947265625,159.77999877929688,139.7052459716797
2020-05-04,169.51414489746094,9.819999694824219,7.245364189147949,51.404415130615234,70.76985168457031,43.361263275146484,3.188861131668091,4.260000228881836,115.79949951171875,78.64729309082031,160.33999633789062,139.0480194091797
2020-05-05,171.33401489257812,9.510000228881836,7.306304931640625,52.07809829711914,71.83203125,44.28778839111328,3.1080167293548584,4.269999980926514,115.88999938964844,78.52777862548828,161.02000427246094,138.1580352783203
2020-05-06,173.02120971679688,9.25,7.407041549682617,52.75560760498047,72.57313537597656,44.94123077392578,3.1080167293548584,4.489999771118164,117.56300354003906,77.0511245727539,158.9499969482422,135.92872619628906
2020-05-07,174.0259552001953,9.539999961853027,7.5831451416015625,52.74668884277344,73.32389831542969,45.438629150390625,3.188861131668091,4.599999904632568,118.38050079345703,77.8534927368164,161.38999938964844,138.1995849609375
2020-05-08,175.04959106445312,10.140000343322754,7.7729291915893555,53.192405700683594,75.06912994384766,47.05760192871094,3.2158091068267822,4.710000038146973,118.98049926757812,79.12528228759766,160.4199981689453,136.4029083251953
2020-05-11,177.00221252441406,10.100000381469727,8.02464771270752,53.60247039794922,76.2503662109375,47.008846282958984,3.206826686859131,4.579999923706055,120.44999694824219,76.79507446289062,159.4199981689453,135.33810424804688
2020-05-12,172.99273681640625,9.649999618530273,7.7629780769348145,52.051368713378906,75.37897491455078,44.56086349487305,3.206826686859131,4.5,117.84750366210938,74.28558349609375,160.0399932861328,136.7273406982422
2020-05-13,170.37672424316406,9.109999656677246,7.740593433380127,51.47191619873047,74.46883392333984,42.45424270629883,3.0900514125823975,4.460000038146973,118.39600372314453,71.72489929199219,161.5800018310547,137.68392944335938
2020-05-14,171.1160125732422,9.149999618530273,7.989824295043945,52.66646194458008,74.92633819580078,44.599884033203125,3.0720856189727783,4.460000038146973,119.44249725341797,74.70382690429688,163.00999450683594,139.0314483642578
2020-05-15,173.60887145996094,9.039999961853027,8.44774341583252,51.95330047607422,74.48336029052734,43.31250762939453,3.099034309387207,4.420000076293945,120.48899841308594,73.321044921875,163.92999267578125,138.6737518310547
2020-05-18,175.26763916015625,9.869999885559082,8.70592975616455,53.41526794433594,76.23825073242188,44.785179138183594,3.278688430786133,4.489999771118164,121.31300354003906,77.20475769042969,162.69000244140625,135.6292724609375
2020-05-19,174.0543670654297,9.640000343322754,8.760900497436523,53.74510192871094,75.79771423339844,44.00495529174805,3.314619541168213,4.489999771118164,122.46649932861328,75.6854248046875,164.25999450683594,136.13668823242188
2020-05-20,176.46865844726562,9.869999885559082,8.924567222595215,56.25006103515625,77.27186584472656,45.48739242553711,3.43139386177063,4.650000095367432,124.89700317382812,77.95589447021484,164.64999389648438,136.5443115234375
2020-05-21,174.34906005859375,9.890000343322754,8.73080062866211,55.25164031982422,76.69577026367188,44.10248565673828,3.3864808082580566,4.539999961853027,122.33699798583984,76.96577453613281,162.25,136.88525390625
2020-05-22,174.42503356933594,9.699999809265137,8.9805326461792,55.501243591308594,77.1895523071289,43.829402923583984,3.4583423137664795,4.539999961853027,121.84400177001953,76.36827850341797,163.2100067138672,137.7088165283203
2020-05-26,172.5811004638672,11.140000343322754,8.673593521118164,55.57255935668945,76.66673278808594,44.66814422607422,3.4583423137664795,4.639999866485596,121.09300231933594,81.78839874267578,160.88999938964844,135.86221313476562
2020-05-27,172.80923461914062,11.979999542236328,8.482069969177246,56.660133361816406,77.0007553100586,48.22795104980469,3.5122385025024414,4.659999847412109,120.51950073242188,86.52566528320312,161.17999267578125,135.6126708984375
2020-05-28,172.4195098876953,10.979999542236328,8.444014549255371,55.00204086303711,77.03462982177734,45.32158660888672,3.521221399307251,4.579999923706055,120.05500030517578,85.23680877685547,161.72000122070312,135.1135711669922
2020-05-29,174.1779327392578,10.5,8.830547332763672,56.0985107421875,76.95960235595703,46.72600173950195,3.5481696128845215,4.639999866485596,122.11849975585938,83.06021118164062,162.91000366210938,136.07839965820312
2020-06-01,173.77874755859375,11.109999656677246,8.761646270751953,55.14467239379883,77.90604400634766,45.1948127746582,3.7727367877960205,4.920000076293945,123.552001953125,84.16130828857422,163.66000366210938,135.1622772216797
2020-06-02,175.75576782226562,11.220000267028809,8.780549049377441,55.37643814086914,78.26669311523438,45.66294479370117,3.871546506881714,5.360000133514404,123.62049865722656,84.4429702758789,162.60000610351562,134.6708526611328
2020-06-03,176.1835174560547,11.850000381469727,8.725080490112305,55.20706558227539,78.69756317138672,47.711055755615234,3.9254422187805176,5.210000038146973,123.91999816894531,89.00100708007812,159.60000610351562,132.88014221191406
2020-06-04,173.86422729492188,16.719999313354492,8.726080894470215,56.13417434692383,78.0197982788086,49.9542121887207,3.844599485397339,5.230000019073486,123.02999877929688,90.85325622558594,161.27999877929688,130.95608520507812
2020-06-05,177.932373046875,18.59000015258789,8.87886905670166,57.355438232421875,80.24189758300781,52.392425537109375,4.006288051605225,5.46999979019165,124.1500015258789,94.94180297851562,158.00999450683594,130.02333068847656
2020-06-08,179.03500366210938,20.309999465942383,8.764400482177734,56.7581787109375,80.71630859375,52.3729133605957,4.060183048248291,5.789999961853027,126.2030029296875,96.83670806884766,159.72000122070312,130.5230255126953
2020-06-09,180.4036865234375,18.549999237060547,9.004289627075195,56.19656753540039,83.26517486572266,51.83651351928711,3.9703567028045654,5.610000133514404,130.04299926757812,94.35285186767578,161.25999450683594,132.00558471679688
2020-06-10,187.09512329101562,17.020000457763672,9.32355785369873,56.93647384643555,85.40737915039062,51.173316955566406,3.9973039627075195,5.570000171661377,132.37249755859375,90.52888488769531,163.57000732421875,133.962890625
2020-06-11,177.04840087890625,14.380000114440918,8.75568962097168,53.21915054321289,81.30693054199219,47.32094192504883,3.691892623901367,5.03000020980835,127.89800262451172,82.974853515625,162.38999938964844,136.4949493408203
2020-06-12,178.44561767578125,16.739999771118164,8.891313552856445,52.88931655883789,82.0089111328125,47.48672866821289,3.7727367877960205,5.25,127.2509994506836,85.2453384399414,162.6199951171875,135.17898559570312
2020-06-15,179.58624267578125,16.700000762939453,9.131450653076172,53.57572937011719,83.02311706542969,48.02314758300781,3.844599485397339,4.989999771118164,128.63400268554688,86.42324829101562,162.3300018310547,135.25390625
2020-06-16,183.987060546875,17.030000686645508,9.02668285369873,53.843162536621094,85.22342681884766,49.7591552734375,3.8984954357147217,5.21999979019165,130.7635040283203,87.1146469116211,162.25,133.1800079345703
2020-06-17,184.62387084960938,16.979999542236328,9.193412780761719,53.92338943481445,85.10481262207031,49.70063018798828,3.961373805999756,5.099999904632568,132.0489959716797,84.9124526977539,162.55999755859375,133.7296600341797
2020-06-18,186.6009063720703,16.489999771118164,9.175497055053711,53.55789566040039,85.13871002197266,49.23249053955078,3.9254422187805176,5.079999923706055,132.69900512695312,84.45150756835938,162.24000549316406,135.14553833007812
2020-06-19,185.48880004882812,16.0,9.218547821044922,53.14783477783203,84.65218353271484,49.5738410949707,3.889512538909912,5.059999942779541,133.75050354003906,83.48698425292969,164.02999877929688,135.25390625
2020-06-22,190.64048767089844,14.920000076293945,9.482823371887207,53.56682205200195,86.86698913574219,49.885948181152344,3.889512538909912,5.119999885559082,135.6909942626953,82.58222198486328,165.08999633789062,135.27052307128906
2020-06-23,191.9141845703125,14.0,9.406424522399902,53.41526794433594,88.72116088867188,48.60831832885742,3.889512538909912,5.099999904632568,138.2205047607422,83.58942413330078,166.47999572753906,134.34605407714844
2020-06-24,188.045654296875,13.039999961853027,9.192914962768555,52.67537307739258,87.15504455566406,47.09663009643555,3.7727367877960205,4.920000076293945,136.72000122070312,80.79827880859375,165.89999389648438,135.78695678710938
2020-06-25,190.421875,13.170000076293945,9.446242332458496,52.15833282470703,88.31205749511719,47.97438049316406,3.9973039627075195,4.849999904632568,137.72900390625,83.6150131225586,165.8000030517578,136.17837524414062
2020-06-26,186.61036682128906,12.380000114440918,9.112785339355469,51.25798034667969,85.59859466552734,47.29167556762695,3.8984954357147217,4.71999979019165,134.64349365234375,79.03140258789062,166.5399932861328,137.63600158691406
2020-06-29,188.61595153808594,13.319999694824219,9.157578468322754,51.94438171386719,87.57134246826172,47.93536376953125,3.907477855682373,4.800000190734863,134.0189971923828,79.38135528564453,166.6300048828125,137.2028350830078
2020-06-30,193.4349365234375,13.069999694824219,9.45395565032959,53.33504104614258,88.30238342285156,50.246795654296875,3.9523916244506836,4.889999866485596,137.9409942626953,80.28612518310547,167.3699951171875,136.5364532470703
2020-07-01,194.5659942626953,12.8100004196167,9.486055374145508,52.42576599121094,88.13538360595703,48.471778869628906,3.907477855682373,4.78000020980835,143.93499755859375,79.603271484375,166.6199951171875,136.2713623046875
2020-07-02,196.04879760742188,12.5,9.567928314208984,52.711036682128906,88.13538360595703,48.59855651855469,3.9883224964141846,4.849999904632568,144.51499938964844,79.8618392944336,166.97999572753906,136.41310119628906
2020-07-06,200.2689666748047,12.800000190734863,9.793876647949219,53.07651901245117,90.49299621582031,49.66162872314453,4.132045269012451,5.019999980926514,152.8520050048828,81.87864685058594,167.97999572753906,135.85446166992188
2020-07-07,197.9402618408203,11.90999984741211,9.8262300491333,51.98005676269531,90.21222686767578,47.87684631347656,3.871546506881714,4.800000190734863,150.00599670410156,79.56879425048828,169.0399932861328,137.76400756835938
2020-07-08,202.29356384277344,11.989999771118164,10.16889476776123,52.247474670410156,92.31326293945312,48.48151779174805,3.7278237342834473,4.840000152587891,154.0554962158203,80.4134521484375,170.08999633789062,137.2135772705078
2020-07-09,203.70977783203125,11.180000305175781,10.460541725158691,52.0781135559082,92.71027374267578,48.74485397338867,3.745788812637329,4.809999942779541,159.13150024414062,78.67243957519531,169.6300048828125,139.39842224121094
2020-07-10,203.09194946289062,11.9399995803833,10.430928230285645,53.067604064941406,92.87244415283203,49.44705581665039,3.7008755207061768,4.730000019073486,160.0,82.97322845458984,169.19000244140625,138.69789123535156
2020-07-13,196.81866455078125,11.630000114440918,10.00589656829834,52.22073745727539,92.4439926147461,48.237701416015625,3.7547719478607178,4.579999923706055,155.1999969482422,84.16263580322266,169.39999389648438,139.1566162109375
2020-07-14,198.03530883789062,11.569999694824219,10.329150199890137,52.57731246948242,93.97378540039062,48.48151779174805,3.8805301189422607,4.579999923706055,154.1999969482422,84.64527893066406,170.19000244140625,139.35665893554688
2020-07-15,197.7406768798828,13.4399995803833,10.180091857910156,52.62188720703125,94.62007141113281,49.261749267578125,3.889512538909912,4.710000038146973,150.44349670410156,85.95536041259766,170.33999633789062,138.7063446044922
2020-07-16,193.8246612548828,12.449999809265137,10.088019371032715,52.719947814941406,93.45577239990234,48.86188888549805,3.8086671829223633,4.650000095367432,149.9949951171875,86.19667053222656,168.72999572753906,139.3650665283203
2020-07-17,192.8361053466797,11.90999984741211,10.154458999633789,53.4865837097168,93.26697540283203,48.24745559692383,3.943408489227295,4.800000190734863,148.09849548339844,84.60220336914062,170.1199951171875,139.07321166992188
2020-07-20,201.12440490722656,11.470000267028809,10.462287902832031,54.511741638183594,95.23245239257812,49.94445037841797,3.9973039627075195,4.989999771118164,159.8419952392578,83.8609848022461,170.94000244140625,139.41513061523438
2020-07-21,198.41552734375,11.470000267028809,10.280874252319336,54.110599517822266,93.91809844970703,50.246795654296875,3.979339599609375,4.849999904632568,156.9145050048828,85.67952728271484,173.0,139.49844360351562
2020-07-22,201.26699829101562,11.359999656677246,10.390616416931152,54.4225959777832,94.18195343017578,50.37358474731445,4.0422186851501465,4.789999961853027,154.99549865722656,85.0589828491211,175.6300048828125,139.9154052734375
2020-07-23,192.51295471191406,11.770000457763672,10.083041191101074,53.843162536621094,89.89513397216797,51.339111328125,3.9254422187805176,4.739999771118164,149.32749938964844,85.30892181396484,177.17999267578125,141.54978942871094
2020-07-24,191.33433532714844,11.390000343322754,10.147493362426758,45.098106384277344,89.67243957519531,48.78386306762695,3.8625640869140625,4.650000095367432,150.44549560546875,84.70561981201172,178.6999969482422,141.54144287109375
2020-07-27,193.75808715820312,11.390000343322754,10.373445510864258,44.18883514404297,91.79769897460938,50.3150634765625,3.8984954357147217,4.690000057220459,152.760498046875,83.51620483398438,182.22999572753906,141.01609802246094
2020-07-28,192.0187225341797,11.770000457763672,10.168396949768066,43.89466094970703,90.2896728515625,48.85212707519531,3.844599485397339,4.659999847412109,150.01649475097656,83.87821197509766,183.75,141.99176025390625
2020-07-29,193.9576873779297,11.399999618530273,10.417244911193848,42.85167694091797,92.02040100097656,49.14472198486328,3.8984954357147217,4.869999885559082,151.67649841308594,85.91224670410156,185.1300048828125,141.7499237060547
2020-07-30,193.80564880371094,11.180000305175781,10.565058708190918,42.78036117553711,93.13383483886719,49.48607635498047,3.9973039627075195,4.739999771118164,152.593994140625,83.6196517944336,183.75999450683594,142.6837921142578
2020-07-31,194.86062622070312,11.119999885559082,10.565805435180664,42.548583984375,102.88389587402344,48.822872161865234,4.293733596801758,4.739999771118164,158.23399353027344,83.2921371459961,185.42999267578125,142.59213256835938
2020-08-03,205.81985473632812,11.079999923706055,10.959480285644531,43.056697845458984,105.47630310058594,49.14472198486328,4.545250415802002,4.739999771118164,155.59449768066406,82.82671356201172,185.63999938964844,141.87420654296875
2020-08-04,202.73074340820312,11.470000267028809,11.175978660583496,43.796600341796875,106.18071746826172,50.032230377197266,4.581180572509766,4.75,156.94149780273438,82.3526840209961,189.58999633789062,143.22654724121094
2020-08-05,202.3980712890625,12.5600004196167,11.23470687866211,43.60939407348633,106.56559753417969,49.78840255737305,4.491353511810303,4.840000152587891,160.25149536132812,83.78339385986328,191.35000610351562,141.9744110107422
2020-08-06,205.6392822265625,13.039999961853027,11.283231735229492,43.59144592285156,110.28358459472656,47.496482849121094,4.491353511810303,4.960000038146973,161.25,83.80924224853516,193.88999938964844,142.76744079589844
2020-08-07,201.9608612060547,13.029999732971191,11.147859573364258,43.10679244995117,107.77620697021484,47.54524230957031,4.473388671875,4.840000152587891,158.3730010986328,85.65367889404297,190.80999755859375,141.8157196044922
2020-08-10,197.9402618408203,14.0,11.11351490020752,44.174827575683594,109.34270477294922,47.93536376953125,4.4105095863342285,4.840000152587891,157.4080047607422,86.73966217041016,190.14999389648438,141.1813201904297
2020-08-11,193.31137084960938,13.729999542236328,10.799970626831055,43.250396728515625,106.09088134765625,46.579715728759766,4.455422878265381,4.789999961853027,154.0334930419922,89.48043060302734,179.94000244140625,139.50331115722656
2020-08-12,198.83375549316406,13.539999961853027,11.38749885559082,44.147891998291016,109.6167221069336,47.28190994262695,4.5362677574157715,4.820000171661377,158.11199951171875,88.72197723388672,179.10000610351562,138.23446655273438
2020-08-13,198.36801147460938,13.300000190734863,11.390235900878906,43.58246994018555,111.55667114257812,44.9997444152832,4.545250415802002,4.889999866485596,158.05099487304688,88.23070526123047,183.3300018310547,136.75686645507812
2020-08-14,198.55809020996094,13.329999923706055,11.510677337646484,43.87864303588867,111.4572525024414,44.47309112548828,4.491353511810303,4.800000190734863,157.4010009765625,88.26517486572266,182.5399932861328,136.22254943847656
2020-08-17,199.86976623535156,12.619999885559082,12.280113220214844,43.91454315185547,111.1662368774414,44.10248565673828,4.5542311668396,4.809999942779541,159.12049865722656,85.9380874633789,186.5,136.56488037109375
2020-08-18,201.0198974609375,12.600000381469727,12.204216003417969,43.66324996948242,112.09259033203125,43.3027458190918,4.572197914123535,4.789999961853027,165.62449645996094,84.7400894165039,188.17999267578125,137.54156494140625
2020-08-19,199.80030822753906,12.680000305175781,12.08253288269043,43.37604522705078,112.23321533203125,42.96141052246094,4.527284145355225,4.78000020980835,163.0240020751953,84.93831634521484,182.24000549316406,136.6817169189453
2020-08-20,204.44993591308594,12.5,12.085018157958984,44.12994384765625,114.7236328125,41.92759704589844,4.5362677574157715,4.829999923706055,164.86849975585938,83.92130279541016,183.5,137.91729736328125
2020-08-21,202.96356201171875,12.15999984741211,12.625015258789062,44.22867202758789,120.63561248779297,41.605751037597656,4.464405059814453,4.75,164.23599243164062,83.87821197509766,182.02999877929688,138.74368286132812
2020-08-24,203.6019287109375,13.4399995803833,12.661596298217773,44.1030158996582,122.07844543457031,42.678565979003906,4.518301963806152,4.789999961853027,165.3730010986328,86.23977661132812,181.0,138.51829528808594
2020-08-25,206.25070190429688,13.140000343322754,12.69120979309082,44.36330032348633,121.07696533203125,43.98545455932617,4.527284145355225,4.78000020980835,167.32449340820312,86.61898803710938,181.22000122070312,137.45803833007812
2020-08-26,210.70977783203125,12.789999961853027,12.71410083770752,44.47099685668945,122.72348022460938,43.84890365600586,4.5362677574157715,5.079999923706055,172.09249877929688,85.40373229980469,183.36000061035156,136.93215942382812
2020-08-27,215.88340759277344,13.279999732971191,12.570022583007812,44.336360931396484,121.25640106201172,43.517311096191406,4.50033712387085,5.03000020980835,170.0,88.21345520019531,181.24000549316406,134.60304260253906
2020-08-28,218.1033935546875,13.59000015258789,13.087125778198242,45.26079559326172,121.05998992919922,44.56086349487305,4.464405059814453,5.230000019073486,170.08999633789062,88.57545471191406,184.38999938964844,134.50291442871094
2020-08-31,214.8829803466797,13.050000190734863,13.312829971313477,45.727481842041016,125.1653823852539,44.38531494140625,4.401526927947998,5.21999979019165,172.54800415039062,86.35181427001953,184.8300018310547,135.39613342285156
2020-09-01,216.54087829589844,13.100000381469727,13.761388778686523,45.58388900756836,130.1510772705078,44.6291389465332,4.248820781707764,5.579999923706055,174.95599365234375,86.30870819091797,185.0500030517578,136.9447479248047
2020-09-02,220.7140350341797,13.229999542236328,14.284621238708496,46.89423751831055,127.45455169677734,46.647979736328125,4.293733596801758,5.519999980926514,176.57249450683594,87.6101303100586,182.6199951171875,138.24859619140625
2020-09-03,207.04151916503906,13.359999656677246,12.95936107635498,45.224884033203125,117.25041198730469,45.18505859375,4.06916618347168,5.179999828338623,168.39999389648438,87.33436584472656,181.13999938964844,138.64132690429688
2020-09-04,204.135498046875,13.609999656677246,12.568052291870117,44.94666290283203,117.32801055908203,45.33134460449219,4.024252891540527,5.110000133514404,164.7310028076172,89.22188568115234,181.63999938964844,136.00877380371094
2020-09-08,193.0926513671875,13.630000114440918,11.861618995666504,43.8965950012207,109.43243408203125,43.91718292236328,3.6829099655151367,4.929999828338623,157.49200439453125,86.11910247802734,181.2899932861328,136.84457397460938
2020-09-09,201.31524658203125,13.050000190734863,12.660158157348633,44.533817291259766,113.79731750488281,44.03421401977539,3.7188405990600586,4.920000076293945,163.4304962158203,86.93789672851562,183.0500030517578,136.476806640625
2020-09-10,195.67469787597656,13.010000228881836,12.258647918701172,43.94146728515625,110.08231353759766,43.76112747192383,3.6829099655151367,4.800000190734863,158.7554931640625,86.04151916503906,182.4600067138672,137.17044067382812
2020-09-11,194.39797973632812,12.949999809265137,12.112030982971191,44.22867202758789,108.63703918457031,44.95098876953125,3.6829099655151367,4.75,155.81100463867188,87.11026000976562,182.4499969482422,137.4629669189453
2020-09-14,195.71282958984375,13.260000228881836,12.816728591918945,44.345340728759766,111.89615631103516,47.81833267211914,3.6739275455474854,4.820000171661377,155.14849853515625,88.31689453125,183.88999938964844,137.45455932617188
2020-09-15,198.9237060546875,13.140000343322754,12.934967994689941,44.8748664855957,112.07074737548828,47.837833404541016,3.7368061542510986,4.809999942779541,157.80650329589844,85.56748962402344,183.4499969482422,137.12030029296875
2020-09-16,195.36984252929688,13.800000190734863,12.460522651672363,45.20693588256836,108.76313781738281,48.96916961669922,3.709857940673828,4.730000019073486,153.90499877929688,85.92947387695312,183.97000122070312,136.7107696533203
2020-09-17,193.33082580566406,13.630000114440918,12.40974235534668,45.16206359863281,107.02689361572266,49.72013473510742,3.7188405990600586,4.730000019073486,150.43649291992188,84.94694519042969,182.9600067138672,137.12863159179688
2020-09-18,190.9298095703125,13.1899995803833,12.136676788330078,44.77614212036133,103.6319808959961,49.48607635498047,3.6739275455474854,4.860000133514404,147.74549865722656,84.76593780517578,183.1999969482422,136.70249938964844
2020-09-21,192.97830200195312,12.210000038146973,12.46325969696045,44.623573303222656,106.7746810913086,47.93536376953125,3.557152032852173,4.760000228881836,148.02349853515625,82.14582824707031,179.52000427246094,137.3960723876953
2020-09-22,197.62796020507812,12.34000015258789,12.583240509033203,44.829994201660156,108.4527587890625,48.471778869628906,3.575117588043213,4.940000057220459,156.44949340820312,81.24948120117188,178.64999389648438,137.28744506835938
2020-09-23,191.12037658691406,11.930000305175781,12.071455001831055,43.81582260131836,103.90357208251953,48.61806869506836,3.48529052734375,4.800000190734863,149.9929962158203,79.9307861328125,174.7899932861328,137.4713134765625
2020-09-24,193.59759521484375,11.770000457763672,12.29473876953125,44.120975494384766,104.97054290771484,48.24745559692383,3.44935941696167,4.75,150.989501953125,79.8618392944336,175.44000244140625,137.9978485107422
2020-09-25,198.00904846191406,12.289999961853027,12.818222999572754,44.82101821899414,108.90865325927734,47.92560958862305,3.395463466644287,4.769999980926514,154.75650024414062,80.5599594116211,174.94000244140625,137.9978485107422
2020-09-28,199.55258178710938,12.760000228881836,12.978776931762695,46.158287048339844,111.50816345214844,48.49128723144531,3.50325608253479,4.610000133514404,158.70249938964844,82.87842559814453,176.6999969482422,137.6050567626953
2020-09-29,197.47549438476562,12.25,13.168703079223633,45.94289016723633,110.66429138183594,49.456809997558594,3.5481696128845215,4.630000114440918,157.24400329589844,82.18028259277344,178.19000244140625,137.76377868652344
2020-09-30,200.40057373046875,12.289999961853027,13.47214126586914,46.47240447998047,112.3326416015625,45.79948425292969,3.5122385025024414,4.590000152587891,157.43649291992188,82.97322845458984,177.1199951171875,136.44332885742188
2020-10-01,202.43002319335938,12.579999923706055,13.555778503417969,46.88526153564453,113.28323364257812,46.735755920410156,3.4763076305389404,4.579999923706055,161.06300354003906,83.5765609741211,178.6999969482422,136.66844177246094
2020-10-02,196.4560089111328,13.0,13.00590991973877,45.781333923339844,109.62639617919922,45.39961624145508,3.43139386177063,4.440000057220459,156.25,84.36946868896484,178.5399932861328,136.15805053710938
2020-10-05,200.44822692871094,13.119999885559082,13.583656311035156,46.39163589477539,113.00192260742188,46.42366409301758,3.5302042961120605,4.5,159.9600067138672,86.1527099609375,179.41000366210938,133.4976806640625
2020-10-06,196.1892547607422,12.529999732971191,13.677251815795898,46.10444259643555,109.76221466064453,46.15058517456055,3.5122385025024414,4.550000190734863,154.9980010986328,85.26545715332031,177.3000030517578,134.2170867919922
2020-10-07,199.92416381835938,13.069999694824219,13.903769493103027,47.27117919921875,111.62457275390625,47.21364974975586,3.50325608253479,4.570000171661377,159.7845001220703,86.75297546386719,177.22000122070312,133.2383270263672
2020-10-08,200.63877868652344,13.15999984741211,13.779062271118164,47.899436950683594,111.51787567138672,48.666831970214844,3.5481696128845215,4.599999904632568,159.52749633789062,88.53618621826172,177.85000610351562,133.95779418945312
2020-10-09,205.6218719482422,13.199999809265137,13.703387260437012,47.40580749511719,113.45781707763672,48.657073974609375,3.6200311183929443,4.730000019073486,164.33250427246094,88.03166961669922,181.0800018310547,133.93270874023438
2020-10-12,210.9479217529297,12.920000076293945,14.164641380310059,48.357154846191406,120.66471862792969,49.427555084228516,3.6200311183929443,4.75,172.14649963378906,89.11032104492188,180.55999755859375,134.35935974121094
2020-10-13,212.3390350341797,12.220000267028809,14.18679428100586,48.312286376953125,117.46381378173828,50.56864929199219,3.629013776779175,5.139999866485596,172.18150329589844,87.66632080078125,177.72000122070312,135.3213348388672
2020-10-14,210.43341064453125,12.359999656677246,14.034453392028809,48.06098175048828,117.55111694335938,50.35407638549805,3.6649444103240967,5.079999923706055,168.1855010986328,87.1791763305664,178.27000427246094,135.63101196289062
2020-10-15,209.2900848388672,12.229999542236328,13.909743309020996,48.33022689819336,117.08552551269531,50.65642166137695,3.629013776779175,5.159999847412109,166.9324951171875,88.4839859008789,178.9199981689453,135.39674377441406
2020-10-16,209.2900848388672,12.460000038146973,13.75192928314209,48.60845947265625,115.44625854492188,50.33456802368164,3.6200311183929443,4.980000019073486,163.635498046875,88.30131530761719,178.3000030517578,135.02027893066406
2020-10-19,204.10691833496094,12.5600004196167,13.439531326293945,48.985408782958984,112.4975357055664,51.329368591308594,3.7547719478607178,5.190000057220459,160.36050415039062,86.81385803222656,178.38999938964844,134.50990295410156
2020-10-20,204.51657104492188,12.800000190734863,13.586645126342773,47.95328140258789,113.98159790039062,52.20711898803711,3.7727367877960205,5.079999923706055,160.85049438476562,87.3096694946289,179.25,133.22988891601562
2020-10-21,204.65956115722656,12.75,13.466416358947754,48.0161018371582,113.36083221435547,51.992557525634766,3.844599485397339,5.099999904632568,159.2469940185547,86.4397964477539,180.60000610351562,132.7698211669922
2020-10-22,204.74526977539062,13.149999618530273,13.303370475769043,48.37511444091797,112.27445220947266,53.03611373901367,3.835615396499634,5.130000114440918,158.82000732421875,89.4930648803711,178.8300018310547,131.38938903808594
2020-10-23,206.02203369140625,12.600000381469727,13.531635284423828,43.25938034057617,111.58575439453125,51.54392623901367,3.8625640869140625,5.119999885559082,160.22000122070312,90.30204772949219,178.63999938964844,132.1925048828125
2020-10-26,200.162353515625,11.800000190734863,13.084567070007324,41.93107986450195,111.59546661376953,50.85146713256836,3.799684524536133,4.880000114440918,160.3520050048828,88.06646728515625,178.5500030517578,133.4223175048828
2020-10-27,203.1827392578125,11.229999542236328,13.338967323303223,40.961788177490234,113.09892272949219,50.67592239379883,3.8086671829223633,4.849999904632568,164.31649780273438,86.40499114990234,179.02000427246094,134.31752014160156
2020-10-28,193.11167907714844,10.949999809265137,12.57253646850586,39.71425247192383,107.86106872558594,48.76435852050781,3.6379966735839844,4.570000171661377,158.13900756835938,83.97803497314453,176.1300048828125,134.44302368164062
2020-10-29,195.05535888671875,11.15999984741211,12.96782398223877,39.58860778808594,111.85735321044922,49.23249053955078,3.009206771850586,4.610000133514404,160.55050659179688,84.52605438232422,175.39999389648438,133.13792419433594
2020-10-30,192.91165161132812,11.279999732971191,12.479937553405762,39.741172790527344,105.59133911132812,49.095951080322266,3.027172088623047,4.489999771118164,151.8074951171875,85.2828598022461,176.1999969482422,131.82444763183594
2020-11-02,192.7782745361328,11.1899995803833,12.526487350463867,39.902732849121094,105.50402069091797,48.48151779174805,2.937345266342163,4.480000019073486,150.2239990234375,87.2052993774414,177.91000366210938,132.8118438720703
2020-11-03,196.68466186523438,11.25,12.963342666625977,40.252750396728516,107.1238784790039,49.81767272949219,3.045137882232666,4.670000076293945,152.42050170898438,89.9541015625,178.9199981689453,132.0413360595703
2020-11-04,206.17446899414062,11.010000228881836,13.73475170135498,41.015625,111.49847412109375,50.67592239379883,3.0541200637817383,4.679999828338623,162.05799865722656,87.2052993774414,178.82000732421875,134.90567016601562
2020-11-05,212.7487335205078,11.600000381469727,14.098922729492188,41.295875549316406,115.45597839355469,53.23117446899414,3.1798782348632812,4.860000133514404,166.10000610351562,90.77177429199219,182.92999267578125,135.1401824951172
2020-11-06,213.15843200683594,11.460000038146973,14.499190330505371,41.03370666503906,115.32477569580078,53.796836853027344,3.1619129180908203,4.829999923706055,165.56849670410156,89.56266021728516,183.19000244140625,133.50694274902344
2020-11-09,208.080078125,13.199999809265137,13.571955680847168,41.22355270385742,113.02198028564453,54.57706832885742,3.278688430786133,4.929999828338623,157.18699645996094,101.6887435913086,175.0800018310547,130.7013397216797
2020-11-10,201.0484619140625,12.380000114440918,12.714920997619629,41.07891082763672,112.68193054199219,54.04066467285156,3.296653985977173,5.019999980926514,151.75100708007812,101.35820770263672,175.66000366210938,129.9475860595703
2020-11-11,206.32691955566406,12.039999961853027,13.360123634338379,41.901573181152344,116.10211944580078,54.967185974121094,3.3685152530670166,5.190000057220459,156.8695068359375,99.84461975097656,174.89999389648438,130.41661071777344
2020-11-12,205.2693328857422,11.739999771118164,13.39870834350586,40.63593673706055,115.83002471923828,54.85990524291992,3.3685152530670166,4.989999771118164,155.51400756835938,98.61810302734375,175.9600067138672,132.63595581054688
2020-11-13,206.28880310058594,12.239999771118164,13.239646911621094,41.09698486328125,115.8786392211914,56.498382568359375,3.4224112033843994,5.110000133514404,156.4405059814453,99.2357177734375,177.16000366210938,132.4601287841797
2020-11-16,206.97482299804688,12.789999961853027,13.456954956054688,41.75693130493164,116.8891372680664,60.331260681152344,3.50325608253479,5.190000057220459,156.55299377441406,102.0367202758789,177.14999389648438,132.14183044433594
2020-11-17,204.33563232421875,12.699999809265137,13.364357948303223,41.1602668762207,116.00493621826172,60.45805740356445,3.5302042961120605,5.289999961853027,156.7830047607422,101.0015640258789,176.5,133.00448608398438
2020-11-18,201.64169311523438,12.739999771118164,13.370827674865723,40.735374450683594,114.68350982666016,59.23894500732422,3.539186716079712,5.440000057220459,155.2729949951172,100.25346374511719,175.49000549316406,133.38973999023438
2020-11-19,202.92176818847656,12.789999961853027,13.382279396057129,41.241641998291016,115.27620697021484,60.302005767822266,3.4942731857299805,5.360000133514404,155.8509979248047,100.52313232421875,175.16000366210938,134.07650756835938
2020-11-20,200.98255920410156,12.529999732971191,13.031299591064453,41.03370666503906,114.0130615234375,59.88262939453125,3.5481696128845215,5.760000228881836,154.97000122070312,99.66194152832031,175.69000244140625,135.26576232910156
2020-11-23,200.71505737304688,13.5600004196167,13.083322525024414,41.63941192626953,110.62201690673828,62.59393310546875,3.5661349296569824,5.659999847412109,154.91949462890625,102.53254699707031,172.22999572753906,134.64596557617188
2020-11-24,204.29737854003906,14.819999694824219,12.901861190795898,42.498226165771484,111.90459442138672,62.3696174621582,3.655961751937866,5.699999809265137,155.9029998779297,107.27339172363281,169.58999633789062,133.30593872070312
2020-11-25,204.30691528320312,14.9399995803833,13.177667617797852,42.534385681152344,112.74020385742188,61.86246109008789,3.709857940673828,5.909999847412109,159.2534942626953,106.15123748779297,169.50999450683594,132.8955535888672
2020-11-27,205.6061248779297,14.979999542236328,13.204050064086914,42.89599609375,113.28436279296875,62.642696380615234,3.709857940673828,6.150000095367432,159.76699829101562,105.44662475585938,167.7899932861328,134.18531799316406
2020-11-30,204.4980010986328,14.130000114440918,13.343696594238281,43.709625244140625,115.67459869384766,62.50614929199219,3.6200311183929443,5.869999885559082,158.40199279785156,102.5412368774414,166.6699981689453,134.01791381835938
2020-12-01,206.54229736328125,14.270000457763672,13.332247734069824,44.803497314453125,119.24052429199219,65.42228698730469,3.6469790935516357,7.0,161.00399780273438,104.15921020507812,170.17999267578125,132.04185485839844
2020-12-02,205.73983764648438,14.859999656677246,13.486080169677734,45.11085891723633,119.59034729003906,67.40209197998047,3.6469790935516357,7.449999809265137,160.17649841308594,106.1599349975586,171.4600067138672,130.99388122558594
2020-12-03,204.66038513183594,16.09000015258789,13.342161178588867,46.09625244140625,119.45429992675781,68.17254638671875,3.611048698425293,7.460000038146973,159.3365020751953,105.46402740478516,172.80999755859375,132.05023193359375
2020-12-04,204.77500915527344,16.399999618530273,13.503759384155273,47.00027847290039,118.78385925292969,71.52754211425781,3.6200311183929443,8.520000457763672,158.12899780273438,106.42089080810547,172.32000732421875,130.1136016845703
2020-12-07,204.70819091796875,17.209999084472656,13.552062034606934,45.3820686340332,120.24131774902344,70.81558990478516,3.6469790935516357,8.25,157.89999389648438,106.020751953125,174.88999938964844,131.287353515625
2020-12-08,206.35125732421875,17.6299991607666,13.296346664428711,45.825035095214844,120.85347747802734,71.38127899169922,3.7907025814056396,8.520000457763672,158.864501953125,106.12512969970703,175.5,131.90773010253906
2020-12-09,202.3295135498047,17.15999984741211,12.878782272338867,45.2645378112793,118.3271713256836,69.64527130126953,3.7637546062469482,8.3100004196167,155.2100067138672,105.29875946044922,172.5,131.47178649902344
2020-12-10,201.10675048828125,17.989999771118164,12.920114517211914,45.43631362915039,119.74578094482422,69.51847839355469,3.7727367877960205,8.369999885559082,155.07449340820312,104.62025451660156,172.1699981689453,132.6370391845703
2020-12-11,203.72421264648438,17.049999237060547,12.960949897766113,44.95718002319336,118.93931579589844,68.7869873046875,3.6469790935516357,8.15999984741211,155.8209991455078,104.00263214111328,172.49000549316406,133.1065216064453
2020-12-14,204.62216186523438,16.700000762939453,13.255261421203613,45.626163482666016,118.3271713256836,69.77204132080078,3.593083143234253,8.25,157.84849548339844,102.90658569335938,171.5399932861328,132.73770141601562
2020-12-15,204.55528259277344,17.010000228881836,13.306805610656738,45.80696105957031,124.25421905517578,71.3422622680664,3.6829099655151367,8.300000190734863,158.25599670410156,104.66374969482422,173.94000244140625,132.2933349609375
2020-12-16,209.4750213623047,16.860000610351562,13.189278602600098,46.213768005371094,124.18621063232422,71.18620300292969,3.5841004848480225,8.239999771118164,162.04800415039062,104.96820831298828,174.89999389648438,131.94126892089844
2020-12-17,209.60877990722656,16.799999237060547,13.28763198852539,45.788883209228516,125.05099487304688,70.47425079345703,3.6469790935516357,8.260000228881836,161.8040008544922,104.09834289550781,176.74000549316406,131.5920867919922
2020-12-18,208.8158721923828,16.510000228881836,13.218657493591309,42.9050407409668,123.0688247680664,69.69400024414062,3.593083143234253,6.949999809265137,160.08250427246094,103.58509826660156,176.44000244140625,131.19766235351562
2020-12-21,212.63702392578125,16.100000381469727,13.278663635253906,41.910614013671875,124.59429931640625,69.70377349853516,3.50325608253479,7.110000133514404,160.3090057373047,107.47344970703125,175.8800048828125,131.71800231933594
2020-12-22,213.92666625976562,15.479999542236328,13.224883079528809,41.73884201049805,128.1408233642578,68.6992416381836,3.48529052734375,7.190000057220459,160.3260040283203,105.83806610107422,174.49000549316406,132.39776611328125
2020-12-23,211.13719177246094,15.890000343322754,12.956963539123535,42.10044860839844,127.2469253540039,68.22135162353516,3.48529052734375,7.090000152587891,159.2635040283203,108.79563903808594,175.64999389648438,131.4830322265625
2020-12-24,212.78985595703125,15.65999984741211,12.941527366638184,42.5524787902832,128.228271484375,68.83577728271484,3.4942731857299805,7.059999942779541,158.63450622558594,108.31721496582031,176.35000610351562,132.0033416748047
2020-12-28,214.90101623535156,16.059999465942383,12.848152160644531,42.5524787902832,132.814453125,68.91378784179688,3.50325608253479,6.880000114440918,164.197998046875,109.030517578125,175.7100067138672,132.06207275390625
2020-12-29,214.12722778320312,15.859999656677246,12.891230583190918,44.64980697631836,131.0460662841797,68.47490692138672,3.5302042961120605,6.769999980926514,166.10000610351562,108.74346923828125,176.35000610351562,131.89425659179688
2020-12-30,211.76773071289062,16.149999618530273,13.092915534973145,44.07123565673828,129.92868041992188,70.14266204833984,3.4942731857299805,6.670000076293945,164.29249572753906,109.04792022705078,177.6999969482422,132.1795654296875
2020-12-31,212.47462463378906,15.770000457763672,13.002532958984375,45.038536071777344,128.9278106689453,73.32207489013672,3.5122385025024414,6.630000114440918,162.84649658203125,110.53541564941406,178.36000061035156,132.37257385253906
2021-01-04,207.95614624023438,15.130000114440918,13.060794830322266,44.90292739868164,125.7408676147461,72.22000885009766,3.4942731857299805,6.579999923706055,159.3314971923828,109.4915542602539,182.3300018310547,132.21304321289062
2021-01-05,208.15670776367188,15.430000305175781,13.350872993469238,45.75272750854492,127.29544067382812,75.35066986083984,3.629013776779175,6.769999980926514,160.92550659179688,110.08734130859375,182.8699951171875,131.23123168945312
2021-01-06,202.75936889648438,15.520000457763672,12.563803672790527,46.19569396972656,123.0105209350586,75.20440673828125,3.629013776779175,6.710000038146973,156.91900634765625,115.256591796875,179.89999389648438,128.53729248046875
2021-01-07,208.529296875,15.380000114440918,13.29036808013916,47.18107986450195,127.20803833007812,77.15497589111328,3.5841004848480225,7.059999942779541,158.10800170898438,119.04151153564453,179.47999572753906,127.40432739257812
2021-01-08,209.79983520507812,15.130000114440918,13.223388671875,46.69291687011719,128.3059844970703,75.5067367553711,3.5302042961120605,7.559999942779541,159.13499450683594,119.17294311523438,173.33999633789062,126.99314880371094
2021-01-11,207.76504516601562,15.0,13.566754341125488,46.59347152709961,125.32305908203125,76.72583770751953,3.4763076305389404,7.650000095367432,155.7104949951172,120.95148468017578,173.0,126.78327941894531
2021-01-12,205.3195343017578,15.380000114440918,13.430553436279297,48.13031005859375,125.14813995361328,77.4963150024414,3.6020655632019043,7.630000114440918,156.04150390625,122.85272979736328,174.1199951171875,126.68257141113281
2021-01-13,206.6664581298828,15.529999732971191,13.477365493774414,51.4842414855957,127.17884826660156,77.9352035522461,3.575117588043213,7.440000057220459,158.29449462890625,122.96664428710938,173.3699951171875,128.10926818847656
2021-01-14,203.49493408203125,16.440000534057617,13.147197723388672,53.56349563598633,125.25501251220703,79.29084014892578,3.6739275455474854,9.109999656677246,156.37350463867188,123.68504333496094,173.27999877929688,126.90923309326172
2021-01-15,203.14151000976562,15.760000228881836,12.807816505432129,52.05377960205078,123.53520202636719,78.72518157958984,3.6649444103240967,9.84000015258789,155.21249389648438,121.46843719482422,171.1300048828125,127.4127426147461
2021-01-19,206.76199340820312,15.970000267028809,12.972899436950684,52.42443084716797,124.20564270019531,83.3870620727539,3.709857940673828,12.350000381469727,156.03799438476562,120.94274139404297,172.5800018310547,127.82388305664062
2021-01-20,214.3087615966797,16.170000076293945,13.312030792236328,53.039154052734375,128.2865447998047,81.43647003173828,3.7727367877960205,12.789999961853027,163.16900634765625,119.12911987304688,175.38999938964844,127.9498519897461
2021-01-21,214.9105987548828,15.829999923706055,13.811766624450684,56.465423583984375,132.98931884765625,82.90917205810547,3.7907025814056396,12.850000381469727,165.34950256347656,118.13034057617188,175.27999877929688,127.0518569946289
2021-01-22,215.84677124023438,15.819999694824219,13.657387733459473,51.222068786621094,135.12696838378906,80.24663543701172,3.7727367877960205,14.039999961853027,164.6114959716797,117.2191162109375,173.89999389648438,127.4631118774414
2021-01-25,219.26670837402344,15.430000305175781,13.598376274108887,50.11915969848633,138.8677520751953,79.27133178710938,4.356613636016846,18.030000686645508,164.6999969482422,115.7559814453125,174.0500030517578,128.96534729003906
2021-01-26,221.94149780273438,15.529999732971191,13.381251335144043,49.91123580932617,139.10098266601562,77.54507446289062,4.248820781707764,18.920000076293945,166.30650329589844,115.28287506103516,173.6199951171875,128.7219696044922
2021-01-27,222.48602294921875,16.559999465942383,12.865832328796387,48.446712493896484,138.03216552734375,73.23429870605469,5.883673191070557,25.100000381469727,161.62899780273438,112.02362060546875,172.52000427246094,129.04931640625
2021-01-28,228.24639892578125,18.100000381469727,12.998546600341797,50.68868637084961,133.20309448242188,76.45276641845703,4.212889671325684,14.649999618530273,161.88099670410156,113.99491882324219,172.67999267578125,128.33595275878906
2021-01-29,221.5880889892578,17.170000076293945,12.937541007995605,50.182437896728516,128.21856689453125,76.33570098876953,4.096114158630371,14.100000381469727,160.30999755859375,112.73328399658203,172.61000061035156,127.56379699707031
2021-02-01,228.93418884277344,16.84000015258789,13.183799743652344,51.24919128417969,130.3367462158203,78.44234466552734,4.392543792724609,14.630000114440918,167.1439971923828,113.56562042236328,174.22999572753906,127.71167755126953
2021-02-02,228.8004608154297,16.59000015258789,13.502264022827148,52.43346405029297,131.16262817382812,79.60293579101562,4.06916618347168,11.550000190734863,169.0,117.06144714355469,172.11000061035156,126.88825988769531
2021-02-03,232.13441467285156,17.600000381469727,13.476120948791504,52.14418029785156,130.14239501953125,77.15497589111328,4.221872329711914,12.0,165.62649536132812,118.4019546508789,171.85000610351562,125.76235961914062
2021-02-04,231.18869018554688,17.399999618530273,13.609332084655762,53.47024917602539,133.49459838867188,79.24209594726562,3.9254422187805176,12.149999618530273,166.5500030517578,121.1267318725586,168.14999389648438,125.42633056640625
2021-02-05,231.37017822265625,17.190000534057617,13.536373138427734,52.91545104980469,133.08099365234375,79.09577178955078,3.7907025814056396,13.229999542236328,167.6074981689453,120.89019012451172,169.80999755859375,124.37602233886719
2021-02-08,231.62806701660156,17.770000457763672,14.380719184875488,53.8067741394043,133.22694396972656,81.93389129638672,3.826633930206299,13.760000228881836,166.14700317382812,122.78265380859375,171.52000427246094,124.92217254638672
2021-02-09,232.86996459960938,17.440000534057617,14.20592212677002,53.461151123046875,132.3511962890625,81.26092529296875,3.7637546062469482,13.430000305175781,165.25,122.29203796386719,172.0800018310547,125.0145492553711
2021-02-10,231.9624481201172,17.40999984741211,14.704910278320312,53.533912658691406,131.7479248046875,80.31489562988281,3.745788812637329,13.100000381469727,164.32899475097656,122.36209869384766,172.7100067138672,125.8464126586914
2021-02-11,233.5577850341797,16.989999771118164,15.189456939697266,55.17103958129883,131.49485778808594,84.34283447265625,3.6829099655151367,12.460000038146973,163.10650634765625,122.02037811279297,171.2100067138672,125.15739440917969
2021-02-12,234.035400390625,17.270000457763672,14.90112018585205,56.21697235107422,131.72840881347656,85.83502197265625,3.745788812637329,13.039999961853027,163.885498046875,123.75517272949219,170.69000244140625,123.6030044555664
2021-02-16,232.8031005859375,17.81999969482422,15.268634796142578,56.817256927490234,129.6070556640625,85.5716781616211,3.709857940673828,12.210000038146973,163.44749450683594,126.73405456542969,168.24000549316406,121.72098541259766
2021-02-17,233.81802368164062,17.989999771118164,14.846092224121094,56.253353118896484,127.32027435302734,83.92347717285156,3.691892623901367,11.319999694824219,165.4320068359375,127.1283187866211,166.3300018310547,122.4939956665039
2021-02-18,233.42544555664062,17.709999084472656,14.769400596618652,56.03507614135742,126.22066497802734,86.35193634033203,3.7008755207061768,10.9399995803833,166.4114990234375,127.55763244628906,166.32000732421875,121.99825286865234
2021-02-19,230.725341796875,18.68000030517578,14.866510391235352,57.30838394165039,126.37638092041016,88.7121353149414,3.655961751937866,10.899999618530273,162.4949951171875,129.68666076660156,167.00999450683594,120.37654876708984
2021-02-22,224.53997802734375,20.440000534057617,14.298052787780762,55.21650695800781,122.6104736328125,84.14777374267578,3.557152032852173,10.680000305175781,159.03700256347656,130.9044647216797,169.50999450683594,119.46082305908203
2021-02-23,223.35272216796875,20.65999984741211,14.085164070129395,55.58940887451172,122.47422790527344,86.04959869384766,3.5481696128845215,10.399999618530273,159.72500610351562,131.95587158203125,169.1199951171875,119.11634063720703
2021-02-24,224.57830810546875,21.81999969482422,14.440728187561035,57.472103118896484,121.97797393798828,90.23356628417969,3.629013776779175,11.319999694824219,157.97650146484375,134.2776336669922,169.0,118.33494567871094
2021-02-25,219.25466918945312,20.860000610351562,13.25401496887207,54.93456268310547,117.73526763916016,85.94230651855469,3.6379966735839844,10.579999923706055,152.85800170898438,132.4552459716797,165.82000732421875,116.40241241455078
2021-02-26,222.5005645751953,20.940000534057617,13.659380912780762,55.28017807006836,117.99798583984375,89.26802062988281,3.521221399307251,10.050000190734863,154.64649963378906,128.9419403076172,161.80999755859375,120.25059509277344
2021-03-01,226.86668395996094,21.18000030517578,13.786116600036621,57.190155029296875,124.3523178100586,92.418212890625,3.629013776779175,10.90999984741211,157.3070068359375,131.85946655273438,161.52999877929688,118.66238403320312
2021-03-02,223.9272003173828,21.440000534057617,13.352370262145996,55.69855499267578,121.75416564941406,88.83889770507812,3.629013776779175,10.5,154.72650146484375,131.43016052246094,162.41000366210938,118.6707992553711
2021-03-03,217.88543701171875,22.170000076293945,12.753288269042969,54.47980880737305,118.7764663696289,86.9078140258789,3.575117588043213,10.149999618530273,150.25,133.9709930419922,160.6199951171875,117.38373565673828
2021-03-04,217.0907440185547,21.239999771118164,12.320533752441406,53.05187225341797,116.89836883544922,82.2459716796875,3.43139386177063,9.84000015258789,148.8784942626953,131.912109375,159.0399932861328,116.62664794921875
2021-03-05,221.7537384033203,20.450000762939453,12.41141414642334,55.24380111694336,118.15367889404297,86.73228454589844,3.48529052734375,9.449999809265137,150.0229949951172,132.21873474121094,159.13999938964844,116.85371398925781
2021-03-08,217.72267150878906,21.469999313354492,11.546655654907227,54.434326171875,113.22979736328125,82.94818115234375,3.4763076305389404,9.75,147.59750366210938,133.9709930419922,157.49000549316406,115.94529724121094
2021-03-09,223.8410186767578,21.600000381469727,12.474238395690918,56.9991569519043,117.83256530761719,87.09314727783203,3.557152032852173,10.449999809265137,153.1425018310547,133.02476501464844,160.83999633789062,117.55199432373047
2021-03-10,222.53884887695312,21.75,12.422423362731934,56.617164611816406,116.7524185180664,83.29927825927734,3.557152032852173,10.34000015258789,152.8820037841797,135.916015625,161.66000366210938,117.78752899169922
2021-03-11,227.0486297607422,22.149999618530273,12.945743560791016,57.58125305175781,118.67916107177734,87.1029052734375,3.6829099655151367,10.699999809265137,155.67950439453125,135.2063751220703,161.52000427246094,116.9378433227539
2021-03-12,225.72731018066406,23.3700008392334,12.80875015258789,57.20834732055664,117.774169921875,85.60092163085938,3.7907025814056396,11.850000381469727,154.47450256347656,136.80970764160156,161.49000549316406,114.45628356933594
2021-03-15,224.8272705078125,25.170000076293945,13.142768859863281,58.01781463623047,120.65454864501953,86.65426635742188,3.8625640869140625,11.680000305175781,154.08399963378906,136.1262969970703,162.1999969482422,115.12922668457031
2021-03-16,227.6039276123047,24.469999313354492,13.242402076721191,58.91823196411133,122.19204711914062,89.17050170898438,3.8086671829223633,11.460000038146973,154.59300231933594,134.49668884277344,162.35000610351562,114.66665649414062
2021-03-17,226.96241760253906,25.15999984741211,13.292216300964355,59.82775115966797,121.40384674072266,92.418212890625,3.844599485397339,11.600000381469727,156.7864990234375,135.88096618652344,163.50999450683594,113.80853271484375
2021-03-18,220.9111785888672,24.700000762939453,12.675742149353027,57.96324157714844,117.2876205444336,87.60027313232422,3.5122385025024414,10.760000228881836,151.39950561523438,138.12388610839844,162.55999755859375,112.65607452392578
2021-03-19,220.5568389892578,24.969999313354492,12.798539161682129,57.99052047729492,116.76214599609375,88.27323150634766,3.611048698425293,10.949999809265137,153.7480010986328,135.9247589111328,163.24000549316406,113.35431671142578
2021-03-22,225.95709228515625,23.829999923706055,13.137784957885742,59.69131088256836,120.07071685791016,89.02421569824219,3.6469790935516357,10.710000038146973,155.5435028076172,132.2712860107422,163.0,114.62450408935547
2021-03-23,227.47947692871094,22.270000457763672,13.022711753845215,57.735870361328125,119.24354553222656,83.28952026367188,3.575117588043213,10.069999694824219,156.875,130.9482879638672,161.80999755859375,115.65924835205078
2021-03-24,225.44960021972656,21.809999465942383,12.59653377532959,56.4261589050293,116.85945129394531,80.94884490966797,3.521221399307251,9.579999923706055,154.35350036621094,131.96466064453125,162.3699951171875,116.28173065185547
2021-03-25,222.4622802734375,22.770000457763672,12.489178657531738,56.40797424316406,117.34600830078125,82.01189422607422,3.5661349296569824,9.880000114440918,152.31300354003906,133.65557861328125,161.77999877929688,115.36479949951172
2021-03-26,226.42620849609375,22.93000030517578,12.792058944702148,59.000083923339844,117.9493408203125,85.81550598144531,3.6469790935516357,9.630000114440918,152.60150146484375,135.88096618652344,162.24000549316406,114.96101379394531
2021-03-29,225.2389373779297,22.90999984741211,12.90066146850586,58.66356658935547,118.12449645996094,84.45011138916016,3.611048698425293,9.199999809265137,153.7864990234375,133.76947021484375,160.30999755859375,113.98518371582031
2021-03-30,221.99310302734375,24.1200008392334,12.824441909790039,57.9996223449707,116.67457580566406,84.40135955810547,3.5841004848480225,9.34000015258789,152.76449584960938,135.34652709960938,157.57000732421875,114.58250427246094
2021-03-31,225.74639892578125,23.899999618530273,13.299190521240234,58.20880889892578,118.86405181884766,86.03007507324219,3.557152032852173,8.430000305175781,154.70399475097656,133.37522888183594,159.9600067138672,113.94313049316406
2021-04-01,232.04669189453125,23.860000610351562,13.760990142822266,58.70904541015625,119.6911849975586,90.12630462646484,3.593083143234253,8.600000381469727,158.0500030517578,134.67193603515625,161.97999572753906,115.83426666259766
2021-04-05,238.4810028076172,24.229999542236328,13.936094284057617,60.51896286010742,122.51318359375,91.43318939208984,3.6379966735839844,9.300000190734863,161.3365020751953,135.38577270507812,161.9199981689453,115.32881927490234
2021-04-06,237.32241821289062,24.059999465942383,13.810555458068848,59.627647399902344,122.8148193359375,91.17959594726562,3.593083143234253,8.989999771118164,161.1909942626953,134.43397521972656,163.22000122070312,116.11227416992188
2021-04-07,239.2756805419922,23.93000030517578,14.09151840209961,60.255210876464844,124.4593734741211,91.63799285888672,3.6379966735839844,8.90999984741211,163.96949768066406,136.5402374267578,162.75999450683594,115.3036117553711
2021-04-08,242.4832763671875,23.649999618530273,14.264378547668457,60.98282241821289,126.85318756103516,92.93510437011719,3.6469790935516357,9.4399995803833,164.96499633789062,136.70773315429688,164.50999450683594,116.25543975830078
2021-04-09,244.97276306152344,23.540000915527344,14.347075462341309,62.083343505859375,129.42214965820312,92.94487762451172,3.709857940673828,9.130000114440918,168.61000061035156,137.7300262451172,163.27000427246094,115.83426666259766
2021-04-12,245.0301971435547,22.90999984741211,15.153101921081543,59.4912223815918,127.70952606201172,93.22769165039062,3.655961751937866,9.029999732971191,168.96949768066406,137.43923950195312,162.27999877929688,115.78373718261719
2021-04-13,247.50051879882812,22.559999465942383,15.621872901916504,59.31840896606445,130.81370544433594,89.8727035522461,3.709857940673828,9.100000381469727,170.0,135.79995727539062,163.42999267578125,116.65130615234375
2021-04-14,244.72378540039062,22.3700008392334,15.22085189819336,58.38161849975586,128.4782257080078,88.42926788330078,3.709857940673828,9.0,166.64999389648438,133.2618408203125,162.72000122070312,116.28074645996094
2021-04-15,248.46754455566406,22.1299991607666,16.077943801879883,59.136512756347656,130.88182067871094,88.03916931152344,3.709857940673828,8.770000457763672,168.95449829101562,134.10789489746094,165.35000610351562,118.22659301757812
2021-04-16,249.65480041503906,22.030000686645508,15.854016304016113,58.89095687866211,130.5509796142578,88.41952514648438,3.7547719478607178,8.699999809265137,169.9720001220703,135.10374450683594,166.35000610351562,117.30846405029297
2021-04-19,247.73989868164062,21.549999237060547,15.305290222167969,57.872291564941406,131.212646484375,86.22514343261719,3.745788812637329,8.619999885559082,168.60049438476562,134.53089904785156,165.88999938964844,116.97149658203125
2021-04-20,247.28028869628906,20.3700008392334,15.115492820739746,57.02644348144531,129.52923583984375,85.3181381225586,3.7278237342834473,8.210000038146973,166.7344970703125,131.55210876464844,166.47999572753906,117.51058959960938
2021-04-21,249.50157165527344,21.010000228881836,15.304046630859375,57.93596267700195,129.90872192382812,87.2784652709961,3.7817201614379883,8.65999984741211,168.1009979248047,132.6713409423828,168.1300048828125,117.74649810791016
2021-04-22,246.23667907714844,20.06999969482422,14.795668601989746,56.90821075439453,128.39068603515625,82.61656951904297,3.7368061542510986,8.640000343322754,165.45199584960938,129.87762451171875,167.0399932861328,118.26030731201172
2021-04-23,250.04742431640625,21.110000610351562,15.209145545959473,53.8795280456543,130.70669555664062,83.90394592285156,3.7727367877960205,8.850000381469727,167.04400634765625,132.36289978027344,166.39999389648438,117.9822998046875
2021-04-26,250.43038940429688,22.040000915527344,15.421113014221191,53.442962646484375,131.0958709716797,85.66921997070312,3.7727367877960205,9.09000015258789,170.4499969482422,132.68898010253906,166.83999633789062,117.81382751464844
2021-04-27,250.83253479003906,21.760000228881836,15.325217247009277,52.72444534301758,130.77474975585938,87.24919128417969,3.7907025814056396,9.289999961853027,170.8715057373047,133.29708862304688,166.4199981689453,116.78614044189453
2021-04-28,243.7375946044922,21.700000762939453,15.220602989196777,52.40612030029297,129.9865264892578,83.90394592285156,3.7727367877960205,9.300000190734863,172.9250030517578,134.16075134277344,166.91000366210938,116.86192321777344
2021-04-29,241.7747039794922,21.299999237060547,15.268424034118652,53.00640106201172,129.88922119140625,85.88377380371094,4.194924831390381,9.0600004196167,173.5655059814453,136.7694091796875,166.22000122070312,116.51657104492188
2021-04-30,241.45877075195312,21.719999313354492,14.954337120056152,52.32426452636719,127.92362976074219,83.9429702758789,4.203906536102295,8.829999923706055,173.37100219726562,135.5531768798828,165.66000366210938,116.78614044189453
2021-05-03,241.15237426757812,21.950000762939453,14.782219886779785,52.078697204589844,128.97451782226562,82.91889190673828,4.4105095863342285,8.609999656677246,169.32449340820312,135.15658569335938,167.80999755859375,116.8561782836914
2021-05-04,237.2554168701172,21.420000076293945,14.298502922058105,51.75127410888672,124.41069793701172,82.32398986816406,4.221872329711914,8.359999656677246,165.593505859375,137.02500915527344,166.5800018310547,117.6491470336914
2021-05-05,235.9915008544922,21.56999969482422,14.405362129211426,51.705787658691406,124.65398406982422,83.04569244384766,4.311699867248535,8.220000267028809,163.52699279785156,138.8228759765625,167.27000427246094,117.8431625366211
2021-05-06,239.11289978027344,21.489999771118164,14.469621658325195,52.33539581298828,126.24989318847656,82.7043685913086,4.374578952789307,8.149999618530273,165.31849670410156,141.6166229248047,170.05999755859375,118.03723907470703
2021-05-07,241.7268524169922,22.0,14.757811546325684,52.7746467590332,126.9224853515625,83.85519409179688,4.581180572509766,8.479999542236328,164.58050537109375,142.10128784179688,171.58999633789062,117.45515441894531
2021-05-10,236.6713409423828,22.0,14.2133207321167,51.218955993652344,123.64727020263672,78.8519515991211,4.473388671875,8.130000114440918,159.52450561523438,142.08367919921875,172.11000061035156,116.2656478881836
2021-05-11,235.76170349121094,21.56999969482422,14.253669738769531,50.367897033691406,122.73101806640625,78.68617248535156,4.4284749031066895,8.300000190734863,161.19549560546875,139.72178649902344,172.13999938964844,115.60762786865234
2021-05-12,228.83912658691406,20.760000228881836,13.707932472229004,49.06843948364258,119.67030334472656,74.9020767211914,4.2308549880981445,7.949999809265137,157.5970001220703,138.7611541748047,170.42999267578125,114.39286804199219
2021-05-13,232.69778442382812,21.209999084472656,13.615025520324707,49.425331115722656,121.81473541259766,75.28241729736328,4.266786098480225,7.940000057220459,158.07350158691406,142.33042907714844,171.1300048828125,114.56999969482422
2021-05-14,237.60008239746094,22.399999618530273,14.190650939941406,50.651580810546875,124.23212432861328,77.73040008544922,4.401526927947998,8.4399995803833,161.14500427246094,144.54249572753906,172.69000244140625,115.64137268066406
2021-05-17,234.75637817382812,23.350000381469727,14.113435745239258,50.63328552246094,123.08192443847656,78.40331268310547,4.4105095863342285,8.489999771118164,163.51950073242188,145.12417602539062,174.6999969482422,115.39669799804688
2021-05-18,232.74563598632812,23.559999465942383,13.964240074157715,50.184879302978516,121.69776916503906,76.9306411743164,4.473388671875,8.770000457763672,161.61399841308594,143.0795440673828,175.0399932861328,115.10145568847656
2021-05-19,233.3214569091797,22.969999313354492,14.014053344726562,50.660736083984375,121.54181671142578,77.95470428466797,4.43745756149292,8.539999961853027,161.58999633789062,141.98672485351562,175.16000366210938,114.8230972290039
2021-05-20,236.54603576660156,22.600000381469727,14.558797836303711,51.200645446777344,124.0956802368164,79.12503814697266,4.626093864440918,8.779999732971191,162.38400268554688,141.7399444580078,175.9600067138672,115.76792907714844
2021-05-21,235.28884887695312,22.56999969482422,14.936649322509766,51.31962966918945,122.26312255859375,78.72518157958984,4.5362677574157715,8.520000457763672,160.1540069580078,143.35275268554688,176.0399932861328,116.13912200927734
2021-05-24,240.67276000976562,22.989999771118164,15.5546236038208,52.124916076660156,123.89096069335938,80.85130310058594,4.509319305419922,8.619999885559082,162.24949645996094,144.1282958984375,176.35000610351562,116.56936645507812
2021-05-25,241.57484436035156,23.209999084472656,15.590239524841309,52.04256057739258,123.69601440429688,79.2225570678711,4.491353511810303,8.59000015258789,162.95249938964844,142.63890075683594,177.9499969482422,117.6491470336914
2021-05-26,241.3541259765625,23.899999618530273,15.64229679107666,52.08831024169922,123.64727020263672,80.20762634277344,4.44644021987915,9.4399995803833,163.25799560546875,142.6212921142578,177.63999938964844,117.44670104980469
2021-05-27,239.261962890625,24.43000030517578,15.431076049804688,52.82956314086914,122.11691284179688,81.85585021972656,4.5542311668396,9.970000267028809,161.5054931640625,144.84214782714844,177.7100067138672,116.97428894042969
2021-05-28,239.61708068847656,24.239999771118164,16.18479347229004,52.27133560180664,121.46385192871094,82.06067657470703,4.635077476501465,10.069999694824219,161.15350341796875,144.74520874023438,178.3800048828125,116.78865051269531
2021-06-01,237.42892456054688,24.670000076293945,16.204723358154297,52.06085968017578,121.14217376708984,82.07039642333984,4.662025451660156,11.5600004196167,160.9324951171875,146.34036254882812,177.89999389648438,116.76249694824219
2021-06-02,237.33299255371094,25.81999969482422,16.716583251953125,52.60077667236328,121.90247344970703,82.2557144165039,4.895575523376465,15.25,161.69949340820312,146.34918212890625,178.77000427246094,117.0328598022461
2021-06-03,235.8070831298828,24.93000030517578,16.90737533569336,51.46603775024414,120.42086029052734,80.00279998779297,4.922523498535156,15.880000114440918,159.35049438476562,146.4460906982422,175.27000427246094,116.59349060058594
2021-06-04,240.6823272705078,24.299999237060547,17.513643264770508,52.50011444091797,122.71150207519531,81.69005584716797,4.922523498535156,13.859999656677246,160.31100463867188,146.68405151367188,177.16000366210938,118.19023895263672
2021-06-07,243.58062744140625,24.25,17.554241180419922,52.2438850402832,122.72128295898438,81.96314239501953,5.039299488067627,15.770000457763672,159.90049743652344,145.99667358398438,177.8699951171875,117.82698059082031
2021-06-08,242.39060974121094,24.219999313354492,17.392839431762695,52.16151428222656,123.54004669189453,78.53987121582031,5.012350559234619,15.800000190734863,163.20550537109375,145.41502380371094,177.32000732421875,118.65487670898438
2021-06-09,243.36952209472656,23.850000381469727,17.298416137695312,52.16151428222656,123.92020416259766,76.71609497070312,4.9315056800842285,15.15999984741211,164.0574951171875,143.59950256347656,176.97999572753906,119.7024917602539
2021-06-10,246.8723602294922,23.459999084472656,17.36493682861328,52.50926971435547,122.92595672607422,77.32077026367188,4.886593818664551,13.890000343322754,167.4824981689453,141.3610076904297,177.74000549316406,120.42057037353516
2021-06-11,247.49620056152344,23.530000686645508,17.763809204101562,52.93937301635742,124.13465118408203,77.37928009033203,4.877609729766846,14.180000305175781,167.3415069580078,141.26402282714844,175.74000549316406,120.22625732421875
2021-06-14,249.41563415527344,22.989999771118164,17.956636428833008,53.250518798828125,127.18563079833984,78.5008544921875,4.895575523376465,14.050000190734863,169.19349670410156,138.86691284179688,174.7100067138672,119.30537414550781
2021-06-15,247.9472198486328,22.790000915527344,17.727184295654297,53.06748962402344,126.36685943603516,80.14909362792969,4.751852035522461,13.989999771118164,169.156494140625,136.76060485839844,174.0500030517578,119.16179656982422
2021-06-16,247.0067596435547,22.829999923706055,17.748859405517578,52.36284637451172,126.86396026611328,78.5008544921875,4.688973426818848,12.880000114440918,170.7624969482422,137.72125244140625,171.11000061035156,119.06040954589844
2021-06-17,250.38487243652344,22.229999542236328,18.59293556213379,52.32624816894531,128.4625701904297,78.64714813232422,4.635077476501465,13.510000228881836,174.46200561523438,133.7465362548828,165.85000610351562,120.84297180175781
2021-06-18,248.97409057617188,22.290000915527344,18.57450294494629,50.94441223144531,127.16614532470703,75.04834747314453,4.581180572509766,12.899999618530273,174.34500122070312,130.36233520507812,164.92999267578125,123.11553955078125
2021-06-21,252.04510498046875,22.450000762939453,18.363731384277344,51.12744140625,128.95970153808594,75.16539764404297,4.581180572509766,12.800000190734863,172.697998046875,132.57437133789062,166.9499969482422,121.05422973632812
2021-06-22,254.80906677246094,22.110000610351562,18.8216552734375,51.12744140625,130.59730529785156,75.7408218383789,4.59016227722168,13.40999984741211,175.27200317382812,132.3805694580078,166.25,121.349853515625
2021-06-23,254.5787811279297,22.200000762939453,18.99156379699707,50.56922149658203,130.32435607910156,77.06718444824219,4.5362677574157715,13.140000343322754,175.1909942626953,133.1824951171875,166.13999938964844,121.03724670410156
2021-06-24,255.9415740966797,22.350000381469727,19.139297485351562,51.310462951660156,130.04164123535156,78.58863830566406,4.6171112060546875,12.680000305175781,172.45399475097656,134.40753173828125,166.0399932861328,121.2315673828125
2021-06-25,254.33883666992188,22.219999313354492,18.965402603149414,51.16404724121094,129.74925231933594,80.00279998779297,4.895575523376465,12.119999885559082,170.072998046875,135.7647247314453,166.58999633789062,119.97277069091797
2021-06-28,257.8897705078125,21.389999389648438,19.91611099243164,52.60077667236328,131.37704467773438,81.31945037841797,4.850662708282471,12.800000190734863,172.1945037841797,136.01145935058594,166.5800018310547,121.20624542236328
2021-06-29,260.4617004394531,21.079999923706055,19.957717895507812,51.932743072509766,132.88790893554688,80.88056182861328,4.814730644226074,12.239999771118164,172.40699768066406,135.84405517578125,164.8300018310547,121.4089584350586
2021-06-30,259.9818115234375,21.209999084472656,19.933551788330078,51.37452697753906,133.50201416015625,82.87991333007812,4.7788004875183105,12.220000267028809,172.00799560546875,137.077880859375,165.6300048828125,121.94969177246094
2021-07-01,260.6535949707031,21.510000228881836,20.14232635498047,51.25555419921875,133.80416870117188,78.13026428222656,4.823714256286621,12.170000076293945,171.64849853515625,138.43507385253906,166.1999969482422,121.95645904541016
2021-07-02,266.4598083496094,21.479999542236328,20.4163818359375,51.94189453125,136.42628479003906,78.34483337402344,4.841679096221924,11.989999771118164,175.5489959716797,138.3021240234375,167.2899932861328,122.69237518310547
2021-07-06,266.4693603515625,21.010000228881836,20.627151489257812,51.32876968383789,138.4342803955078,79.0762939453125,4.868627071380615,12.069999694824219,183.78700256347656,135.97976684570312,168.1199951171875,124.13044738769531
2021-07-07,268.6479187011719,20.309999465942383,20.30152702331543,51.20979690551758,140.91990661621094,76.28697967529297,4.841679096221924,11.4399995803833,184.82899475097656,136.13934326171875,168.75999450683594,125.23011779785156
2021-07-08,266.23907470703125,20.350000381469727,19.834144592285156,50.68818283081055,139.6234588623047,75.20440673828125,4.859644889831543,11.550000190734863,186.57049560546875,133.7904510498047,168.64999389648438,125.72077178955078
2021-07-09,266.73809814453125,20.889999389648438,19.98113441467285,51.23725891113281,141.4462127685547,76.79409790039062,4.9135422706604,11.789999961853027,185.9669952392578,138.07168579101562,169.2100067138672,123.95281219482422
2021-07-12,266.1431579589844,20.84000015258789,20.44179344177246,51.9144401550293,140.85162353515625,77.59386444091797,4.823714256286621,11.25,185.92750549316406,140.0482940673828,169.0,123.79206085205078
2021-07-13,269.655517578125,20.020000457763672,20.180198669433594,52.04256057739258,141.9628448486328,76.51126861572266,5.28183126449585,11.079999923706055,183.8679962158203,137.96527099609375,169.22000122070312,122.84468078613281
2021-07-14,271.1238708496094,20.6200008392334,19.77310562133789,51.72227096557617,145.38421630859375,76.55027770996094,5.245900630950928,10.65999984741211,184.08399963378906,137.49551391601562,171.0399932861328,124.24040985107422
2021-07-15,269.7035827636719,20.459999084472656,18.90087127685547,51.07253646850586,144.7311553955078,75.01908874511719,5.1650567054748535,10.569999694824219,181.55999755859375,137.79689025878906,171.07000732421875,125.6108627319336
2021-07-16,269.4348449707031,19.790000915527344,18.098398208618164,50.30384063720703,142.69393920898438,73.15629577636719,5.102177143096924,10.109999656677246,178.68150329589844,134.6502227783203,169.41000366210938,125.37401580810547
2021-07-19,265.84564208984375,18.969999313354492,18.715017318725586,50.00185012817383,138.85340881347656,72.73692321777344,5.030315399169922,9.880000114440918,177.47950744628906,130.271484375,169.61000061035156,128.12322998046875
2021-07-20,268.0625,20.559999465942383,18.547842025756836,50.55092239379883,142.4599609375,73.52688598632812,5.218953609466553,10.619999885559082,178.6595001220703,132.70018005371094,169.38999938964844,126.88813018798828
2021-07-21,270.05865478515625,21.399999618530273,19.34309196472168,51.45688247680664,141.7289276123047,75.28241729736328,5.209969997406006,10.819999694824219,179.25999450683594,135.49227905273438,168.75999450683594,125.28092956542969
2021-07-22,274.60760498046875,21.15999984741211,19.52646255493164,51.20979690551758,143.0935516357422,73.66342163085938,5.1650567054748535,10.380000114440918,181.90150451660156,133.78155517578125,169.08999633789062,126.46520233154297
2021-07-23,277.9953308105469,21.200000762939453,19.49058723449707,48.501068115234375,144.80914306640625,74.06330871582031,5.1650567054748535,10.180000305175781,182.83200073242188,133.52455139160156,168.55999755859375,125.61922454833984
2021-07-26,277.4002990722656,22.079999923706055,19.227493286132812,49.69986343383789,145.22830200195312,74.41441345214844,5.245900630950928,10.15999984741211,184.99099731445312,134.41976928710938,168.16000366210938,125.24708557128906
2021-07-27,274.9914855957031,21.459999084472656,19.14179229736328,48.66578674316406,143.06436157226562,72.38581848144531,5.1650567054748535,9.90999984741211,181.3195037841797,134.2424774169922,168.44000244140625,126.5836181640625
2021-07-28,274.68438720703125,21.6299991607666,19.435768127441406,48.565120697021484,141.3195037841797,73.68293762207031,5.218953609466553,10.770000457763672,181.51600646972656,134.46408081054688,169.2899932861328,126.59212493896484
2021-07-29,274.9530944824219,21.170000076293945,19.594228744506836,49.14164733886719,141.9628448486328,75.17514038085938,5.434538841247559,10.350000381469727,179.99600219726562,135.6163787841797,171.1699981689453,125.88996124267578
2021-07-30,273.4272155761719,20.3799991607666,19.431787490844727,49.15995407104492,142.1773223876953,75.66277313232422,5.461485385894775,10.15999984741211,166.37950134277344,134.5349578857422,169.82000732421875,126.48211669921875
2021-08-02,273.3407897949219,20.059999465942383,19.681922912597656,49.12334060668945,141.8458709716797,75.72128295898438,5.506399154663086,10.100000381469727,166.57400512695312,133.99427795410156,169.61000061035156,127.61026000976562
2021-08-03,275.548095703125,19.950000762939453,19.74669647216797,49.47108459472656,143.63943481445312,78.8617172241211,5.650122165679932,10.170000076293945,168.31199645996094,135.5188751220703,169.49000549316406,127.67800903320312
2021-08-04,274.962646484375,19.450000762939453,20.204118728637695,49.324668884277344,143.23980712890625,79.95404815673828,5.596226692199707,9.869999885559082,167.73599243164062,134.0563507080078,169.52999877929688,127.94052124023438
2021-08-05,277.8514099121094,20.90999984741211,20.565866470336914,49.635990142822266,143.34703063964844,79.47614288330078,5.560295104980469,10.430000305175781,168.79949951171875,135.7493438720703,168.86000061035156,127.28841400146484
2021-08-06,277.7937927246094,21.020000457763672,20.295801162719727,49.663612365722656,142.66366577148438,79.97354125976562,5.479451656341553,10.289999961853027,167.2469940185547,139.6051025390625,164.63999938964844,125.16256713867188
2021-08-09,276.7093200683594,20.559999465942383,20.225040435791016,49.78335189819336,142.61488342285156,78.22777557373047,5.479451656341553,10.40999984741211,167.093505859375,139.4544219970703,161.72000122070312,124.71369171142578
2021-08-10,274.8955078125,20.940000534057617,19.867279052734375,49.682037353515625,142.1365509033203,74.0340576171875,5.407590389251709,10.369999885559082,166.03399658203125,141.1651153564453,161.77000427246094,124.13774108886719
2021-08-11,275.3849792480469,21.229999542236328,19.6310977935791,49.866249084472656,142.3903350830078,73.17579650878906,5.407590389251709,10.319999694824219,164.60549926757812,142.84925842285156,164.0,124.0615463256836
2021-08-12,278.1297302246094,20.43000030517578,19.836387634277344,49.31361770629883,145.3482666015625,68.513916015625,5.407590389251709,10.170000076293945,165.1750030517578,143.4076690673828,164.0399932861328,123.85823059082031
2021-08-13,281.0471496582031,19.84000015258789,20.118408203125,49.2675666809082,145.5532684326172,69.16735076904297,5.497416973114014,9.880000114440918,164.69850158691406,141.8033447265625,166.38999938964844,125.81477355957031
2021-08-16,282.7266540527344,19.760000228881836,19.881235122680664,49.24913787841797,147.5251922607422,69.17710876464844,5.452503681182861,9.670000076293945,164.94949340820312,140.8726043701172,167.22000122070312,126.1196060180664
2021-08-17,281.2679443359375,19.34000015258789,19.390932083129883,48.53071594238281,146.61732482910156,69.03083801269531,5.335728645324707,9.670000076293945,162.09800720214844,139.17074584960938,166.97000122070312,126.06877899169922
2021-08-18,279.5467529296875,19.139999389648438,18.9743709564209,48.070186614990234,142.87843322753906,68.87479400634766,5.344710826873779,10.079999923706055,160.06100463867188,137.9032745361328,167.10000610351562,126.4923324584961
2021-08-19,285.3544616699219,18.729999542236328,19.729755401611328,48.300445556640625,143.2103729248047,68.5431900024414,5.2908148765563965,9.5600004196167,159.3874969482422,136.7509765625,166.61000061035156,127.42388153076172
2021-08-20,292.6523742675781,18.5,20.744247436523438,47.90439224243164,144.66488647460938,68.49441528320312,5.299797058105469,9.630000114440918,159.99749755859375,137.1409454345703,166.6999969482422,127.5086669921875
2021-08-23,292.93133544921875,19.110000610351562,21.882314682006836,49.02808380126953,146.1487579345703,69.96710205078125,5.407590389251709,10.140000343322754,163.2935028076172,138.89598083496094,168.72999572753906,127.42388153076172
2021-08-24,290.9794006347656,19.829999923706055,21.717880249023438,49.56230545043945,146.0609130859375,70.20117950439453,5.434538841247559,11.100000381469727,165.28900146484375,139.75576782226562,168.64999389648438,126.43297576904297
2021-08-25,290.39288330078125,20.149999618530273,22.136428833007812,49.56230545043945,144.8308868408203,72.21026611328125,5.4165730476379395,10.739999771118164,164.95899963378906,142.6365203857422,167.47999572753906,125.3827896118164
2021-08-26,287.5852355957031,19.899999618530273,21.991931915283203,48.93598175048828,144.03042602539062,70.97164154052734,5.380641937255859,10.8100004196167,165.8000030517578,143.37222290039062,167.6699981689453,125.72997283935547
2021-08-27,288.19091796875,20.219999313354492,22.55797576904297,49.635990142822266,145.0651397705078,72.17124938964844,5.4165730476379395,11.300000190734863,167.48150634765625,144.5245361328125,170.19000244140625,126.58543395996094
2021-08-30,291.9120788574219,19.510000228881836,22.60979652404785,49.682037353515625,149.47763061523438,71.35201263427734,5.4255547523498535,11.210000038146973,171.07850646972656,142.21102905273438,169.35000610351562,126.91575622558594
2021-08-31,290.2678527832031,19.940000534057617,22.311771392822266,49.792564392089844,148.2183074951172,71.87865447998047,5.353693008422852,11.40999984741211,173.5395050048828,141.7767333984375,169.69000244140625,126.05184936523438
2021-09-01,290.2197570800781,19.639999389648438,22.36758804321289,49.433349609375,148.8821258544922,71.8981704711914,5.344710826873779,11.680000305175781,173.9499969482422,141.5728759765625,169.6999969482422,126.26300048828125
2021-09-02,289.56597900390625,19.760000228881836,22.322738647460938,49.488609313964844,149.9949951171875,72.16150665283203,5.443521022796631,11.25,173.156005859375,142.2288055419922,169.25,126.8142318725586
2021-09-03,289.556396484375,19.3700008392334,22.76827621459961,49.285980224609375,150.62957763671875,71.98594665527344,5.4255547523498535,11.069999694824219,173.90249633789062,141.36900329589844,171.05999755859375,125.660888671875
2021-09-07,288.6332702636719,19.530000686645508,22.587867736816406,49.4149284362793,152.96267700195312,71.82015228271484,5.371659278869629,10.829999923706055,175.46449279785156,141.12078857421875,167.7100067138672,124.6009521484375
2021-09-08,288.6620788574219,19.1299991607666,22.265928268432617,49.341243743896484,151.4202880859375,70.48397827148438,5.2908148765563965,10.390000343322754,176.27499389648438,140.49147033691406,167.2899932861328,125.44892883300781
2021-09-09,285.81597900390625,20.200000762939453,22.104450225830078,49.18466567993164,150.40505981445312,71.0691909790039,5.308779716491699,10.729999542236328,174.20799255371094,141.1031036376953,168.02999877929688,126.96688842773438
2021-09-10,284.335205078125,18.950000762939453,22.40447425842285,49.58993148803711,145.42636108398438,71.68360137939453,5.2369184494018555,10.420000076293945,173.45750427246094,139.4810028076172,167.17999267578125,125.84745025634766
2021-09-13,285.56597900390625,19.309999465942383,22.07953643798828,50.64915084838867,145.99256896972656,72.51260375976562,5.174039840698242,10.470000267028809,172.85850524902344,141.6969451904297,167.74000549316406,126.61077880859375
2021-09-14,288.25830078125,19.209999084472656,22.169239044189453,50.21625518798828,144.59654235839844,71.67386627197266,5.174039840698242,10.039999961853027,172.5,139.2239532470703,168.82000732421875,128.1456756591797
2021-09-15,293.0947570800781,19.3799991607666,22.267915725708008,50.768890380859375,145.48492431640625,71.99568939208984,5.039299488067627,10.130000114440918,173.7895050048828,140.1901092529297,167.8300018310547,127.69617462158203
2021-09-16,293.47943115234375,19.889999389648438,22.169239044189453,50.50178527832031,145.2506561279297,72.78568267822266,5.048280239105225,10.15999984741211,174.41200256347656,140.1280517578125,164.02999877929688,127.11103820800781
2021-09-17,288.33514404296875,19.729999542236328,21.828357696533203,49.97677230834961,142.58558654785156,72.46385955810547,4.940488338470459,10.029999732971191,173.12600708007812,139.76463317871094,163.77000427246094,126.50044250488281
2021-09-20,282.97943115234375,20.329999923706055,21.043935775756836,48.797821044921875,139.53977966308594,70.58152770996094,4.805748462677002,9.430000305175781,167.7864990234375,135.58090209960938,164.94000244140625,128.06932067871094
2021-09-21,283.460205078125,19.760000228881836,21.176498413085938,48.696502685546875,140.0181427001953,70.35723114013672,4.841679096221924,9.369999885559082,167.18150329589844,135.59864807128906,166.0399932861328,127.95909881591797
2021-09-22,287.0948181152344,20.520000457763672,21.869224548339844,49.27676773071289,142.3805694580078,72.14198303222656,4.994385242462158,9.5600004196167,169.00250244140625,138.1957550048828,165.4199981689453,128.7223358154297
2021-09-23,288.0371398925781,20.899999618530273,22.40845489501953,49.76493453979492,143.3372802734375,72.21026611328125,5.012350559234619,10.600000381469727,170.8000030517578,142.866943359375,163.50999450683594,125.81353759765625
2021-09-24,287.835205078125,21.389999389648438,22.008771896362305,49.93994140625,143.4251251220703,72.22000885009766,5.012350559234619,10.380000114440918,171.2760009765625,144.51564025878906,163.3000030517578,124.58393859863281
2021-09-27,282.8544616699219,21.469999313354492,21.589143753051758,50.34519577026367,141.91197204589844,73.32207489013672,5.057265281677246,10.140000343322754,170.2899932861328,148.0079803466797,163.63999938964844,124.12593841552734
2021-09-28,272.6141052246094,21.43000030517578,20.631282806396484,49.73729705810547,138.53433227539062,71.2934799194336,4.877609729766846,9.789999961853027,165.79800415039062,147.21023559570312,162.0500030517578,122.1925277709961
2021-09-29,273.0756530761719,21.010000228881836,20.44988250732422,49.2675666809082,139.43238830566406,69.86956024169922,4.877609729766846,9.600000381469727,165.05599975585938,147.09500122070312,161.32000732421875,122.40448760986328
2021-09-30,271.0757141113281,20.520000457763672,20.648235321044922,49.07413864135742,138.13404846191406,69.32264709472656,4.895575523376465,9.729999542236328,164.2519989013672,145.09181213378906,164.22000122070312,122.38756561279297
2021-10-01,277.97943115234375,21.649999618530273,20.674150466918945,49.60835647583008,139.25668334960938,69.3324203491211,4.904557704925537,9.699999809265137,164.16299438476562,148.1409454345703,164.58999633789062,123.41751098632812
2021-10-04,272.2198181152344,21.389999389648438,19.66745376586914,49.24913787841797,135.8302001953125,68.97106170654297,4.9135422706604,9.600000381469727,159.48899841308594,147.98138427734375,165.36000061035156,123.10333251953125
2021-10-05,277.6525573730469,21.469999313354492,20.38409996032715,49.691253662109375,137.75332641601562,68.85386657714844,5.084211349487305,9.520000457763672,161.0500030517578,150.39797973632812,164.58999633789062,121.91455841064453
2021-10-06,281.8352355957031,20.540000915527344,20.63228416442871,49.71887969970703,138.62216186523438,68.30693054199219,5.075229644775391,9.359999656677246,163.10049438476562,150.71900939941406,165.02999877929688,122.60237884521484
2021-10-07,283.50836181640625,20.170000076293945,21.006061553955078,49.90309143066406,139.88145446777344,68.89293670654297,5.183022499084473,9.600000381469727,165.1215057373047,151.673095703125,164.16000366210938,121.32025909423828
2021-10-08,283.50836181640625,20.06999969482422,20.762855529785156,49.56230545043945,139.50074768066406,68.48273468017578,5.209969997406006,9.390000343322754,164.43099975585938,151.7890625,164.22999572753906,120.47108459472656
2021-10-11,282.912109375,20.1299991607666,20.627300262451172,49.22151565551758,139.4129180908203,67.603759765625,5.209969997406006,9.279999732971191,162.31500244140625,148.5966796875,163.9199981689453,120.1654052734375
2021-10-12,281.61407470703125,20.290000915527344,20.60338020324707,48.051761627197266,138.14378356933594,65.1621322631836,5.209969997406006,9.34000015258789,162.3665008544922,147.45526123046875,164.66000366210938,122.2202377319336
2021-10-13,284.912109375,19.610000610351562,20.870506286621094,48.1346549987793,137.55809020996094,64.83006286621094,5.245900630950928,9.8100004196167,164.21400451660156,143.56735229492188,167.58999633789062,123.40904235839844
2021-10-14,291.10443115234375,19.639999389648438,21.674863815307617,49.645198822021484,140.3402557373047,66.2168960571289,5.344710826873779,10.260000228881836,164.9929962158203,145.7699432373047,168.0,123.8675308227539
2021-10-15,292.50823974609375,19.979999542236328,21.790481567382812,50.160987854003906,141.3945770263672,66.09972381591797,5.299797058105469,10.34000015258789,170.4510040283203,148.5699462890625,165.3300018310547,123.14582061767578
2021-10-18,295.4698181152344,19.84000015258789,22.14930534362793,50.17020034790039,143.06393432617188,65.68951416015625,5.308779716491699,10.100000381469727,172.33700561523438,148.51641845703125,164.9199981689453,123.72314453125
2021-10-19,296.3736572265625,19.530000686645508,22.217082977294922,50.85178756713867,145.22134399414062,65.99226379394531,5.254884243011475,11.520000457763672,172.20750427246094,150.31771850585938,165.4499969482422,122.0164566040039
2021-10-20,295.585205078125,19.520000457763672,22.03070068359375,50.9991569519043,145.70945739746094,66.67593383789062,5.31776237487793,11.40999984741211,170.7530059814453,152.3419189453125,166.89999389648438,121.19284057617188
2021-10-21,298.80633544921875,19.889999389648438,22.617767333984375,51.57942581176758,145.9242401123047,67.03727722167969,5.344710826873779,11.300000190734863,171.75050354003906,151.1470184326172,166.75,121.04850006103516
2021-10-22,297.2678527832031,19.149999618530273,22.65165901184082,45.555686950683594,145.15301513671875,65.93366241455078,5.28183126449585,10.920000076293945,166.77749633789062,153.18014526367188,167.77000427246094,122.38162231445312
2021-10-25,296.2774963378906,19.229999542236328,23.090221405029297,45.5096321105957,145.1042022705078,67.15448760986328,5.084211349487305,11.039999961853027,166.01849365234375,152.43112182617188,168.92999267578125,122.19477844238281
2021-10-26,298.1813049316406,19.389999389648438,24.636140823364258,44.468833923339844,145.76800537109375,67.3302993774414,5.120142459869385,10.829999923706055,168.80349731445312,152.8412628173828,167.67999267578125,123.20523071289062
2021-10-27,310.73895263671875,19.030000686645508,24.371013641357422,44.109619140625,145.30921936035156,66.6466064453125,5.174039840698242,10.569999694824219,169.62449645996094,149.65786743164062,168.1199951171875,125.44685363769531
2021-10-28,311.87347412109375,19.190000534057617,24.85941505432129,44.28462219238281,148.94073486328125,67.95532989501953,5.227935314178467,10.789999961853027,172.32850646972656,151.91390991210938,168.0800018310547,125.02230834960938
2021-10-29,318.86395263671875,19.200000762939453,25.48336410522461,45.13199996948242,146.23660278320312,67.48652648925781,5.102177143096924,10.800000190734863,168.6215057373047,151.4947967529297,166.64999389648438,125.40437316894531
2021-11-01,316.7004089355469,19.770000457763672,25.742517471313477,45.63857650756836,145.41661071777344,69.0491714477539,5.1111602783203125,11.369999885559082,165.90550231933594,151.4145050048828,167.52000427246094,124.50151824951172
2021-11-02,320.3157958984375,19.829999923706055,26.31463050842285,45.92410659790039,146.45138549804688,69.10779571533203,4.994385242462158,11.399999618530273,165.6374969482422,152.01199340820312,167.16000366210938,125.05413055419922
2021-11-03,321.1524353027344,20.6299991607666,26.51099395751953,46.412269592285156,147.8864288330078,69.58634948730469,5.183022499084473,11.729999542236328,169.1999969482422,152.0655059814453,165.77000427246094,123.76183319091797
2021-11-04,323.4985046386719,20.6299991607666,29.70351219177246,46.66083526611328,147.36900329589844,70.55322265625,5.129126071929932,10.9399995803833,173.85000610351562,150.0680389404297,167.64999389648438,125.06265258789062
2021-11-05,323.1331787109375,21.81999969482422,29.654672622680664,47.22658157348633,147.89694213867188,71.21734619140625,5.183022499084473,11.050000190734863,175.94949340820312,149.85401916503906,169.83999633789062,126.93304443359375
2021-11-08,324.0273132324219,22.25,30.703231811523438,47.81088638305664,147.07574462890625,72.81907653808594,5.263865947723389,11.279999732971191,174.44900512695312,150.75465393066406,170.4499969482422,126.69497680664062
2021-11-09,323.02734375,22.260000228881836,30.55671501159668,47.48627471923828,147.43743896484375,73.82501220703125,5.200987339019775,11.1899995803833,178.81149291992188,149.61325073242188,171.2899932861328,128.3443603515625
2021-11-10,318.07537841796875,21.56999969482422,29.36263084411621,47.078189849853516,144.61207580566406,71.6958999633789,5.120142459869385,10.479999542236328,174.1024932861328,149.4705810546875,173.14999389648438,125.99783325195312
2021-11-11,319.64276123046875,21.329999923706055,30.29058837890625,46.86487579345703,144.5631561279297,72.80928039550781,5.129126071929932,10.539999961853027,173.625,149.46165466308594,174.1199951171875,125.81079864501953
2021-11-12,323.76776123046875,20.290000915527344,30.29058837890625,46.66083526611328,146.63577270507812,75.49508666992188,5.102177143096924,10.779999732971191,176.25750732421875,148.79286193847656,174.4499969482422,125.25824737548828
2021-11-15,323.1426696777344,20.31999969482422,29.926776885986328,46.670108795166016,146.6455535888672,74.98721313476562,5.021333694458008,10.819999694824219,177.28399658203125,148.52536010742188,174.17999267578125,123.68531036376953
2021-11-16,326.45037841796875,19.84000015258789,30.104196548461914,46.93906784057617,147.62318420410156,75.01651000976562,5.021333694458008,11.220000267028809,177.03500366210938,147.45526123046875,172.9199981689453,123.37077331542969
2021-11-17,326.67193603515625,19.860000610351562,29.1652774810791,46.58663558959961,150.05752563476562,73.69803619384766,5.102177143096924,10.960000038146973,177.4499969482422,146.6616668701172,174.5,124.34845733642578
2021-11-18,328.7430419921875,19.389999389648438,31.571378707885742,46.076534271240234,154.33956909179688,75.22162628173828,5.2369184494018555,10.630000114440918,184.80299377441406,145.39540100097656,173.94000244140625,124.81604766845703
2021-11-19,330.5155029296875,19.280000686645508,32.87710189819336,45.928138732910156,156.9596405029297,81.0912857055664,5.218953609466553,10.4399995803833,183.82850646972656,143.49600219726562,172.61000061035156,126.13385009765625
2021-11-22,327.3558349609375,19.6299991607666,31.851463317871094,46.21565628051758,157.4191436767578,81.90190124511719,5.102177143096924,10.09000015258789,178.6284942626953,146.55462646484375,168.74000549316406,124.65455627441406
2021-11-23,325.2848205566406,19.469999313354492,31.64215087890625,45.53860092163086,157.8004150390625,83.41572570800781,5.138107776641846,10.109999656677246,179.0019989013672,150.0591278076172,167.27999877929688,122.85208892822266
2021-11-24,325.5063781738281,19.459999084472656,32.56711959838867,46.150718688964844,158.3185577392578,84.19702911376953,5.174039840698242,10.210000038146973,179.02049255371094,148.88204956054688,167.1199951171875,124.82464599609375
2021-11-26,317.57843017578125,17.75,31.399940490722656,45.2418098449707,153.3032684326172,81.4721908569336,4.985403060913086,9.970000267028809,175.22799682617188,144.39666748046875,166.85000610351562,127.97876739501953
2021-11-29,324.2734069824219,17.739999771118164,33.266815185546875,46.373321533203125,156.65658569335938,84.12866973876953,5.048280239105225,9.850000381469727,178.07850646972656,143.7724151611328,166.6199951171875,126.95003509521484
2021-11-30,318.45501708984375,17.690000534057617,32.56910705566406,45.631351470947266,161.60340881347656,82.03863525390625,5.030315399169922,9.520000457763672,175.35350036621094,141.63230895996094,165.5,128.87997436523438
2021-12-01,317.9637145996094,16.280000686645508,31.33600425720215,45.074859619140625,161.0852508544922,83.1617660522461,4.994385242462158,8.880000114440918,172.18600463867188,140.7941131591797,166.16000366210938,129.67503356933594
2021-12-02,317.3954162597656,17.420000076293945,32.02482223510742,45.90958786010742,160.09786987304688,80.94478607177734,5.156073093414307,9.279999732971191,171.8679962158203,143.75460815429688,165.24000549316406,129.8367919921875
2021-12-03,311.1532897949219,16.6200008392334,30.596342086791992,45.67771911621094,158.22080993652344,79.7142105102539,5.084211349487305,8.9399995803833,169.489501953125,141.15077209472656,166.6300048828125,131.38604736328125
2021-12-06,314.21661376953125,17.93000030517578,29.942405700683594,47.29151916503906,161.62295532226562,80.52481842041016,5.1111602783203125,9.029999732971191,171.36849975585938,142.81832885742188,166.22000122070312,129.58139038085938
2021-12-07,322.6260986328125,17.889999389648438,32.32488250732422,48.75690460205078,167.35189819335938,83.8259048461914,5.299797058105469,9.289999961853027,176.1645050048828,144.96737670898438,166.80999755859375,128.5343017578125
2021-12-08,322.67431640625,18.229999542236328,31.72577476501465,47.99638748168945,171.16465759277344,84.011474609375,5.263865947723389,9.3100004196167,176.1580047607422,143.3087921142578,166.89999389648438,126.31266784667969
2021-12-09,320.8728942871094,18.139999389648438,30.393980026245117,46.818504333496094,170.6562957763672,82.94692993164062,5.380641937255859,9.010000228881836,174.17100524902344,143.0858612060547,165.8800048828125,127.01922607421875
2021-12-10,329.9664306640625,18.010000228881836,30.102901458740234,46.9205207824707,175.4369659423828,83.54268646240234,5.407590389251709,8.789999961853027,172.21200561523438,142.51512145996094,166.5800018310547,126.7127456665039
2021-12-13,326.9417419433594,17.1200008392334,28.072315216064453,46.373321533203125,171.8099365234375,82.3804702758789,5.371659278869629,8.65999984741211,169.5675048828125,140.82086181640625,167.0,128.58541870117188
2021-12-14,316.28765869140625,16.90999984741211,28.247766494750977,46.0950813293457,170.4314727783203,81.34521484375,5.353693008422852,8.600000381469727,169.0915069580078,141.8998565673828,165.44000244140625,128.27903747558594
2021-12-15,322.36602783203125,16.989999771118164,30.363080978393555,46.99471664428711,175.2903289794922,83.65987396240234,5.506399154663086,8.930000305175781,173.31500244140625,140.83871459960938,166.14999389648438,127.04479217529297
2021-12-16,312.9739990234375,16.520000457763672,28.297605514526367,47.14311599731445,168.40777587890625,80.75922393798828,5.443521022796631,8.779999732971191,168.87100219726562,143.04124450683594,168.16000366210938,127.09420013427734
2021-12-17,311.9143371582031,16.950000762939453,27.713449478149414,46.94834899902344,167.3128204345703,81.06199645996094,5.398606777191162,9.170000076293945,170.0175018310547,139.7864532470703,167.8000030517578,128.5343017578125
2021-12-20,308.1671142578125,17.299999237060547,27.6317081451416,46.00232696533203,165.9539031982422,80.1146240234375,5.308779716491699,8.880000114440918,167.07899475097656,137.27178955078125,167.08999633789062,127.57134246826172
2021-12-21,315.2762145996094,18.1200008392334,28.983442306518555,47.087467193603516,169.12142944335938,88.56266784667969,5.36267614364624,9.25,170.41700744628906,139.18902587890625,167.02000427246094,127.08562469482422
2021-12-22,320.96923828125,18.260000228881836,29.30741310119629,47.2729606628418,171.71217346191406,88.2305908203125,5.515382289886475,9.40999984741211,171.03700256347656,139.73297119140625,168.58999633789062,127.67362976074219
2021-12-23,322.4045715332031,18.260000228881836,29.546655654907227,47.58829879760742,172.337890625,92.21534729003906,5.560295104980469,9.479999542236328,171.06849670410156,140.2322998046875,168.97000122070312,126.56584167480469
2021-12-27,329.8797607421875,18.170000076293945,30.847553253173828,48.172607421875,176.29730224609375,92.22509002685547,5.695037364959717,9.399999618530273,169.66949462890625,141.03488159179688,169.3699951171875,126.87256622314453
2021-12-28,328.72381591796875,18.540000915527344,30.22650909423828,48.00565719604492,175.2805938720703,90.76988220214844,5.6591057777404785,9.4399995803833,170.66099548339844,141.46292114257812,168.63999938964844,126.36982727050781
2021-12-29,329.3980712890625,18.049999237060547,29.906518936157227,48.07058334350586,175.36851501464844,93.9244613647461,5.650122165679932,9.210000038146973,169.2010040283203,141.3915557861328,168.58999633789062,124.9893569946289
2021-12-30,326.86456298828125,18.06999969482422,29.492826461791992,47.98711013793945,174.2149200439453,91.69770812988281,5.623175144195557,9.489999771118164,168.64450073242188,141.32020568847656,169.8000030517578,126.03753662109375
2021-12-31,323.9747009277344,17.959999084472656,29.31838035583496,47.76451873779297,173.5989990234375,91.0719985961914,5.587243556976318,9.350000381469727,166.7169952392578,141.20428466796875,170.9600067138672,126.2845687866211
2022-01-03,322.4624328613281,18.75,30.026145935058594,49.35048294067383,177.93972778320312,93.61399841308594,5.650122165679932,9.369999885559082,170.4044952392578,144.19155883789062,168.3300018310547,122.96965026855469
2022-01-04,316.9330139160156,19.020000457763672,29.197757720947266,49.28556442260742,175.68141174316406,94.1908187866211,5.614191055297852,9.329999923706055,167.52200317382812,149.65786743164062,169.57000732421875,122.45831298828125
2022-01-05,304.7666015625,18.68000030517578,27.517065048217773,49.96261215209961,171.00828552246094,92.29409790039062,5.515382289886475,8.779999732971191,164.35699462890625,146.92176818847656,169.05999755859375,121.79360961914062
2022-01-06,302.35845947265625,18.56999969482422,28.089262008666992,50.09245681762695,168.153564453125,93.51622009277344,5.497416973114014,8.779999732971191,163.25399780273438,148.48268127441406,166.99000549316406,122.10887908935547
2022-01-07,302.5126037597656,19.280000686645508,27.161195755004883,49.56380844116211,168.31980895996094,92.34298706054688,5.479451656341553,8.859999656677246,162.5540008544922,149.95387268066406,167.75,121.23119354248047
2022-01-10,302.734130859375,18.790000915527344,27.31371307373047,51.205421447753906,168.33935546875,91.79549407958984,5.542329788208008,8.84000015258789,161.48599243164062,150.097412109375,168.25999450683594,121.52943420410156
2022-01-11,303.4179992675781,19.020000457763672,27.729398727416992,51.85464096069336,171.16465759277344,92.09855651855469,5.6052093505859375,9.199999809265137,165.36199951171875,150.24989318847656,170.2899932861328,122.33904266357422
2022-01-12,306.5872802734375,18.5,27.910825729370117,51.69697952270508,171.60462951660156,92.9882583618164,5.470468521118164,9.199999809265137,165.20700073242188,151.10215759277344,170.74000549316406,121.87027740478516
2022-01-13,293.6116943359375,19.34000015258789,26.491310119628906,50.95500183105469,168.33935546875,93.48689270019531,5.2908148765563965,8.9399995803833,161.21400451660156,150.9137420654297,170.16000366210938,122.95257568359375
2022-01-14,298.8134765625,18.489999771118164,26.85715103149414,51.659881591796875,169.1996612548828,95.18807220458984,5.326745510101318,9.039999961853027,162.13800048828125,141.63803100585938,169.6699981689453,121.09487915039062
2022-01-18,291.5406494140625,17.899999618530273,25.82142448425293,50.78805923461914,166.00274658203125,90.7982177734375,5.1650567054748535,9.09000015258789,158.91749572753906,135.699462890625,169.38999938964844,119.39046478271484
2022-01-19,292.19573974609375,17.309999465942383,24.98805809020996,49.730743408203125,162.51263427734375,87.99226379394531,5.156073093414307,8.930000305175781,156.2989959716797,133.60032653808594,172.0800018310547,120.21704864501953
2022-01-20,290.5291748046875,16.760000228881836,24.073949813842773,48.265350341796875,160.8310546875,83.17222595214844,5.057265281677246,8.890000343322754,151.66749572753906,132.46102905273438,171.64999389648438,120.95846557617188
2022-01-21,285.1636657714844,16.299999237060547,23.30039405822754,48.265350341796875,158.77804565429688,80.10228729248047,4.949472904205322,8.539999961853027,142.64300537109375,130.1466064453125,171.08999633789062,122.39865112304688
2022-01-24,285.49114990234375,16.40999984741211,23.298398971557617,48.172607421875,158.00567626953125,81.09954833984375,4.9315056800842285,8.199999809265137,144.54400634765625,130.02996826171875,172.02999877929688,121.39305877685547
2022-01-25,277.9004211425781,16.459999084472656,22.25369644165039,47.300785064697266,156.20681762695312,78.91926574707031,5.003368377685547,8.079999923706055,139.98599243164062,131.44737243652344,172.5800018310547,121.19711303710938
2022-01-26,285.8186340332031,16.239999771118164,22.700288772583008,47.940738677978516,156.1188507080078,80.14138793945312,5.012350559234619,7.909999847412109,138.87249755859375,132.69427490234375,169.7899932861328,119.73133087158203
2022-01-27,288.83380126953125,15.779999732971191,21.874897003173828,44.564762115478516,155.6593780517578,76.96389770507812,5.021333694458008,7.550000190734863,139.6374969482422,130.35293579101562,167.60000610351562,121.9299545288086
2022-01-28,296.9447021484375,15.640000343322754,22.768070220947266,44.267967224121094,166.52093505859375,77.50162506103516,5.138107776641846,7.880000114440918,143.97799682617188,131.51913452148438,167.10000610351562,121.97254180908203
2022-01-31,299.56488037109375,16.469999313354492,24.40888786315918,45.278907775878906,170.87139892578125,80.43470764160156,5.299797058105469,8.229999542236328,149.57350158691406,133.3042755126953,168.08999633789062,121.34198760986328
2022-02-01,297.4263610839844,16.829999923706055,24.56041145324707,45.39948654174805,170.7052459716797,79.63301086425781,5.335728645324707,8.130000114440918,151.19349670410156,135.59181213378906,168.22999572753906,120.9391860961914
2022-02-02,301.953857421875,16.959999084472656,25.16250991821289,45.918853759765625,171.90774536132812,82.62471771240234,5.36267614364624,7.71999979019165,150.6125030517578,134.50636291503906,168.83999633789062,121.3487548828125
2022-02-03,290.1920471191406,16.56999969482422,23.872581481933594,44.778079986572266,169.03343200683594,80.14138793945312,5.138107776641846,7.269999980926514,138.8455047607422,133.39402770996094,168.60000610351562,120.40154266357422
2022-02-04,294.7099304199219,16.450000762939453,24.242414474487305,44.866859436035156,168.74957275390625,79.3592529296875,5.129126071929932,7.369999885559082,157.63949584960938,136.85667419433594,168.86000061035156,118.62654113769531
2022-02-07,289.9030456542969,17.280000686645508,24.650131225585938,45.025733947753906,168.0349884033203,79.06594848632812,5.147091388702393,7.239999771118164,157.9355010986328,137.31419372558594,170.11000061035156,118.70336151123047
2022-02-08,293.38055419921875,18.260000228881836,25.028928756713867,45.61448287963867,171.13803100585938,82.2434310913086,5.1111602783203125,7.289999961853027,161.4134979248047,139.89773559570312,170.6300048828125,117.90972137451172
2022-02-09,299.786376953125,18.760000228881836,26.620901107788086,46.6424674987793,172.55746459960938,86.1541976928711,5.183022499084473,7.389999866485596,161.1894989013672,140.48085021972656,171.2100067138672,118.13154602050781
2022-02-10,291.2805480957031,18.709999084472656,25.742673873901367,45.66120910644531,168.48524475097656,88.98949432373047,5.075229644775391,7.230000019073486,159.0034942626953,139.89773559570312,170.55999755859375,116.254150390625
2022-02-11,284.21002197265625,17.610000610351562,23.873579025268555,44.51173400878906,165.07875061035156,87.75762176513672,4.976419448852539,7.039999961853027,153.2935028076172,138.07666015625,173.80999755859375,117.97798156738281
2022-02-14,284.1715087890625,17.43000030517578,24.19057846069336,44.46501159667969,165.313720703125,87.85537719726562,4.877609729766846,6.900000095367432,155.16700744628906,136.7938995361328,174.74000549316406,116.51020812988281
2022-02-15,289.440673828125,18.84000015258789,26.411563873291016,45.268707275390625,169.14109802246094,93.8583984375,5.030315399169922,7.190000057220459,156.510498046875,138.79434204101562,173.0800018310547,115.18745422363281
2022-02-16,289.10284423828125,18.81999969482422,26.427513122558594,45.07245635986328,168.90618896484375,93.91707611083984,5.245900630950928,7.150000095367432,158.10049438476562,139.04551696777344,174.86000061035156,115.87014770507812
2022-02-17,280.6372985839844,18.219999313354492,24.429821014404297,44.45566177368164,165.313720703125,91.63904571533203,5.075229644775391,6.829999923706055,154.65249633789062,135.84298706054688,177.25,116.7320556640625
2022-02-18,277.9345397949219,17.8700008392334,23.56754493713379,42.09130096435547,163.76705932617188,88.77440643310547,5.084211349487305,6.650000095367432,152.60150146484375,136.4799041748047,177.1199951171875,117.96088409423828
2022-02-22,277.7317810058594,17.43000030517578,23.31633758544922,41.76421356201172,160.84999084472656,88.54954528808594,4.949472904205322,6.420000076293945,150.19749450683594,136.2377166748047,177.49000549316406,118.2680892944336
2022-02-23,270.5404052734375,16.639999389648438,22.316495895385742,41.72683334350586,156.68975830078125,85.36225891113281,4.832695960998535,6.260000228881836,144.82699584960938,133.38502502441406,178.2899932861328,116.6382064819336
2022-02-24,284.3632507324219,16.959999084472656,23.673213958740234,43.66130828857422,159.30335998535156,86.84835815429688,4.841679096221924,6.619999885559082,151.35800170898438,129.6711883544922,177.13999938964844,116.71499633789062
2022-02-25,286.9888610839844,17.459999084472656,24.080923080444336,44.58649444580078,161.36883544921875,88.09002685546875,4.886593818664551,6.71999979019165,153.7884979248047,132.7391815185547,176.5500030517578,116.80035400390625
2022-02-28,288.41754150390625,17.25,24.30820655822754,44.5771598815918,161.63308715820312,86.87769317626953,4.805748462677002,6.869999885559082,153.56300354003906,127.20427703857422,178.3800048828125,119.36042022705078
2022-03-01,284.7108154296875,16.290000915527344,23.403064727783203,43.754764556884766,159.75363159179688,84.3356704711914,4.653041839599609,6.78000020980835,151.14199829101562,122.40489959716797,181.6199951171875,120.74044799804688
2022-03-02,289.7689208984375,16.3700008392334,24.147838592529297,45.67055130004883,163.04270935058594,91.21863555908203,4.787783145904541,6.840000152587891,152.05250549316406,124.943603515625,179.72999572753906,116.61323547363281
2022-03-03,285.6470947265625,15.710000038146973,23.643342971801758,44.79209899902344,162.71966552734375,87.19055938720703,4.455422878265381,6.730000019073486,147.89849853515625,124.0555191040039,180.8000030517578,117.80094909667969
2022-03-04,279.7974548339844,14.59000015258789,22.867666244506836,44.92292404174805,159.72427368164062,80.08274841308594,4.311699867248535,6.480000019073486,145.64100646972656,120.56591796875,183.67999267578125,119.8346939086914
2022-03-07,269.22760009765625,12.84000015258789,21.288387298583984,44.5584602355957,155.93603515625,74.0112533569336,4.06916618347168,6.300000190734863,137.4530029296875,115.9101333618164,186.41000366210938,118.92036437988281
2022-03-08,266.2738342285156,13.510000228881836,21.449905395507812,44.39025115966797,154.1152801513672,75.43871307373047,4.2308549880981445,6.360000133514404,136.01449584960938,115.09381866455078,191.50999450683594,117.72406005859375
2022-03-09,278.4846496582031,14.300000190734863,22.945436477661133,44.51173400878906,159.50892639160156,77.66783905029297,4.4105095863342285,6.739999771118164,139.2790069580078,119.70475769042969,185.82000732421875,116.57050323486328
2022-03-10,275.67572021484375,14.199999809265137,22.590496063232422,43.60523986816406,155.17251586914062,74.03082275390625,4.356613636016846,6.510000228881836,146.8175048828125,118.28738403320312,186.39999389648438,114.89569091796875
2022-03-11,270.3473815917969,14.020000457763672,22.034156799316406,42.82958221435547,151.4625244140625,71.19551849365234,4.320682525634766,6.239999771118164,145.52450561523438,115.62309265136719,185.08999633789062,115.28022003173828
2022-03-14,266.8433837890625,14.25,21.266448974609375,41.49319839477539,147.43930053710938,67.85179901123047,4.509319305419922,5.940000057220459,141.85299682617188,116.77132415771484,182.3000030517578,112.58853149414062
2022-03-15,277.1816101074219,15.569999694824219,22.904558181762695,41.87636184692383,151.81494140625,71.47904205322266,4.581180572509766,6.090000152587891,147.3665008544922,118.84355163574219,178.88999938964844,112.39199829101562
2022-03-16,284.17022705078125,16.469999313354492,24.42302131652832,43.57720947265625,156.21986389160156,77.8927001953125,4.724904537200928,6.570000171661377,153.10400390625,124.15418243408203,180.00999450683594,113.49434661865234
2022-03-17,284.971435546875,16.549999237060547,24.692214965820312,44.053810119628906,157.2281036376953,78.72372436523438,4.7788004875183105,6.820000171661377,157.23899841308594,125.72405242919922,180.88999938964844,112.64835357666016
2022-03-18,290.0005187988281,16.75,26.374183654785156,44.34352111816406,160.51719665527344,77.63850402832031,4.787783145904541,7.03000020980835,161.25050354003906,125.67920684814453,179.3000030517578,114.0241470336914
2022-03-21,288.77459716796875,16.09000015258789,26.65434455871582,44.28744125366211,161.88760375976562,76.6021499633789,4.760835647583008,7.130000114440918,161.4915008544922,125.27552795410156,180.6699981689453,111.38368225097656
2022-03-22,293.5045471191406,16.559999465942383,26.44497299194336,45.22197341918945,165.2549591064453,77.35497283935547,4.823714256286621,7.480000019073486,164.88900756835938,127.93983459472656,179.36000061035156,109.9566879272461
2022-03-23,289.09320068359375,16.209999084472656,25.55762481689453,45.109832763671875,166.61561584472656,73.9623794555664,4.7428693771362305,7.550000190734863,163.4080047607422,125.39212799072266,181.80999755859375,112.36636352539062
2022-03-24,293.54315185546875,16.719999313354492,28.066129684448242,48.24051284790039,170.3941192626953,76.46527099609375,4.796767234802246,7.650000095367432,163.64950561523438,126.20849609375,183.1300048828125,111.48624420166016
2022-03-25,293.1376647949219,17.010000228881836,27.609495162963867,48.436767578125,171.03036499023438,76.35772705078125,4.823714256286621,7.389999866485596,164.77349853515625,127.31187438964844,182.3800048828125,109.93961334228516
2022-03-28,299.91400146484375,17.299999237060547,28.134929656982422,48.137718200683594,171.8917694091797,78.07844543457031,4.841679096221924,7.670000076293945,168.99049377441406,126.36994171142578,179.05999755859375,110.87954711914062
2022-03-29,304.46044921875,18.15999984741211,28.570621490478516,48.82927322387695,175.1808319091797,80.21961212158203,4.967436790466309,7.829999923706055,169.31500244140625,126.64802551269531,179.13999938964844,111.71698760986328
2022-03-30,302.9642639160156,18.049999237060547,27.607500076293945,48.06294631958008,174.01597595214844,77.39411163330078,4.967436790466309,7.590000152587891,166.30099487304688,126.07392120361328,180.5800018310547,112.58853149414062
2022-03-31,297.60699462890625,18.25,27.204708099365234,46.31538391113281,170.92271423339844,76.15240478515625,4.904557704925537,7.460000038146973,162.99749755859375,122.2883071899414,180.64999389648438,112.8619613647461
2022-04-01,298.678466796875,18.239999771118164,26.632415771484375,44.96031188964844,170.6290283203125,74.48056030273438,4.985403060913086,6.75,163.55999755859375,121.38227081298828,179.5,113.29161834716797
2022-04-04,304.0358581542969,18.229999542236328,27.278486251831055,45.97895431518555,174.67181396484375,75.93730926513672,5.021333694458008,7.059999942779541,168.34649658203125,121.92049407958984,180.3699951171875,112.50428009033203
2022-04-05,300.0877990722656,17.84000015258789,25.853742599487305,44.979000091552734,171.3632049560547,72.9455795288086,4.958454132080078,7.110000133514404,164.05499267578125,120.50165557861328,179.24000549316406,109.96253204345703
2022-04-06,289.10284423828125,17.3799991607666,24.33428192138672,44.4276237487793,168.20144653320312,72.13410949707031,4.859644889831543,6.920000076293945,158.75599670410156,118.82980346679688,179.66000366210938,109.07250213623047
2022-04-07,290.90789794921875,16.950000762939453,24.135875701904297,44.44631576538086,168.50486755371094,71.64527130126953,4.886593818664551,6.769999980926514,157.7845001220703,118.46829223632812,180.33999633789062,108.25090026855469
2022-04-08,286.66064453125,16.59000015258789,23.050121307373047,43.941673278808594,166.49813842773438,70.62706756591797,4.823714256286621,6.800000190734863,154.4604949951172,120.63721466064453,181.47000122070312,107.07844543457031
2022-04-11,275.3572082519531,16.969999313354492,21.851703643798828,43.52113342285156,162.24978637695312,70.51935577392578,4.751852035522461,6.760000228881836,151.1219940185547,120.19439697265625,182.3699951171875,105.38392639160156
2022-04-12,272.26824951171875,17.1299991607666,21.439931869506836,43.45571517944336,164.11949157714844,70.45083618164062,4.653041839599609,6.699999809265137,150.78750610351562,118.87496948242188,183.77000427246094,105.23846435546875
2022-04-13,277.63525390625,18.950000762939453,22.136850357055664,43.93232345581055,166.80162048339844,70.86202239990234,4.715920925140381,6.849999904632568,155.54100036621094,115.043212890625,184.64999389648438,105.4524154663086
2022-04-14,270.11566162109375,19.0,21.194664001464844,42.6800537109375,161.79949951171875,68.65921783447266,4.59016227722168,6.679999828338623,151.7064971923828,113.97682189941406,184.0399932861328,103.3386001586914
2022-04-18,270.78173828125,18.540000915527344,21.718101501464844,43.586551666259766,161.58416748046875,69.65782928466797,4.581180572509766,6.5,152.78500366210938,116.0915298461914,184.61000061035156,102.82506561279297
2022-04-19,275.3957824707031,19.59000015258789,22.131864547729492,44.79209899902344,163.8649444580078,71.20469665527344,4.6710076332092285,6.639999866485596,158.11549377441406,118.49542236328125,181.82000732421875,102.05484008789062
2022-04-20,276.4189758300781,19.479999542236328,21.41799545288086,44.96031188964844,163.69851684570312,71.66483306884766,4.787783145904541,6.409999847412109,153.9980010986328,118.9111328125,182.7100067138672,104.10879516601562
2022-04-21,271.0617370605469,20.219999313354492,20.122867584228516,44.39025115966797,162.9056396484375,69.43264770507812,4.733887195587158,6.159999847412109,148.29600524902344,117.98932647705078,182.05999755859375,103.3386001586914
2022-04-22,264.5170593261719,20.18000030517578,19.45685577392578,43.49309158325195,158.37339782714844,67.9543228149414,4.6171112060546875,6.059999942779541,144.35000610351562,114.60038757324219,180.2899932861328,102.68814849853516
2022-04-25,270.9747619628906,19.979999542236328,19.842708587646484,43.97905349731445,159.4404296875,68.64942932128906,4.679990291595459,6.079999923706055,146.07400512695312,114.56424713134766,177.0500030517578,103.71511840820312
2022-04-26,260.8393249511719,18.770000457763672,18.732025146484375,42.53986740112305,153.48883056640625,65.67318725585938,4.572197914123535,5.699999809265137,139.39100646972656,111.17529296875,177.32000732421875,104.75920867919922
2022-04-27,273.38800048828125,18.969999313354492,18.360137939453125,42.259517669677734,153.263671875,65.07598876953125,4.527284145355225,5.599999904632568,138.16700744628906,109.72935485839844,175.97999572753906,103.41558837890625
2022-04-28,279.5755310058594,19.43000030517578,19.723060607910156,43.77345275878906,160.18435668945312,68.70817565917969,4.401526927947998,5.880000114440918,144.59649658203125,111.46448516845703,176.92999267578125,103.56964874267578
2022-04-29,267.8858642578125,18.770000457763672,18.491743087768555,40.73623275756836,154.32081604003906,66.75990295410156,4.527284145355225,5.71999979019165,124.28150177001953,107.8676986694336,176.91000366210938,102.22604370117188
2022-05-02,274.5945739746094,18.559999465942383,19.474802017211914,42.01653289794922,154.62432861328125,69.11935424804688,4.6274094581604,5.860000133514404,124.5,108.85274505615234,173.6300048828125,100.45405578613281
2022-05-03,271.99798583984375,19.1299991607666,19.543598175048828,42.109989166259766,156.11219787597656,69.76551055908203,4.717612266540527,5.880000114440918,124.25350189208984,111.18434143066406,174.08999633789062,101.13130187988281
2022-05-04,279.913330078125,19.6200008392334,20.273414611816406,43.49309158325195,162.51406860351562,72.0760269165039,4.8078155517578125,6.119999885559082,125.92849731445312,114.86247253417969,175.8000030517578,101.68854522705078
2022-05-05,267.7218017578125,18.540000915527344,18.787860870361328,42.00957107543945,153.45944213867188,69.79487609863281,4.609368324279785,5.820000171661377,116.40699768066406,111.9886474609375,175.1300048828125,98.90242004394531
2022-05-06,265.19268798828125,17.84000015258789,18.619361877441406,41.72699737548828,154.1848602294922,68.8746109008789,4.474063873291016,5.610000133514404,114.77249908447266,111.80791473388672,175.4199981689453,97.44508361816406
2022-05-09,255.39511108398438,16.31999969482422,16.899503707885742,40.56843566894531,149.06761169433594,66.50536346435547,4.311699390411377,5.139999866485596,108.78900146484375,110.12698364257812,172.8800048828125,98.3023452758789
2022-05-10,260.1443176269531,16.56999969482422,17.542577743530273,41.45384216308594,151.46939086914062,67.46479797363281,4.338760852813721,5.190000057220459,108.85900115966797,107.44294738769531,171.4199981689453,99.19388580322266
2022-05-11,251.50494384765625,15.970000267028809,16.580453872680664,40.342376708984375,143.6170196533203,65.55569458007812,4.23051643371582,4.889999866485596,105.37200164794922,106.76517486572266,172.82000732421875,101.10557556152344
2022-05-12,246.48548889160156,15.489999771118164,16.12681007385254,40.35179901123047,139.75453186035156,66.28997802734375,4.2124762535095215,5.130000114440918,106.93049621582031,106.67479705810547,170.1699981689453,100.9169921875
2022-05-13,252.05520629882812,16.579999923706055,17.653244018554688,41.06765365600586,144.2150115966797,70.41167449951172,4.401902675628662,5.829999923706055,113.05500030517578,107.6236801147461,168.7899932861328,99.42533111572266
2022-05-16,252.42201232910156,16.549999237060547,17.212560653686523,40.57786178588867,142.6759033203125,68.99207305908203,4.401902675628662,5.690000057220459,110.81050109863281,106.87359619140625,170.39999389648438,99.32247161865234
2022-05-17,257.55731201171875,17.81999969482422,18.122844696044922,41.821189880371094,146.30311584472656,72.91799926757812,4.546226978302002,6.010000228881836,115.36849975585938,110.41619110107422,169.3300018310547,98.12230682373047
2022-05-18,245.8308563232422,16.889999389648438,16.88753318786621,39.890254974365234,138.04879760742188,69.5599365234375,4.383861541748047,5.880000114440918,107.11250305175781,108.52740478515625,169.4199981689453,100.21403503417969
2022-05-19,244.92132568359375,16.75,17.07297706604004,39.56999969482422,134.64710998535156,67.94453430175781,4.329740524291992,6.010000228881836,107.31900024414062,106.9188003540039,171.91000366210938,100.45405578613281
2022-05-20,244.36016845703125,16.260000228881836,16.64426612854004,39.230918884277344,134.88233947753906,67.45501708984375,4.356801509857178,5.889999866485596,107.59100341796875,106.04218292236328,172.02999877929688,101.59423828125
2022-05-23,252.18751525878906,16.75,16.847654342651367,39.56058120727539,140.29373168945312,68.13055419921875,4.4470038414001465,5.949999809265137,107.55699920654297,112.60317993164062,172.8300018310547,99.92256164550781
2022-05-24,251.19093322753906,15.5,16.10586929321289,39.249752044677734,137.59783935546875,65.22283935546875,4.419943332672119,5.739999771118164,104.0999984741211,114.1937255859375,174.1300048828125,101.89425659179688
2022-05-25,253.9967803955078,16.1299991607666,16.924428939819336,39.74897384643555,137.75473022460938,66.44661712646484,4.4470038414001465,5.909999847412109,106.7750015258789,114.98897552490234,173.0800018310547,102.29716491699219
2022-05-26,257.26708984375,17.239999771118164,17.79781150817871,40.95462417602539,140.95053100585938,69.11935424804688,4.5913286209106445,6.070000171661377,111.07749938964844,116.97718048095703,172.75999450683594,101.83426666259766
2022-05-27,264.3687438964844,18.1299991607666,18.754959106445312,41.96247482299805,146.69520568847656,71.78231048583984,4.636429786682129,6.570000171661377,115.14649963378906,118.6309814453125,172.85000610351562,102.08287811279297
2022-05-31,263.0432434082031,17.8700008392334,18.61637306213379,41.840030670166016,145.9109344482422,72.29139709472656,4.519166946411133,6.050000190734863,120.20950317382812,119.49854278564453,171.13999938964844,99.92256164550781
2022-06-01,263.57537841796875,17.290000915527344,18.265417098999023,41.54803466796875,145.7835235595703,72.00749206542969,4.483084678649902,5.730000019073486,121.68399810791016,117.40192413330078,172.22999572753906,99.8083724975586
2022-06-02,265.665283203125,17.459999084472656,19.533626556396484,42.23563766479492,148.23434448242188,73.78933715820312,4.5913286209106445,6.159999847412109,125.51100158691406,119.29066467285156,174.35000610351562,99.85987091064453
2022-06-03,261.2532958984375,16.219999313354492,18.66422462463379,40.86985397338867,142.51904296875,68.47319793701172,4.546226978302002,5.829999923706055,122.3499984741211,117.62783813476562,172.5800018310547,99.64519500732422
2022-06-06,260.0245056152344,16.299999237060547,18.730030059814453,40.82275390625,143.2640838623047,68.97249603271484,4.51014518737793,5.900000095367432,124.79000091552734,117.23922729492188,171.82000732421875,97.80734252929688
2022-06-07,263.65277099609375,16.690000534057617,18.869613647460938,41.00171661376953,145.7835235595703,69.27599334716797,4.573287487030029,6.119999885559082,123.0,117.54652404785156,172.94000244140625,98.86369323730469
2022-06-08,261.6306457519531,16.149999618530273,18.596372604370117,38.835304260253906,145.04827880859375,67.16131591796875,4.519166946411133,6.130000114440918,121.18000030517578,115.67581939697266,172.77999877929688,97.98771667480469
2022-06-09,256.1931457519531,15.470000267028809,17.998035430908203,37.68616485595703,139.8329620361328,64.63542938232422,4.374841690063477,5.789999961853027,116.1500015258789,113.24482727050781,172.22999572753906,98.31407165527344
2022-06-10,244.77622985839844,14.710000038146973,16.927011489868164,36.90437698364258,134.43142700195312,61.306724548339844,4.239536762237549,5.539999961853027,109.6500015258789,108.03942108154297,174.5399932861328,97.70431518554688
2022-06-13,234.39459228515625,13.319999694824219,15.603678703308105,35.57627487182617,129.2847442626953,57.605987548828125,4.122273921966553,5.130000114440918,103.66999816894531,104.82215881347656,169.92999267578125,94.63844299316406
2022-06-14,236.55218505859375,12.949999809265137,15.792156219482422,35.72697448730469,130.1474151611328,57.46893310546875,4.2124762535095215,5.139999866485596,102.30999755859375,103.07798767089844,168.57000732421875,93.44470977783203
2022-06-15,243.58616638183594,13.3100004196167,16.481243133544922,36.405155181884766,132.76483154296875,57.8801155090332,4.293659687042236,5.429999828338623,107.66999816894531,104.29800415039062,170.77000427246094,95.18805694580078
2022-06-16,237.0166015625,12.15999984741211,15.557806015014648,35.17124557495117,127.50053405761719,53.8563232421875,4.131293296813965,5.070000171661377,103.66000366210938,102.50865936279297,172.69000244140625,95.94379425048828
2022-06-17,239.6095733642578,12.9399995803833,15.836033821105957,34.82273483276367,128.97097778320312,54.58079147338867,4.140313625335693,5.190000057220459,106.22000122070312,102.14716339111328,171.27000427246094,96.25294494628906
2022-06-21,245.50189208984375,13.039999961853027,16.5201358795166,35.53859329223633,133.1961669921875,55.60878372192383,4.248557090759277,5.269999980926514,108.68000030517578,104.67758178710938,170.6300048828125,94.62127685546875
2022-06-22,244.9116668701172,13.100000381469727,16.31470489501953,35.208927154541016,132.68643188476562,55.158424377441406,4.221496105194092,5.320000171661377,108.94999694824219,104.09015655517578,171.30999755859375,97.22338104248047
2022-06-23,250.4556427001953,12.979999542236328,16.180078506469727,35.237178802490234,135.5489501953125,55.04094314575195,4.2124762535095215,5.369999885559082,112.44000244140625,102.95147705078125,170.25999450683594,98.0220718383789
2022-06-24,259.0086669921875,13.899999618530273,17.078580856323242,36.36747741699219,138.8722381591797,57.214385986328125,4.338760852813721,5.75,116.45999908447266,106.02410888671875,170.08999633789062,96.66517639160156
2022-06-27,256.2898864746094,13.5600004196167,16.82229995727539,36.386314392089844,138.8722381591797,57.54725646972656,4.347780227661133,5.800000190734863,113.22000122070312,105.17460632324219,169.89999389648438,95.84073638916016
2022-06-28,248.15289306640625,13.5,15.937752723693848,35.585689544677734,134.73529052734375,56.64655303955078,4.284639358520508,5.739999771118164,107.4000015258789,104.66853332519531,169.6199951171875,96.28730773925781
2022-06-29,251.8101806640625,13.029999732971191,15.498970985412598,35.12415313720703,136.49002075195312,54.84513473510742,4.248557090759277,5.539999961853027,108.91999816894531,104.1986083984375,169.49000549316406,97.79019165039062
2022-06-30,248.49151611328125,12.680000305175781,15.117032051086426,35.237178802490234,134.02943420410156,54.12065124511719,4.15835428237915,5.389999866485596,106.20999908447266,101.76760864257812,168.4600067138672,98.64896392822266
2022-07-01,251.1522979736328,13.130000114440918,14.482791900634766,34.22932052612305,136.19598388671875,52.52484893798828,4.203455448150635,5.449999809265137,109.55999755859375,103.0689697265625,168.32000732421875,99.66178131103516
2022-07-05,254.316162109375,13.880000114440918,14.922569274902344,34.558998107910156,138.7742156982422,55.540245056152344,4.104232311248779,5.639999866485596,113.5,102.67692565917969,164.75,100.44483184814453
2022-07-06,257.56695556640625,13.890000343322754,15.088111877441406,34.84157180786133,140.10745239257812,56.16682052612305,4.113252639770508,5.840000152587891,114.33000183105469,102.01138305664062,162.13999938964844,98.75825500488281
2022-07-07,259.6859130859375,14.100000381469727,15.814095497131348,35.924781799316406,143.46998596191406,57.615787506103516,4.176395416259766,6.059999942779541,116.33000183105469,104.59152221679688,162.22999572753906,97.88920593261719
2022-07-08,258.9699401855469,13.970000267028809,15.794150352478027,35.78349304199219,144.14637756347656,58.013065338134766,4.1944355964660645,5.940000057220459,115.54000091552734,104.26329803466797,162.3000030517578,96.80493927001953
2022-07-11,255.92222595214844,13.430000305175781,15.110050201416016,35.039371490478516,142.0190887451172,56.70840835571289,4.15835428237915,5.710000038146973,111.75,102.89573669433594,161.42999267578125,98.47428894042969
2022-07-12,245.43414306640625,14.770000457763672,15.040244102478027,35.04879379272461,142.98959350585938,58.05230712890625,4.122273921966553,5.630000114440918,109.22000122070312,102.99601745605469,160.8300018310547,99.05944061279297
2022-07-13,244.51498413085938,14.3100004196167,15.122016906738281,35.04879379272461,142.62689208984375,57.738407135009766,4.149333953857422,5.789999961853027,110.4000015258789,102.02962493896484,161.60000610351562,100.19525909423828
2022-07-14,245.8308563232422,14.25,15.329442024230957,35.519752502441406,145.54823303222656,58.21906661987305,4.023050308227539,5.619999885559082,110.62999725341797,98.46481323242188,159.3300018310547,99.3778305053711
2022-07-15,248.3850860595703,14.470000267028809,15.718363761901855,36.376895904541016,147.21478271484375,60.35752487182617,4.15835428237915,5.75,113.55000305175781,102.97777557373047,159.00999450683594,99.9371109008789
2022-07-18,245.9953155517578,14.539999961853027,16.056421279907227,36.461669921875,144.17578125,59.298099517822266,4.122273921966553,5.75,113.76000213623047,101.92019653320312,159.16000366210938,98.89594268798828
2022-07-19,251.10391235351562,15.15999984741211,16.944957733154297,37.88397216796875,148.02847290039062,61.21095275878906,4.221496105194092,5.96999979019165,118.20999908447266,104.4456558227539,159.5399932861328,98.36243438720703
2022-07-20,253.75491333007812,15.210000038146973,17.75769805908203,38.2042236328125,150.0283203125,62.09379577636719,4.239536762237549,6.170000076293945,122.7699966430664,104.42740631103516,158.0399932861328,98.6205825805664
2022-07-21,256.241455078125,14.079999923706055,18.000028610229492,38.25132369995117,152.2928466796875,62.42732238769531,4.61838960647583,6.210000038146973,124.62999725341797,105.13855743408203,160.27000427246094,100.3243637084961
2022-07-22,251.90689086914062,13.680000305175781,17.27105140686035,36.923213958740234,151.0576629638672,60.122100830078125,4.600347995758057,5.929999828338623,122.41999816894531,104.62797546386719,160.6699981689453,102.01091003417969
2022-07-25,250.42662048339844,13.75,16.97686767578125,36.885536193847656,149.94007873535156,59.003822326660156,4.62751579284668,5.860000133514404,121.13999938964844,105.0473861694336,160.22999572753906,101.01272583007812
2022-07-26,243.72161865234375,13.430000305175781,16.48723030090332,36.69715118408203,148.6166229248047,58.523162841796875,4.564125061035156,5.710000038146973,114.80999755859375,103.40629577636719,160.0399932861328,101.0901870727539
2022-07-27,260.0148620605469,13.970000267028809,17.740747451782227,37.846290588378906,153.70449829101562,60.710670471191406,4.681850433349609,5.960000038146973,120.97000122070312,105.06562042236328,161.6699981689453,100.52224731445312
2022-07-28,267.43585205078125,13.760000228881836,17.934206008911133,37.40359115600586,154.2534942626953,60.887245178222656,4.709018707275391,6.119999885559082,122.27999877929688,104.67357635498047,163.63999938964844,101.32252502441406
2022-07-29,271.625244140625,13.710000038146973,18.11271858215332,34.20106887817383,159.31192016601562,60.681236267089844,4.690906524658203,6.130000114440918,134.9499969482422,105.17501068115234,164.10000610351562,101.04717254638672
2022-08-01,268.98394775390625,14.279999732971191,18.389944076538086,34.813316345214844,158.3316192626953,61.34828186035156,4.736185550689697,6.099999904632568,135.38999938964844,104.12654876708984,165.02999877929688,103.48072052001953
2022-08-02,265.8974609375,14.0600004196167,18.474708557128906,33.91849136352539,156.8611602783203,61.27961730957031,4.663739204406738,6.300000190734863,134.16000366210938,102.50370788574219,164.0500030517578,101.2911376953125
2022-08-03,273.29913330078125,14.630000114440918,18.84069061279297,34.39887237548828,162.8607177734375,63.02569580078125,4.72713041305542,6.570000171661377,139.52000427246094,103.57952117919922,164.4499969482422,102.88591003417969
2022-08-04,274.4407653808594,14.859999656677246,19.161802291870117,33.92791748046875,162.54701232910156,63.6142578125,4.736185550689697,6.650000095367432,142.57000732421875,102.43987274169922,167.1699981689453,102.85144805908203
2022-08-05,273.7248229980469,14.739999771118164,18.936431884765625,33.671024322509766,162.32122802734375,61.26980209350586,4.763354301452637,6.75,140.8000030517578,105.5396957397461,165.2899932861328,100.40320587158203
2022-08-08,271.2189025878906,15.020000457763672,17.74374008178711,33.66151809692383,161.84999084472656,60.27904510498047,4.709018707275391,6.900000095367432,139.41000366210938,104.2541732788086,166.69000244140625,102.02385711669922
2022-08-09,273.1346435546875,14.619999885559082,17.038700103759766,32.843284606933594,161.89910888671875,58.02288055419922,4.600348472595215,6.590000152587891,137.8300018310547,105.19324493408203,167.1999969482422,101.6273193359375
2022-08-10,279.7718811035156,15.069999694824219,18.046894073486328,33.65200424194336,166.1399688720703,60.230003356933594,4.718074321746826,6.929999828338623,142.69000244140625,107.93748474121094,166.77999877929688,100.96353149414062
2022-08-11,277.7013244628906,14.989999771118164,17.892322540283203,33.8613166809082,165.40370178222656,61.13247299194336,4.718074321746826,6.739999771118164,140.63999938964844,109.5329818725586,166.33999633789062,98.6101303100586
2022-08-12,282.4326171875,15.25,18.657201766967773,34.356056213378906,168.94757080078125,63.80064392089844,4.718074321746826,6.78000020980835,143.5500030517578,111.34729766845703,167.8699951171875,99.61014556884766
2022-08-15,283.94195556640625,15.329999923706055,18.97930335998535,34.57487869262695,170.01760864257812,63.46711349487305,4.62751579284668,6.860000133514404,143.17999267578125,111.64815521240234,165.7100067138672,99.52392578125
2022-08-16,283.2066345214844,15.5,18.82673454284668,34.43217086791992,169.8605499267578,62.643131256103516,4.681850433349609,7.019999980926514,144.77999877929688,112.71485137939453,165.4199981689453,99.93770599365234
2022-08-17,282.46002197265625,14.960000038146973,18.28423500061035,34.04207992553711,171.3527069091797,60.44580841064453,4.582237243652344,6.769999980926514,142.10000610351562,111.7667007446289,164.35000610351562,98.89461517333984
2022-08-18,281.34503173828125,14.84000015258789,18.721025466918945,34.441688537597656,170.9600067138672,61.7798957824707,4.645627498626709,6.75,142.3000030517578,110.90055084228516,163.9199981689453,99.04116821289062
2022-08-19,277.4472961425781,14.170000076293945,17.799583435058594,33.66151809692383,168.37820434570312,59.356971740722656,4.564125061035156,6.369999885559082,138.22999572753906,108.15630340576172,162.72000122070312,97.44635772705078
2022-08-22,269.302734375,13.710000038146973,16.986839294433594,32.196311950683594,164.50057983398438,57.19889450073242,4.482624053955078,6.099999904632568,133.22000122070312,106.36935424804688,161.63999938964844,97.11878967285156
2022-08-23,268.0326232910156,13.819999694824219,17.133434295654297,32.30097579956055,164.16677856445312,56.7574577331543,4.473567485809326,6.150000095367432,133.6199951171875,105.32089233398438,162.77000427246094,96.58429718017578
2022-08-24,267.4023742675781,13.989999771118164,17.1743221282959,32.215335845947266,164.46127319335938,57.19889450073242,4.482624053955078,6.269999980926514,133.8000030517578,105.57616424560547,163.25,95.8774185180664
2022-08-25,270.36932373046875,14.420000076293945,17.863405227661133,33.195308685302734,166.91546630859375,60.033809661865234,4.591292381286621,6.420000076293945,137.27999877929688,108.0833740234375,163.75,97.213623046875
2022-08-26,259.9366149902344,13.739999771118164,16.214984893798828,31.73963165283203,160.6229248046875,56.531837463378906,4.410176753997803,6.090000152587891,130.75,104.5459213256836,161.75999450683594,97.94637298583984
2022-08-29,257.16351318359375,13.510000228881836,15.757253646850586,31.340028762817383,158.4239501953125,55.92365264892578,4.355842590332031,6.110000133514404,129.7899932861328,104.29065704345703,161.86000061035156,97.13601684570312
2022-08-30,254.97219848632812,13.329999923706055,15.425175666809082,30.693056106567383,155.9991912841797,55.2271842956543,4.364897727966309,6.039999961853027,128.72999572753906,104.30888366699219,160.50999450683594,97.37739562988281
2022-08-31,253.5179443359375,12.989999771118164,15.05221176147461,30.36957550048828,154.34014892578125,55.452796936035156,4.573182106018066,5.940000057220459,126.7699966430664,103.68892669677734,159.27000427246094,96.44636535644531
2022-09-01,252.4804229736328,12.930000305175781,13.898412704467773,30.21734619140625,155.0666046142578,56.21794509887695,4.509790897369385,5.760000228881836,127.81999969482422,104.40005493164062,157.8699951171875,94.68061828613281
2022-09-02,248.2724151611328,12.989999771118164,13.609217643737793,29.70357322692871,152.95596313476562,55.25661849975586,4.464511871337891,5.739999771118164,127.51000213623047,103.6706771850586,159.25999450683594,95.21623229980469
2022-09-06,245.54788208007812,13.220000267028809,13.42772102355957,28.885343551635742,151.6994171142578,54.177574157714844,4.455455780029297,5.579999923706055,126.11000061035156,103.69804382324219,158.3300018310547,92.85786437988281
2022-09-07,250.24066162109375,13.890000343322754,13.680093765258789,29.1612606048584,153.1032257080078,53.95195770263672,4.527902603149414,5.690000057220459,129.47999572753906,105.6673583984375,159.94000244140625,94.32642364501953
2022-09-08,250.6575927734375,13.960000038146973,13.955415725708008,29.25640296936035,151.63070678710938,54.33452606201172,4.527902603149414,5.789999961853027,129.82000732421875,108.12895965576172,158.97999572753906,93.35889434814453
2022-09-09,256.4169006347656,14.1899995803833,14.351430892944336,29.931917190551758,154.48739624023438,56.345458984375,4.591292381286621,6.019999980926514,133.27000427246094,108.64861297607422,159.82000732421875,93.56622314453125
2022-09-12,258.5403137207031,14.470000267028809,14.469141006469727,30.027057647705078,160.43638610839844,56.8359375,4.645627498626709,6.199999809265137,136.4499969482422,109.93414306640625,160.6300048828125,92.79739379882812
2022-09-13,244.32615661621094,13.680000305175781,13.098535537719727,27.867319107055664,151.02203369140625,52.59825134277344,4.491678714752197,5.929999828338623,126.81999969482422,106.11407470703125,158.5399932861328,93.0133285522461
2022-09-14,244.5491943359375,14.029999732971191,13.095545768737793,27.762662887573242,152.4651336669922,52.09797286987305,4.473567485809326,5.960000038146973,128.5500030517578,105.86792755126953,157.92999267578125,93.3329849243164
2022-09-15,237.91725158691406,14.270000457763672,12.897038459777832,27.439176559448242,149.5789337158203,51.685970306396484,4.410176753997803,6.050000190734863,126.27999877929688,107.4634017944336,154.97999572753906,93.27249908447266
2022-09-16,237.2967071533203,13.75,13.165372848510742,27.819746017456055,147.93954467773438,51.842926025390625,4.192838191986084,5.71999979019165,123.52999877929688,106.74317169189453,155.83999633789062,92.49501037597656
2022-09-19,237.0833740234375,14.210000038146973,13.348916053771973,28.010032653808594,151.6503143310547,51.10721969604492,4.2381157875061035,5.739999771118164,124.66000366210938,107.7278060913086,155.9600067138672,92.71099090576172
2022-09-20,235.0763397216797,13.970000267028809,13.143424034118652,27.553346633911133,154.02598571777344,49.83198928833008,4.156614303588867,5.579999923706055,122.19000244140625,105.60352325439453,155.07000732421875,91.78665161132812
2022-09-21,231.6827850341797,13.229999542236328,13.2282133102417,27.08714485168457,150.9042510986328,49.14532470703125,4.075112342834473,5.449999809265137,118.54000091552734,102.55840301513672,155.7899932861328,93.3243637084961
2022-09-22,233.6510772705078,12.710000038146973,12.529947280883789,26.70657730102539,149.9421844482422,48.71371078491211,4.020777702331543,5.239999771118164,117.30999755859375,101.39141082763672,155.6999969482422,90.94005584716797
2022-09-23,230.6841278076172,12.210000038146973,12.48505687713623,26.18329429626465,147.6744842529297,49.14532470703125,3.857774257659912,5.070000171661377,113.77999877929688,99.5041732788086,153.00999450683594,91.3115234375
2022-09-26,230.2283935546875,11.859999656677246,12.197768211364746,25.660001754760742,148.00827026367188,47.948577880859375,3.839660882949829,4.96999979019165,115.1500015258789,97.36164855957031,151.22999572753906,89.56649780273438
2022-09-27,229.22003173828125,12.270000457763672,12.38231086730957,25.583892822265625,148.9801788330078,49.61619186401367,3.821549892425537,5.090000152587891,114.41000366210938,96.50465393066406,151.5399932861328,87.2081527709961
2022-09-28,233.73831176757812,12.75,12.704511642456055,25.812231063842773,147.09530639648438,50.02817916870117,3.948331594467163,4.989999771118164,118.01000213623047,98.45570373535156,154.69000244140625,90.12801361083984
2022-09-29,230.2769012451172,12.25,12.189788818359375,25.098661422729492,139.87013244628906,49.05704116821289,3.875885248184204,4.800000190734863,114.80000305175781,96.78727722167969,154.66000366210938,89.66149139404297
2022-09-30,225.81678771972656,12.039999961853027,12.108990669250488,24.518291473388672,135.66854858398438,49.14532470703125,3.866827964782715,4.699999809265137,113.0,95.2738265991211,154.6699981689453,88.50391387939453
2022-10-03,233.41836547851562,11.920000076293945,12.481067657470703,25.660001754760742,139.8406982421875,50.73445510864258,3.9754981994628906,4.809999942779541,115.87999725341797,98.21867370605469,158.42999267578125,89.91020202636719
2022-10-04,241.31076049804688,12.949999809265137,13.134448051452637,26.354551315307617,143.42384338378906,52.93177032470703,4.1747260093688965,4.989999771118164,121.08999633789062,102.81369018554688,160.6999969482422,89.65909576416016
2022-10-05,241.62103271484375,12.869999885559082,13.17634391784668,26.297462463378906,143.7183074951172,53.687103271484375,4.129446506500244,4.909999847412109,120.94999694824219,101.54428100585938,159.80999755859375,88.80180358886719
2022-10-06,239.28431701660156,12.729999542236328,13.097538948059082,25.85980796813965,142.76612854003906,53.57919692993164,4.084168434143066,4.809999942779541,120.30000305175781,99.47456359863281,159.6300048828125,88.3082275390625
2022-10-07,227.1160430908203,12.180000305175781,12.04614543914795,24.470718383789062,137.52391052246094,52.011287689208984,4.002665996551514,4.579999923706055,114.55999755859375,97.48764038085938,157.8800048828125,87.45095825195312
2022-10-10,222.2777862548828,12.050000190734863,11.64115047454834,23.975982666015625,137.8478546142578,50.50727462768555,3.939274549484253,4.429999828338623,113.66999816894531,96.57698059082031,155.47999572753906,86.09141540527344
2022-10-11,218.5545654296875,12.260000228881836,11.557356834411621,23.823753356933594,136.4342498779297,52.79771041870117,3.9030513763427734,4.179999828338623,112.20999908447266,93.7897720336914,155.16000366210938,86.4724349975586
2022-10-12,218.8842315673828,12.699999809265137,11.471569061279297,24.09966468811035,135.8059539794922,51.85400390625,3.939274549484253,4.199999809265137,112.9000015258789,95.30754089355469,155.99000549316406,86.89675903320312
2022-10-13,227.1160430908203,13.050000190734863,11.930431365966797,25.136720657348633,140.3708038330078,53.92817306518555,4.0932230949401855,4.199999809265137,112.52999877929688,100.60599517822266,154.91000366210938,86.06546020507812
2022-10-14,221.60877990722656,13.109999656677246,11.199243545532227,24.651493072509766,135.84524536132812,51.82451629638672,4.029832363128662,3.9800000190734863,106.9000015258789,102.2801742553711,152.97999572753906,85.35539245605469
2022-10-17,230.3059844970703,13.199999809265137,11.85860824584961,25.136720657348633,139.80142211914062,52.59127426147461,4.147558212280273,4.300000190734863,113.79000091552734,106.57594299316406,153.4199981689453,84.93975067138672
2022-10-18,231.2465057373047,13.699999809265137,11.937414169311523,24.61343765258789,141.11688232421875,51.657405853271484,4.210948944091797,4.380000114440918,116.36000061035156,109.31712341308594,153.75,85.13888549804688
2022-10-19,229.28787231445312,13.989999771118164,12.021207809448242,24.737123489379883,141.22483825683594,52.12925720214844,4.129446506500244,4.21999979019165,115.06999969482422,107.17385864257812,151.69000244140625,83.5888671875
2022-10-20,228.9679412841797,13.460000038146973,12.16385269165039,24.813236236572266,140.7634735107422,52.78788375854492,3.76721453666687,4.340000152587891,115.25,106.8243179321289,151.4499969482422,82.16007995605469
2022-10-21,234.75636291503906,13.710000038146973,12.4351806640625,25.660001754760742,144.5724334716797,55.097957611083984,3.848717212677002,4.400000095367432,119.31999969482422,112.43550872802734,154.14999389648438,80.6793212890625
2022-10-24,239.73037719726562,14.100000381469727,12.567852973937988,25.85980796813965,146.7124786376953,55.28473663330078,3.903308629989624,4.420000076293945,119.81999969482422,112.57347106933594,153.64999389648438,80.0125503540039
2022-10-25,243.0366668701172,14.289999961853027,13.2282133102417,26.07863426208496,149.54954528808594,54.921016693115234,4.012491703033447,4.570000171661377,120.5999984741211,112.86784362792969,154.0,82.34191131591797
2022-10-26,224.28482055664062,14.0,12.864117622375488,25.888349533081055,146.61428833007812,54.508148193359375,4.030689239501953,4.53000020980835,115.66000366210938,114.16485595703125,154.97999572753906,83.52825164794922
2022-10-27,219.85382080078125,13.970000267028809,13.143424034118652,24.994007110595703,142.1476593017578,51.32318115234375,3.9669995307922363,4.53000020980835,110.95999908447266,114.61559295654297,154.74000549316406,84.40284729003906
2022-10-28,228.6964569091797,14.0,13.799798965454102,27.658004760742188,152.8872528076172,53.12209701538086,4.039787769317627,4.630000114440918,103.41000366210938,115.97699737548828,153.16000366210938,83.82264709472656
2022-10-31,225.07017517089844,14.180000305175781,13.463631629943848,27.049089431762695,150.5312042236328,53.18107604980469,4.003393173217773,4.659999847412109,102.44000244140625,115.79302215576172,151.91000366210938,83.22515106201172
2022-11-01,221.23060607910156,14.109999656677246,13.50951862335205,26.925405502319336,147.89048767089844,53.92817306518555,4.021590709686279,4.659999847412109,96.79000091552734,117.88111114501953,153.4600067138672,84.00294494628906
2022-11-02,213.40609741210938,13.579999923706055,13.186322212219238,26.08814811706543,142.37342834472656,52.54212188720703,3.9488024711608887,4.409999847412109,92.12000274658203,116.79568481445312,152.38999938964844,83.63838195800781
2022-11-03,207.7339630126953,13.729999542236328,13.38782024383545,26.059606552124023,136.33607482910156,52.57161331176758,3.83961820602417,4.269999980926514,89.30000305175781,117.00724792480469,151.80999755859375,83.1869888305664
2022-11-04,214.65682983398438,14.109999656677246,14.121003150939941,27.192636489868164,136.0706024169922,55.206092834472656,3.9760985374450684,4.409999847412109,90.9800033569336,120.2083969116211,156.47000122070312,81.7894058227539
2022-11-07,220.93975830078125,14.319999694824219,14.265644073486328,27.395132064819336,136.60154724121094,55.599300384521484,4.012491703033447,4.75,90.52999877929688,120.84310913085938,155.85000610351562,80.9734115600586
2022-11-08,221.90936279296875,14.25,14.565900802612305,27.462631225585938,137.17190551757812,56.51350402832031,4.057985305786133,4.769999980926514,89.9800033569336,120.91668701171875,159.4499969482422,81.85884094238281
2022-11-09,217.6819610595703,13.979999542236328,13.741943359375,26.536928176879883,132.619140625,55.01931381225586,3.9851975440979004,4.650000095367432,86.13999938964844,119.34371948242188,158.64999389648438,82.1279525756836
2022-11-10,235.59022521972656,14.930000305175781,15.711060523986816,28.6969051361084,144.41885375976562,59.24627685546875,4.221760272979736,4.920000076293945,96.62999725341797,124.25580596923828,163.47999572753906,85.28767395019531
2022-11-11,239.5946044921875,14.880000114440918,16.28663444519043,29.342975616455078,147.20166015625,61.45804977416992,4.321845531463623,4.96999979019165,100.79000091552734,124.45819091796875,164.55999755859375,84.97520446777344
2022-11-14,234.2037353515625,14.680000305175781,16.254714965820312,29.265830993652344,145.8053741455078,60.730628967285156,4.312746524810791,4.769999980926514,98.48999786376953,123.17955780029297,164.9199981689453,84.76687622070312
2022-11-15,234.6109161376953,14.609999656677246,16.624797821044922,29.612972259521484,147.53599548339844,62.02820587158203,4.367339134216309,4.840000152587891,98.94000244140625,122.28730773925781,165.5,86.138427734375
2022-11-16,235.03872680664062,14.09000015258789,15.87066650390625,28.475126266479492,146.3068389892578,57.87005615234375,4.2854509353637695,4.789999961853027,97.12000274658203,122.452880859375,165.1199951171875,88.0221176147461
2022-11-17,234.9901123046875,13.949999809265137,15.638243675231934,28.822261810302734,148.20465087890625,57.74226379394531,4.303648471832275,4.730000019073486,94.8499984741211,121.91936492919922,163.9199981689453,87.09331512451172
2022-11-18,234.54287719726562,14.050000190734863,15.370906829833984,28.802976608276367,148.76512145996094,57.58498764038086,4.358240127563477,4.760000228881836,94.13999938964844,123.11515045166016,162.7899932861328,86.49434661865234
2022-11-21,235.3498992919922,13.850000381469727,15.279132843017578,27.906200408935547,145.53985595703125,56.1890983581543,4.2854509353637695,4.590000152587891,92.45999908447266,122.38848114013672,161.8800048828125,86.85890197753906
2022-11-22,238.24737548828125,13.979999542236328,15.9983491897583,28.754762649536133,147.6736602783203,57.62431335449219,4.3491411209106445,4.650000095367432,93.19999694824219,124.21900177001953,162.07000732421875,88.0915756225586
2022-11-23,240.72682189941406,14.420000076293945,16.478160858154297,28.61012077331543,148.54885864257812,57.92904281616211,4.358240127563477,4.809999942779541,94.12999725341797,125.54361724853516,163.0800018310547,89.62803649902344
2022-11-25,240.6393280029297,14.5,16.22977638244629,28.29191017150879,145.63821411132812,57.41786193847656,4.3855366706848145,4.840000152587891,93.41000366210938,125.78279876708984,163.22000122070312,89.32422637939453
2022-11-28,235.06790161132812,13.829999923706055,15.787872314453125,27.703702926635742,141.8131103515625,54.80305862426758,4.276351451873779,4.800000190734863,93.94999694824219,123.58433532714844,161.92999267578125,89.57595825195312
2022-11-29,233.67750549316406,14.140000343322754,15.600337982177734,27.867624282836914,138.81402587890625,54.18375015258789,4.312746524810791,4.840000152587891,92.41999816894531,125.61722564697266,162.72999572753906,88.52558898925781
2022-11-30,248.07757568359375,14.430000305175781,16.885478973388672,28.995832443237305,145.55955505371094,56.670780181884766,4.485621452331543,4.869999885559082,96.54000091552734,127.10737609863281,164.80999755859375,89.17664337158203
2022-12-01,247.63999938964844,13.979999542236328,17.09701156616211,28.764406204223633,145.8348846435547,54.54747009277344,4.549310684204102,5.079999923706055,95.5,125.32286071777344,167.83999633789062,92.02547454833984
2022-12-02,247.9608612060547,13.970000267028809,16.838584899902344,28.359411239624023,145.3431854248047,53.751220703125,4.594804286956787,5.199999809265137,94.12999725341797,124.32939147949219,167.25999450683594,93.18275451660156
2022-12-05,243.27430725097656,14.109999656677246,16.573177337646484,28.127981185913086,144.1829071044922,53.12209701538086,4.4947190284729,4.840000152587891,91.01000213623047,120.84310913085938,164.38999938964844,91.87753295898438
2022-12-06,238.33494567871094,14.329999923706055,15.951556205749512,27.578346252441406,140.52496337890625,52.76821517944336,4.431028842926025,4.579999923706055,88.25,121.04547882080078,164.83999633789062,93.06095123291016
2022-12-07,237.60565185546875,13.550000190734863,16.084260940551758,27.317989349365234,138.58787536621094,52.90583419799805,4.3855366706848145,4.369999885559082,88.45999908447266,120.96268463134766,166.3300018310547,95.25366973876953
2022-12-08,240.55178833007812,13.600000381469727,17.13094139099121,27.424060821533203,140.2693328857422,54.262393951416016,4.458324909210205,4.400000095367432,90.3499984741211,122.23210144042969,166.47000122070312,94.99262237548828
2022-12-09,238.62657165527344,13.529999732971191,16.963308334350586,27.231204986572266,139.7875518798828,53.9379997253418,4.449225902557373,4.400000095367432,89.08999633789062,121.56979370117188,167.05999755859375,92.52146911621094
2022-12-12,245.5203399658203,14.199999809265137,17.49612045288086,27.665130615234375,142.07859802246094,54.40983963012695,4.485621452331543,4.409999847412109,90.55000305175781,123.45555114746094,165.67999267578125,92.81729125976562
2022-12-13,249.80825805664062,13.460000038146973,18.031932830810547,27.703702926635742,143.04226684570312,54.30171585083008,4.5402116775512695,4.429999828338623,92.48999786376953,123.33594512939453,168.50999450683594,93.71353912353516
2022-12-14,250.0999755859375,13.350000381469727,17.634817123413086,27.250490188598633,140.8199920654297,53.662757873535156,4.5402116775512695,4.389999866485596,91.58000183105469,122.71965026855469,168.10000610351562,94.1137924194336
2022-12-15,242.1172332763672,12.930000305175781,16.914417266845703,26.18014144897461,134.2220001220703,51.15606689453125,4.358240127563477,4.260000228881836,88.44999694824219,119.67488098144531,165.35000610351562,94.48100280761719
2022-12-16,237.91680908203125,12.8100004196167,16.534257888793945,25.958356857299805,132.2651824951172,51.18555450439453,4.212662696838379,4.21999979019165,87.86000061035156,118.92976379394531,166.7899932861328,93.42560577392578
2022-12-19,233.79415893554688,12.479999542236328,16.217966079711914,25.8330020904541,130.16090393066406,50.84150695800781,4.185365676879883,4.110000133514404,84.91999816894531,119.6380615234375,166.32000732421875,91.85557556152344
2022-12-20,235.10679626464844,12.529999732971191,16.049339294433594,25.49550437927246,130.09205627441406,49.81916427612305,4.167168617248535,4.150000095367432,85.19000244140625,120.21759033203125,169.0800018310547,90.22447204589844
2022-12-21,237.66403198242188,13.029999732971191,16.46441650390625,25.87157440185547,133.189453125,50.32050704956055,4.221760272979736,3.75,86.7699966430664,121.56979370117188,168.8000030517578,90.45126342773438
2022-12-22,231.5967559814453,12.5600004196167,15.3049898147583,25.042293548583984,130.02322387695312,48.59040451049805,4.194465637207031,3.430000066757202,83.79000091552734,120.19000244140625,166.75999450683594,90.43378448486328
2022-12-23,232.1217498779297,12.710000038146973,15.172287940979004,25.158008575439453,129.65939331054688,49.347320556640625,4.221760272979736,3.4000000953674316,85.25,120.76031494140625,167.25999450683594,89.1080093383789
2022-12-27,230.40084838867188,12.529999732971191,14.089693069458008,25.01336669921875,127.85993957519531,49.170372009277344,4.203564167022705,3.2899999618530273,83.04000091552734,121.1834716796875,168.6699981689453,87.3460922241211
2022-12-28,228.0380401611328,12.319999694824219,14.00487995147705,24.627655029296875,123.93651580810547,48.28566360473633,4.1489715576171875,3.180000066757202,81.81999969482422,121.84577178955078,167.91000366210938,86.83147430419922
2022-12-29,234.33868408203125,12.699999809265137,14.570623397827148,25.273719787597656,127.44696044921875,49.78968048095703,4.258155345916748,3.259999990463257,84.18000030517578,122.54486846923828,168.85000610351562,87.81706237792969
2022-12-30,233.18161010742188,12.720000267028809,14.581599235534668,25.485862731933594,127.76156616210938,49.242862701416016,4.221760272979736,3.259999990463257,84.0,123.35433197021484,169.63999938964844,86.84020233154297
2023-01-03,232.94827270507812,12.739999771118164,14.283262252807617,25.775144577026367,122.98271179199219,49.627113342285156,4.267253875732422,3.309999942779541,85.81999969482422,124.29259490966797,171.05999755859375,88.4974594116211
2023-01-04,222.7583465576172,13.59000015258789,14.716299057006836,26.691207885742188,124.2511978149414,53.40062713623047,4.303648471832275,3.619999885559082,85.13999938964844,125.45164489746094,172.6699981689453,89.70986938476562
2023-01-05,216.15628051757812,13.989999771118164,14.233376502990723,26.57549476623535,122.93354797363281,53.90310287475586,4.267253875732422,3.5199999809265137,83.12000274658203,125.42386627197266,170.52000427246094,90.08491516113281
2023-01-06,218.7037811279297,14.180000305175781,14.826056480407715,27.703702926635742,127.45674133300781,55.932716369628906,4.3946332931518555,3.5199999809265137,86.08000183105469,127.82392883300781,173.7100067138672,91.74217987060547
2023-01-09,220.83314514160156,14.609999656677246,15.593350410461426,28.262981414794922,127.9779281616211,55.52876663208008,4.403733253479004,3.4600000381469727,87.36000061035156,127.29570007324219,174.10000610351562,92.23063659667969
2023-01-10,222.51531982421875,15.1899995803833,15.873729705810547,28.388338088989258,128.54823303222656,56.36623764038086,4.431028842926025,3.640000104904175,89.87000274658203,128.4355010986328,174.74000549316406,90.70423126220703
2023-01-11,229.2437286376953,15.34000015258789,15.96552562713623,28.78369140625,131.26219177246094,57.203697204589844,4.4947190284729,3.7100000381469727,95.08999633789062,129.38995361328125,174.6199951171875,92.17829895019531
2023-01-12,231.9078369140625,16.829999923706055,16.474393844604492,29.20797348022461,131.1835479736328,56.42534637451172,4.567508697509766,3.819999933242798,95.2699966430664,129.26022338867188,176.63999938964844,93.99254608154297
2023-01-13,232.6079559326172,17.020000457763672,16.86153793334961,29.03440284729004,132.510986328125,56.09035873413086,4.576606750488281,3.809999942779541,98.12000274658203,132.52206420898438,178.75999450683594,93.1115951538086
2023-01-17,233.69696044921875,17.079999923706055,17.662752151489258,28.54262351989746,133.67129516601562,56.011539459228516,4.3855366706848145,4.079999923706055,96.05000305175781,130.4741668701172,177.58999633789062,92.50975036621094
2023-01-18,229.28262329101562,16.639999389648438,17.338476181030273,27.780841827392578,132.95346069335938,55.676551818847656,4.3491411209106445,4.159999847412109,95.45999908447266,126.55437469482422,177.0800018310547,94.75142669677734
2023-01-19,225.51002502441406,16.280000686645508,16.727827072143555,27.404775619506836,133.0124969482422,55.52876663208008,4.258155345916748,4.119999885559082,93.68000030517578,124.86784362792969,179.88999938964844,94.15827941894531
2023-01-20,233.57054138183594,16.34000015258789,17.799449920654297,28.176197052001953,135.5690460205078,57.59779739379883,4.194465637207031,4.170000076293945,97.25,125.17363739013672,179.2899932861328,92.63190460205078
2023-01-23,235.86520385742188,16.170000076293945,19.150449752807617,29.188688278198242,138.75503540039062,60.90823745727539,4.212662696838379,4.260000228881836,97.5199966430664,127.20301818847656,179.6300048828125,92.19573974609375
2023-01-24,235.34014892578125,16.020000457763672,19.222288131713867,28.851192474365234,140.1513214111328,60.35649108886719,4.139873027801514,4.269999980926514,96.31999969482422,128.29649353027344,180.27999877929688,93.52156829833984
2023-01-25,233.94973754882812,16.260000228881836,19.28015899658203,28.63905143737793,139.49249267578125,60.63236999511719,4.212662696838379,4.199999809265137,97.18000030517578,128.91732788085938,181.11000061035156,93.74832153320312
2023-01-26,241.1351776123047,16.610000610351562,19.758100509643555,29.015119552612305,141.5574951171875,61.87378692626953,4.376437187194824,4.21999979019165,99.22000122070312,129.71426391601562,179.47000122070312,93.31221771240234
2023-01-27,241.29075622558594,16.43000030517578,20.31985092163086,27.154062271118164,143.49456787109375,62.928001403808594,4.303648471832275,4.369999885559082,102.23999786376953,130.02935791015625,179.22000122070312,93.07672119140625
2023-01-30,235.9916229248047,15.960000038146973,19.119516372680664,26.951566696166992,140.61349487304688,60.799861907958984,4.332900047302246,4.21999979019165,100.55000305175781,128.92662048339844,178.75999450683594,92.73650360107422
2023-01-31,240.95042419433594,16.139999389648438,19.493688583374023,27.250490188598633,141.88192749023438,59.4106559753418,4.351182460784912,4.25,103.12999725341797,129.69577026367188,179.41000366210938,93.47794342041016
2023-02-01,245.7537078857422,16.690000534057617,20.89657211303711,28.031553268432617,143.00294494628906,61.676727294921875,4.442594051361084,4.489999771118164,105.1500015258789,129.3529052734375,181.6699981689453,94.6016616821289
2023-02-02,257.27569580078125,17.059999465942383,21.660869598388672,29.11154556274414,148.30299377441406,62.23833084106445,4.497440338134766,4.579999923706055,112.91000366210938,128.7505645751953,177.89999389648438,94.72406768798828
2023-02-03,251.19873046875,17.020000457763672,21.053220748901367,29.236900329589844,151.9215545654297,61.48953628540039,4.378605842590332,4.460000038146973,103.38999938964844,130.7428741455078,173.4600067138672,93.30740356445312
2023-02-06,249.66244506835938,16.920000076293945,21.0422420501709,28.002225875854492,149.19775390625,59.09537124633789,4.268911838531494,4.409999847412109,102.18000030517578,131.5120086669922,173.82000732421875,92.61656951904297
2023-02-07,260.15374755859375,16.959999084472656,22.123844146728516,28.353595733642578,152.069091796875,61.21366500854492,4.296334743499756,4.440000057220459,102.11000061035156,133.11512756347656,173.97999572753906,91.87324523925781
2023-02-08,259.34674072265625,16.969999313354492,22.15576934814453,27.563013076782227,149.3846435546875,59.361392974853516,4.278053283691406,4.369999885559082,100.05000305175781,132.17922973632812,174.41000366210938,92.31050109863281
2023-02-09,256.3227844238281,16.65999984741211,22.287477493286133,27.06524085998535,148.35215759277344,59.29243469238281,4.268911838531494,4.21999979019165,98.23999786376953,130.12200927734375,173.02999877929688,91.43602752685547
2023-02-10,255.8172149658203,16.280000686645508,21.217853546142578,27.133563995361328,148.716552734375,58.93773651123047,4.259771347045898,4.110000133514404,97.61000061035156,130.69654846191406,173.36000061035156,90.41287994384766
2023-02-13,263.8096923828125,16.510000228881836,21.739694595336914,27.865583419799805,151.51341247558594,59.233314514160156,4.278053283691406,4.179999828338623,99.54000091552734,132.11434936523438,172.47999572753906,91.17367553710938
2023-02-14,264.6361389160156,16.790000915527344,22.920074462890625,27.95342445373535,150.87327575683594,61.1545524597168,4.268911838531494,4.239999771118164,99.69999694824219,132.6981658935547,172.61000061035156,90.96379852294922
2023-02-15,262.5209045410156,16.799999237060547,22.71352767944336,28.15839195251465,152.97091674804688,60.92794418334961,4.323759078979492,4.369999885559082,101.16000366210938,133.254150390625,170.88999938964844,90.11555480957031
2023-02-16,255.5319366455078,16.389999389648438,21.95322036743164,27.52397346496582,151.37551879882812,59.164337158203125,4.323759078979492,4.260000228881836,98.1500015258789,131.4193572998047,170.75,88.83880615234375
2023-02-17,251.54519653320312,16.360000610351562,21.340587615966797,26.948116302490234,150.23312377929688,58.13967514038086,4.360323905944824,4.150000095367432,97.19999694824219,131.8085479736328,171.25999450683594,89.52963256835938
2023-02-21,246.29127502441406,15.6899995803833,20.609207153320312,25.435274124145508,146.2249298095703,56.75047302246094,4.268911838531494,3.9000000953674316,94.58000183105469,129.38995361328125,170.6199951171875,87.78941345214844
2023-02-22,245.1605682373047,15.5600004196167,20.707984924316406,24.859416961669922,146.64842224121094,56.13962173461914,4.250629901885986,3.869999885559082,95.79000091552734,128.39842224121094,169.66000366210938,88.59395599365234
2023-02-23,248.3382568359375,15.869999885559082,23.611534118652344,24.996061325073242,147.13096618652344,57.88351821899414,4.250629901885986,3.859999895095825,95.81999969482422,129.4270477294922,169.57000732421875,89.4596939086914
2023-02-24,242.92837524414062,15.5600004196167,23.234375,24.53732681274414,144.48184204101562,57.321922302246094,4.186642169952393,3.799999952316284,93.5,130.5946044921875,168.35000610351562,88.2966537475586
2023-02-27,243.84466552734375,15.630000114440918,23.44889259338379,24.303081512451172,145.67343139648438,57.046058654785156,4.268911838531494,3.880000114440918,93.76000213623047,131.73440551757812,169.00999450683594,88.54148864746094
2023-02-28,243.12332153320312,15.979999542236328,23.164531707763672,24.33236312866211,145.17120361328125,56.96723175048828,4.204923629760742,3.880000114440918,94.2300033569336,132.837158203125,169.77999877929688,88.9437484741211
2023-03-01,240.05284118652344,16.030000686645508,22.647676467895508,24.722774505615234,143.10308837890625,56.49431228637695,4.204923629760742,3.8299999237060547,92.16999816894531,132.09580993652344,170.75999450683594,87.98822021484375
2023-03-02,244.7706756591797,16.1200008392334,23.262311935424805,25.571918487548828,143.69398498535156,55.59773254394531,4.278053283691406,3.950000047683716,92.12999725341797,130.724365234375,170.66000366210938,87.2079849243164
2023-03-03,248.8451385498047,16.360000610351562,23.837032318115234,25.767122268676758,148.7362060546875,55.942569732666016,4.40602970123291,4.119999885559082,94.9000015258789,133.1243896484375,172.49000549316406,89.3207015991211
2023-03-06,250.38522338867188,16.1200008392334,23.501779556274414,25.366954803466797,151.49371337890625,55.991844177246094,4.378605842590332,3.990000009536743,93.75,132.3459930419922,171.6199951171875,88.62815856933594
2023-03-07,247.73387145996094,16.360000610351562,23.240318298339844,24.91798210144043,149.29754638671875,54.740570068359375,4.332900047302246,3.5,93.55000305175781,128.4540252685547,168.6199951171875,89.17166900634766
2023-03-08,247.29525756835938,16.59000015258789,24.131486892700195,25.35719108581543,150.54824829101562,56.05094528198242,4.351182460784912,3.619999885559082,93.91999816894531,127.69416046142578,168.5399932861328,89.25931549072266
2023-03-09,245.95010375976562,15.880000114440918,23.388011932373047,25.806163787841797,148.30291748046875,54.779964447021484,4.332900047302246,3.6600000858306885,92.25,120.78125762939453,170.1999969482422,89.4784927368164
2023-03-10,242.31427001953125,15.460000038146973,22.917978286743164,26.56746482849121,146.24462890625,54.11985778808594,4.287194728851318,3.5899999141693115,90.7300033569336,123.84850311279297,173.8699951171875,92.56425476074219
2023-03-13,247.50967407226562,14.850000381469727,22.918975830078125,26.303939819335938,148.18475341796875,53.10505294799805,4.259771347045898,3.5799999237060547,92.43000030517578,121.6245346069336,177.86000061035156,92.77466583251953
2023-03-14,254.20628356933594,14.65999984741211,24.013731002807617,27.33852767944336,150.27252197265625,53.4695930480957,4.278053283691406,3.7200000286102295,94.87999725341797,124.74736022949219,176.8300018310547,91.2492904663086
2023-03-15,258.7388916015625,13.859999656677246,24.178394317626953,27.728940963745117,150.66644287109375,53.3316535949707,4.104372024536133,3.700000047683716,96.19999694824219,118.85379791259766,178.2100067138672,93.0113296508789
2023-03-16,269.227294921875,14.119999885559082,25.488704681396484,29.45650863647461,153.48306274414062,55.73567581176758,4.177500247955322,3.690000057220459,100.04000091552734,121.16118621826172,178.57000732421875,92.28373718261719
2023-03-17,272.37567138671875,13.979999542236328,25.672330856323242,29.095378875732422,152.64593505859375,55.824337005615234,4.1317949295043945,3.7200000286102295,98.94999694824219,116.58348083496094,183.77000427246094,93.66881561279297
2023-03-20,265.3574523925781,13.960000038146973,25.846967697143555,28.460962295532227,155.0094451904297,56.78989028930664,4.177500247955322,3.609999895095825,97.70999908447266,117.81593322753906,183.83999633789062,92.84477996826172
2023-03-21,266.8682861328125,14.369999885559082,26.145355224609375,27.777740478515625,156.86093139648438,57.765281677246094,4.250629901885986,3.7699999809265137,100.61000061035156,120.97587585449219,180.3699951171875,92.04703521728516
2023-03-22,265.4159851074219,13.819999694824219,26.413803100585938,27.455652236938477,155.43295288085938,57.31206512451172,4.19578218460083,3.6700000762939453,98.69999694824219,117.85298919677734,183.44000244140625,93.27436065673828
2023-03-23,270.6504211425781,13.630000114440918,27.13532066345215,28.334077835083008,156.51625061035156,60.43531799316406,4.204923629760742,3.8299999237060547,98.70999908447266,117.53792572021484,185.74000549316406,93.27436065673828
2023-03-24,273.4869384765625,13.720000267028809,26.72416877746582,28.656166076660156,157.8162078857422,60.25796890258789,4.23234748840332,3.8399999141693115,98.12999725341797,115.74948120117188,183.64999389648438,93.66881561279297
2023-03-27,269.40264892578125,13.9399995803833,26.47667694091797,28.480480194091797,155.87611389160156,58.908172607421875,4.268911838531494,3.9100000858306885,98.04000091552734,119.06694030761719,181.9499969482422,91.46845245361328
2023-03-28,268.2817687988281,13.979999542236328,26.35592269897461,28.58784294128418,155.2556610107422,58.40570068359375,4.278053283691406,3.8299999237060547,97.23999786376953,119.42835235595703,183.44000244140625,91.63501739501953
2023-03-29,273.42840576171875,14.350000381469727,26.928743362426758,30.764385223388672,158.3282928466797,62.60287094116211,4.332900047302246,3.9800000190734863,100.25,119.66925811767578,182.52999877929688,91.450927734375
2023-03-30,276.87908935546875,14.470000267028809,27.32693099975586,31.320720672607422,159.89414978027344,62.15951156616211,4.424311637878418,4.0,102.0,119.30785369873047,184.17999267578125,91.87173461914062
2023-03-31,281.02178955078125,14.75,27.720123291015625,31.88681411743164,162.3955535888672,59.45006561279297,4.488299369812012,4.559999942779541,103.29000091552734,120.75346374511719,183.22000122070312,93.24803161621094
2023-04-03,279.9787902832031,14.420000076293945,27.907739639282227,32.10154724121094,163.6462860107422,58.7308349609375,4.46087646484375,4.53000020980835,102.41000366210938,120.61444854736328,184.5399932861328,93.68658447265625
2023-04-04,279.9300537109375,14.15999984741211,27.39678955078125,32.30650329589844,163.11448669433594,56.42534637451172,4.488299369812012,4.639999866485596,103.94999694824219,119.00206756591797,187.97999572753906,94.1523666381836
2023-04-05,277.1617431640625,13.890000343322754,26.82596206665039,32.04298400878906,161.2728729248047,56.17903518676758,4.479158878326416,4.519999980926514,101.0999984741211,119.17950439453125,187.8300018310547,95.13671112060547
2023-04-06,284.2384338378906,14.010000228881836,26.981643676757812,32.023460388183594,162.15924072265625,57.81291580200195,4.4517340660095215,4.550000190734863,102.05999755859375,119.04875183105469,186.49000549316406,95.38278198242188
2023-04-10,282.0842590332031,14.149999618530273,27.522531509399414,31.74040985107422,159.56912231445312,62.462833404541016,4.40602970123291,4.53000020980835,102.16999816894531,119.44100952148438,185.11000061035156,93.84478759765625
2023-04-11,275.6898498535156,14.319999694824219,27.11336898803711,31.57448387145996,158.3578338623047,62.759002685546875,4.470016956329346,4.570000171661377,99.91999816894531,120.0293960571289,186.27999877929688,94.03811645507812
2023-04-12,276.33319091796875,13.0,26.440750122070312,31.252397537231445,157.66848754882812,61.16953659057617,4.4517340660095215,4.380000114440918,97.83000183105469,120.01071166992188,187.19000244140625,93.94146728515625
2023-04-13,282.52288818359375,12.949999809265137,26.408815383911133,31.359764099121094,163.0455322265625,62.19628143310547,4.515722751617432,4.489999771118164,102.4000015258789,120.46833801269531,189.72000122070312,93.20320892333984
2023-04-14,278.91632080078125,12.789999961853027,26.703208923339844,31.125516891479492,162.7008819580078,61.83100509643555,4.479158878326416,4.510000228881836,102.51000213623047,129.5648651123047,186.36000061035156,92.35072326660156
2023-04-17,281.5091857910156,13.100000381469727,26.946706771850586,31.369518280029297,162.72056579589844,61.74215316772461,4.433452606201172,4.46999979019165,102.73999786376953,130.5922088623047,185.52999877929688,91.25214385986328
2023-04-18,281.0900573730469,13.289999961853027,27.6103515625,31.06694984436035,163.9417266845703,61.13993453979492,4.259771347045898,4.400000095367432,102.30000305175781,132.05848693847656,186.25,91.57731628417969
2023-04-19,281.1679992675781,13.630000114440918,27.87380599975586,30.40325355529785,165.08412170410156,59.876258850097656,4.223206996917725,4.329999923706055,104.30000305175781,131.89035034179688,185.36000061035156,91.48945617675781
2023-04-20,278.8870544433594,13.319999694824219,27.048498153686523,30.120206832885742,164.11895751953125,60.67592239379883,3.83927845954895,4.210000038146973,103.80999755859375,131.50743103027344,186.08999633789062,92.27159881591797
2023-04-21,278.5458984375,13.399999618530273,27.063472747802734,29.573631286621094,162.5137481689453,60.35013198852539,3.857560396194458,4.230000019073486,106.95999908447266,131.2552490234375,184.25,91.75308990478516
2023-04-24,274.6565856933594,13.319999694824219,26.986629486083984,28.948972702026367,162.8190155029297,58.75080108642578,3.869537591934204,4.079999923706055,106.20999908447266,131.43272399902344,184.80999755859375,92.64076232910156
2023-04-25,268.4669189453125,12.84000015258789,26.187267303466797,28.187671661376953,161.28274536132812,57.398277282714844,3.7774057388305664,3.9700000286102295,102.56999969482422,128.57489013671875,185.75,94.00298309326172
2023-04-26,287.91326904296875,12.739999771118164,26.90080451965332,28.353595733642578,161.2728729248047,60.241539001464844,3.823472261428833,3.9700000286102295,104.9800033569336,126.29608154296875,184.74000549316406,93.00106811523438
2023-04-27,297.1344299316406,12.880000114440918,27.17025375366211,29.144180297851562,165.8522491455078,61.110313415527344,3.8511111736297607,3.940000057220459,109.81999969482422,127.9958724975586,184.75,92.07830047607422
2023-04-28,299.50311279296875,13.640000343322754,27.692180633544922,30.315410614013672,167.1029510498047,63.538936614990234,3.860323905944824,3.9100000858306885,105.44999694824219,129.10726928710938,184.8000030517578,93.56353759765625
2023-05-01,297.84600830078125,13.890000343322754,28.850805282592773,29.573631286621094,167.0143280029297,61.554561614990234,3.832684278488159,3.880000114440918,102.05000305175781,131.87167358398438,183.97000122070312,90.86567687988281
2023-05-02,297.6998596191406,13.770000457763672,28.152233123779297,29.05633544921875,165.98028564453125,61.110313415527344,3.7774057388305664,4.239999771118164,103.62999725341797,129.74229431152344,187.52000427246094,93.13004302978516
2023-05-03,296.7153015136719,13.789999961853027,27.745073318481445,29.915241241455078,164.90682983398438,60.132938385009766,3.740553140640259,4.369999885559082,103.6500015258789,126.99654388427734,189.11000061035156,93.64989471435547
2023-05-04,297.6998596191406,13.510000228881836,27.50556182861328,30.61595916748047,163.2720489501953,59.738040924072266,3.703700542449951,4.369999885559082,104.0,125.25944519042969,190.44000244140625,92.72476959228516
2023-05-05,302.8074951171875,13.869999885559082,28.621273040771484,30.370952606201172,170.9339141845703,60.448856353759766,3.786619186401367,4.690000057220459,105.66000366210938,127.70634460449219,187.4600067138672,92.4163818359375
2023-05-08,300.85797119140625,14.359999656677246,29.091310501098633,30.15534782409668,170.8649444580078,60.093448638916016,3.795832395553589,4.980000019073486,105.83000183105469,128.01455688476562,187.69000244140625,91.12120056152344
2023-05-09,299.2496643066406,14.470000267028809,28.512496948242188,29.49873161315918,169.16123962402344,60.152679443359375,3.7497665882110596,5.019999980926514,106.62000274658203,127.39813995361328,189.02000427246094,90.7951889038086
2023-05-10,304.4256286621094,14.34000015258789,28.825851440429688,29.371326446533203,170.92405700683594,59.224674224853516,3.758979320526123,5.230000019073486,110.19000244140625,127.4635238647461,188.75,91.67628479003906
2023-05-11,302.28118896484375,14.069999694824219,28.51948356628418,28.28350067138672,171.11114501953125,60.82400894165039,3.6852738857269287,5.139999866485596,112.18000030517578,127.06195068359375,187.1300048828125,92.64546966552734
2023-05-12,301.1699523925781,14.020000457763672,28.281972885131836,28.3717041015625,170.1841583251953,60.1428108215332,3.712913990020752,5.010000228881836,110.26000213623047,125.24076080322266,186.80999755859375,91.87010955810547
2023-05-15,301.6475830078125,14.279999732971191,28.89371109008789,29.204723358154297,169.69107055664062,63.815364837646484,3.740553140640259,5.139999866485596,111.19999694824219,126.29608154296875,187.2100067138672,90.91854858398438
2023-05-16,303.87005615234375,14.199999809265137,29.153182983398438,28.636310577392578,169.69107055664062,62.91695785522461,3.6392080783843994,5.079999923706055,113.4000015258789,125.44622039794922,184.8699951171875,90.6454086303711
2023-05-17,306.7420349121094,14.90999984741211,30.1162052154541,28.29330062866211,170.30250549316406,64.0917739868164,3.703700542449951,5.380000114440918,115.5,129.30337524414062,184.22999572753906,90.38111114501953
2023-05-18,311.1575622558594,15.050000190734863,31.613136291503906,29.087120056152344,172.62986755371094,66.70796966552734,3.6944878101348877,5.409999847412109,118.1500015258789,130.28399658203125,181.83999633789062,89.71147918701172
2023-05-19,310.98175048828125,14.819999694824219,31.19998550415039,29.33212661743164,172.7383575439453,67.30030059814453,3.731340169906616,5.380000114440918,116.25,129.98512268066406,183.63999938964844,89.07710266113281
2023-05-22,313.756103515625,14.380000114440918,31.112163543701172,29.67513656616211,171.79159545898438,65.38507080078125,3.758979320526123,5.420000076293945,115.01000213623047,128.9111328125,183.2100067138672,88.7598876953125
2023-05-23,307.97296142578125,14.069999694824219,30.62516212463379,28.920515060424805,169.1881103515625,65.16790008544922,3.712913990020752,5.28000020980835,114.98999786376953,127.56624603271484,183.42999267578125,89.01541137695312
2023-05-24,306.5954895019531,13.800000190734863,30.4754695892334,28.420705795288086,169.46424865722656,65.68123626708984,3.629995107650757,5.230000019073486,116.75,126.39883422851562,181.9499969482422,88.57488250732422
2023-05-25,318.3865051269531,14.380000114440918,37.9022331237793,26.852664947509766,170.59832763671875,68.7219467163086,3.6484215259552,5.179999828338623,115.0,126.70703887939453,180.1999969482422,88.3545913696289
2023-05-26,325.1954345703125,14.350000381469727,38.86625671386719,28.420705795288086,173.00460815429688,72.9868392944336,3.703700542449951,5.230000019073486,120.11000061035156,127.89311981201172,180.9199981689453,89.06829071044922
2023-05-30,323.55426025390625,14.619999885559082,40.02886962890625,29.390928268432617,174.84877014160156,70.7754135131836,3.703700542449951,5.190000057220459,121.66000366210938,128.3787841796875,182.0399932861328,89.95818328857422
2023-05-31,320.7994384765625,14.779999732971191,37.756526947021484,30.81196403503418,174.7994384765625,67.3299331665039,3.6944878101348877,5.349999904632568,120.58000183105469,126.74439239501953,182.32000732421875,90.74232482910156
2023-06-01,324.892578125,14.699999809265137,39.68857192993164,30.508153915405273,177.6001739501953,68.20858001708984,3.731340169906616,5.369999885559082,122.7699966430664,128.4908447265625,183.75999450683594,91.09835815429688
2023-06-02,327.6473693847656,14.869999885559082,39.246482849121094,30.684560775756836,178.44830322265625,68.28756713867188,3.740553140640259,5.309999942779541,124.25,131.18994140625,181.0500030517578,90.1000747680664
2023-06-05,328.1749572753906,14.8100004196167,39.090789794921875,29.263526916503906,177.09725952148438,66.90543365478516,3.7221267223358154,5.210000038146973,125.30000305175781,129.901123046875,182.13999938964844,89.9322509765625
2023-06-06,325.9671936035156,14.930000305175781,38.574851989746094,30.341550827026367,176.73236083984375,66.6783676147461,3.676060676574707,5.300000190734863,126.61000061035156,130.13455200195312,182.33999633789062,90.46227264404297
2023-06-07,315.9053039550781,15.15999984741211,37.402137756347656,30.655160903930664,175.36158752441406,66.2044906616211,3.703700542449951,5.179999828338623,121.2300033569336,131.39540100097656,180.14999389648438,89.1194839477539
2023-06-08,317.7418212890625,15.300000190734863,38.43512725830078,31.184371948242188,178.07354736328125,64.4866714477539,3.676060676574707,5.190000057220459,124.25,131.43272399902344,182.52999877929688,90.16193389892578
2023-06-09,319.2364196777344,15.569999694824219,38.69462203979492,30.713960647583008,178.45816040039062,64.59527587890625,3.6852738857269287,5.150000095367432,123.43000030517578,131.6942596435547,182.0399932861328,90.03824615478516
2023-06-12,324.17950439453125,16.020000457763672,39.40523147583008,32.40940475463867,181.24903869628906,66.58952331542969,3.758979320526123,5.230000019073486,126.56999969482422,131.68490600585938,181.8800048828125,90.30326080322266
2023-06-13,326.56304931640625,16.309999465942383,40.942237854003906,33.23262405395508,180.77565002441406,67.00414276123047,3.758979320526123,5.210000038146973,126.66000366210938,132.6375274658203,180.5399932861328,89.41101837158203
2023-06-14,329.54254150390625,16.59000015258789,42.91340255737305,34.86927032470703,181.40684509277344,68.23820495605469,3.823472261428833,5.179999828338623,126.41999816894531,132.1425323486328,180.63999938964844,90.1265640258789
2023-06-15,340.0538330078125,16.649999618530273,42.570068359375,35.104469299316406,183.43833923339844,67.94202423095703,3.9063899517059326,5.159999847412109,127.11000061035156,133.63681030273438,181.91000366210938,90.99231719970703
2023-06-16,334.4172058105469,16.479999542236328,42.60898971557617,35.64347839355469,182.36341857910156,66.79682922363281,3.9432437419891357,5.099999904632568,125.48999786376953,133.79559326171875,181.6300048828125,90.63898468017578
2023-06-20,330.2361145019531,16.31999969482422,43.72282791137695,34.30084991455078,182.4521484375,66.04651641845703,3.869537591934204,4.949999809265137,125.77999877929688,133.1138153076172,179.75,91.2662124633789
2023-06-21,325.8499450683594,16.299999237060547,42.9613037109375,32.2427978515625,181.41668701171875,64.9605484008789,3.795832395553589,4.829999923706055,124.83000183105469,132.91769409179688,179.49000549316406,91.48705291748047
2023-06-22,331.8577880859375,16.360000610351562,42.941349029541016,32.05659484863281,184.41465759277344,65.40481567382812,3.7497665882110596,4.96999979019165,130.14999389648438,130.35873413085938,177.7100067138672,90.38276672363281
2023-06-23,327.27618408203125,16.260000228881836,42.12693786621094,32.34080123901367,184.09909057617188,64.44718933105469,3.6668477058410645,4.789999961853027,129.3300018310547,129.67694091796875,178.1999969482422,91.28388214111328
2023-06-26,321.0046081542969,16.440000534057617,40.553001403808594,32.674007415771484,182.7085723876953,64.6150131225586,3.703700542449951,4.78000020980835,127.33000183105469,129.99449157714844,178.50999450683594,91.38102722167969
2023-06-27,326.8365478515625,17.350000381469727,41.794586181640625,33.41883087158203,185.45997619628906,65.93791961669922,3.795832395553589,5.050000190734863,129.17999267578125,130.0038299560547,177.69000244140625,91.14250946044922
2023-06-28,328.0870056152344,17.549999237060547,41.037052154541016,32.8994140625,186.63352966308594,66.21435546875,3.814258337020874,5.010000228881836,129.0399932861328,129.4341278076172,177.27999877929688,91.5312271118164
2023-06-29,327.3054504394531,17.600000381469727,40.74263000488281,32.252601623535156,186.96885681152344,63.50931167602539,3.823472261428833,5.360000133514404,127.9000015258789,133.95436096191406,177.08999633789062,89.87923431396484
2023-06-30,332.66864013671875,17.940000534057617,42.21975326538086,32.77200698852539,191.28826904296875,62.30488204956055,3.832684278488159,5.53000020980835,130.36000061035156,135.8315887451172,178.27000427246094,90.93932342529297
2023-07-03,330.177490234375,18.100000381469727,42.33053207397461,32.94841766357422,189.7991943359375,63.08479309082031,3.9063899517059326,5.239999771118164,130.22000122070312,136.92428588867188,178.47000122070312,90.42378997802734
2023-07-05,330.3338623046875,18.31999969482422,42.23472213745117,31.86058807373047,188.68478393554688,61.26826858520508,3.8511111736297607,5.139999866485596,130.3800048828125,136.01214599609375,177.83999633789062,89.56455993652344
2023-07-06,333.3817138671875,17.8799991607666,42.02114486694336,31.331375122070312,189.1581573486328,60.448856353759766,3.814258337020874,4.840000152587891,128.36000061035156,134.66744995117188,177.30999755859375,88.2978515625
2023-07-07,329.42535400390625,18.350000381469727,42.42035675048828,31.213773727416992,188.04376220703125,59.98892593383789,3.823472261428833,4.760000228881836,129.77999877929688,135.73001098632812,178.63999938964844,87.76637268066406
2023-07-10,324.15985107421875,18.56999969482422,42.097984313964844,32.08599853515625,186.0023956298828,61.798980712890625,3.8418984413146973,4.840000152587891,127.12999725341797,136.49172973632812,178.77999877929688,87.88150024414062
2023-07-11,324.7851867675781,18.799999237060547,42.322547912597656,32.63481140136719,185.47976684570312,62.90676498413086,3.869537591934204,4.920000076293945,128.77999877929688,138.6262969970703,179.4499969482422,88.33328247070312
2023-07-12,329.4058837890625,18.56999969482422,43.81663513183594,33.30122375488281,187.1463623046875,63.09469985961914,3.9432437419891357,4.940000057220459,130.8000030517578,139.31275939941406,181.8800048828125,89.31651306152344
2023-07-13,334.7395935058594,18.450000762939453,45.88760757446289,33.193424224853516,187.90570068359375,63.826637268066406,4.007735729217529,5.050000190734863,134.3000030517578,139.9898223876953,182.00999450683594,90.2554931640625
2023-07-14,337.2599792480469,18.139999389648438,45.38059616088867,32.48780059814453,188.05364990234375,63.381534576416016,3.6668477058410645,4.869999885559082,134.67999267578125,140.8361358642578,181.42999267578125,89.7239990234375
2023-07-17,337.7386779785156,18.18000030517578,46.37065887451172,33.683433532714844,191.3080596923828,64.44977569580078,3.5470762252807617,4.829999923706055,133.55999755859375,144.2307891845703,181.55999755859375,89.76829528808594
2023-07-18,351.1805725097656,18.68000030517578,47.40165710449219,33.81083679199219,191.05160522460938,64.232177734375,3.5747156143188477,4.860000133514404,132.8300018310547,144.4940948486328,183.63999938964844,90.17577362060547
2023-07-19,346.8725280761719,18.600000381469727,46.98546600341797,33.77163314819336,192.40267944335938,64.2519302368164,3.629995107650757,4.829999923706055,135.36000061035156,145.0489044189453,183.6699981689453,91.19445037841797
2023-07-20,338.852294921875,17.440000534057617,45.431488037109375,32.70341110229492,190.4598846435547,63.984886169433594,3.620781898498535,4.650000095367432,129.9600067138672,146.8355712890625,182.74000549316406,90.0871810913086
2023-07-21,335.8239440917969,17.420000076293945,44.22284698486328,33.340423583984375,189.28636169433594,64.93443298339844,3.629995107650757,4.699999809265137,130.0,145.70713806152344,182.17999267578125,90.11376953125
2023-07-24,337.1329040527344,16.8799991607666,44.52526092529297,32.958213806152344,190.0851593017578,64.76628875732422,3.6801793575286865,4.739999771118164,128.8000030517578,148.57522583007812,181.39999389648438,89.7860107421875
2023-07-25,342.8672790527344,16.649999618530273,45.59019088745117,33.41883087158203,190.94309997558594,64.96409606933594,3.6894726753234863,4.699999809265137,129.1300048828125,147.46559143066406,182.41000366210938,89.61768341064453
2023-07-26,329.96258544921875,16.760000228881836,45.36362838745117,33.67363739013672,191.81094360351562,66.64555358886719,3.6801793575286865,4.670000076293945,128.14999389648438,148.34951782226562,183.3000030517578,89.70628356933594
2023-07-27,323.07562255859375,16.56999969482422,45.81075668334961,33.859840393066406,190.54869079589844,70.29535675048828,3.6244192123413086,4.639999866485596,128.25,146.71331787109375,180.4199981689453,87.96123504638672
2023-07-28,330.5487365722656,16.790000915527344,46.65910720825195,36.094295501708984,193.12255859375,70.42391967773438,3.652298927307129,4.75,132.2100067138672,147.5502471923828,181.86000061035156,88.41300964355469
2023-07-31,328.1553955078125,16.75,46.63814163208008,35.05546951293945,193.73399353027344,70.61186218261719,3.6615922451019287,5.099999904632568,133.67999267578125,148.53761291503906,182.35000610351562,88.6255874633789
2023-08-01,328.5657043457031,16.229999542236328,46.41657257080078,35.084869384765625,192.90560913085938,69.98872375488281,3.6708860397338867,5.070000171661377,131.69000244140625,147.8041229248047,180.4600067138672,87.17329406738281
2023-08-02,319.92999267578125,15.949999809265137,44.18292236328125,33.703033447265625,189.91751098632812,67.42694091796875,3.6615922451019287,4.739999771118164,128.2100067138672,146.1303253173828,179.60000610351562,86.24064636230469
2023-08-03,319.10943603515625,15.979999542236328,44.42845153808594,34.17344284057617,188.5270233154297,68.42594146728516,3.615125894546509,4.769999980926514,128.91000366210938,147.02365112304688,179.5399932861328,84.25093841552734
2023-08-04,320.2035217285156,15.84000015258789,44.59313201904297,34.56195068359375,179.47390747070312,69.14798736572266,3.6337125301361084,4.769999980926514,139.57000732421875,146.71331787109375,180.19000244140625,85.74320220947266
2023-08-07,322.47967529296875,15.989999771118164,45.32870101928711,34.65047073364258,176.3773193359375,68.62377166748047,3.6244192123413086,4.71999979019165,142.22000122070312,147.4091796875,179.77999877929688,84.89937591552734
2023-08-08,318.5135192871094,16.18000030517578,44.5771598815918,34.44392013549805,177.314208984375,66.91262817382812,3.6244192123413086,4.639999866485596,139.94000244140625,146.58164978027344,178.63999938964844,85.88534545898438
2023-08-09,314.78179931640625,15.760000228881836,42.47126007080078,33.71609115600586,175.72647094726562,65.97298431396484,3.6244192123413086,4.579999923706055,137.85000610351562,144.61636352539062,177.7899932861328,86.32946014404297
2023-08-10,315.4656982421875,15.760000228881836,42.30557632446289,34.10951614379883,175.50950622558594,64.72672271728516,3.6708860397338867,4.679999828338623,138.55999755859375,144.40003967285156,177.60000610351562,84.90825653076172
2023-08-11,313.5900573730469,15.649999618530273,40.77556610107422,34.31605911254883,175.56874084472656,63.66838073730469,3.615125894546509,4.610000133514404,138.41000366210938,145.2369842529297,177.60000610351562,84.71282958984375
2023-08-14,316.54998779296875,15.880000114440918,43.66792678833008,35.09306716918945,177.2178955078125,67.5357666015625,3.596538543701172,4.610000133514404,140.57000732421875,145.5378875732422,177.05999755859375,84.52629852294922
2023-08-15,314.4203186035156,15.550000190734863,43.85456085205078,34.19803237915039,175.2329864501953,64.61790466308594,3.531485080718994,4.480000019073486,137.6699981689453,141.8328857421875,176.58999633789062,84.01111602783203
2023-08-16,313.6568298339844,15.4399995803833,43.40144348144531,32.978431701660156,174.36399841308594,63.52001953125,3.494311809539795,4.409999847412109,135.07000732421875,141.2310791015625,175.57000732421875,83.35379791259766
2023-08-17,310.2109680175781,15.050000190734863,43.25972366333008,32.04405975341797,171.82611083984375,62.867210388183594,3.5036048889160156,4.360000133514404,133.97999572753906,139.76414489746094,175.3000030517578,82.9985122680664
2023-08-18,309.8193359375,15.039999961853027,43.214813232421875,32.211265563964844,172.3099822998047,62.89687728881836,3.540778398513794,4.369999885559082,133.22000122070312,140.0838623046875,175.3300018310547,83.2916488647461
2023-08-21,315.1056823730469,15.15999984741211,46.87568283081055,32.5948486328125,173.6431121826172,63.262855529785156,3.540778398513794,4.389999866485596,134.67999267578125,140.56344604492188,175.80999755859375,82.18131256103516
2023-08-22,315.6734619140625,14.829999923706055,45.57920455932617,32.34896469116211,175.0157470703125,62.718841552734375,3.531485080718994,4.46999979019165,134.25,137.64834594726562,176.10000610351562,82.81195831298828
2023-08-23,320.117919921875,14.779999732971191,47.024391174316406,33.42103576660156,178.8571319580078,64.47943878173828,3.559365749359131,4.599999904632568,135.52000427246094,138.5792999267578,177.88999938964844,84.86383819580078
2023-08-24,313.23583984375,14.569999694824219,47.0713005065918,32.05389404296875,174.17637634277344,62.99578857421875,3.5036048889160156,4.429999828338623,131.83999633789062,138.44766235351562,177.85000610351562,84.30425262451172
2023-08-25,316.1824951171875,14.579999923706055,45.92852783203125,32.703041076660156,176.3784942626953,63.02545928955078,3.531485080718994,5.230000019073486,133.25999450683594,138.2783966064453,177.6199951171875,84.57958984375
2023-08-28,316.88739013671875,14.729999542236328,46.74393844604492,33.066951751708984,177.9387664794922,64.59813690185547,3.5779519081115723,5.340000152587891,133.13999938964844,138.75796508789062,178.1300048828125,84.66842651367188
2023-08-29,321.4982604980469,14.899999618530273,48.689144134521484,33.74560546875,181.81967163085938,65.95320129394531,3.6708860397338867,5.400000095367432,134.91000366210938,139.88636779785156,179.8699951171875,85.54780578613281
2023-08-30,321.8702087402344,14.770000457763672,49.168209075927734,33.96198272705078,185.30555725097656,67.34783172607422,3.698765993118286,5.519999980926514,135.07000732421875,139.32215881347656,180.32000732421875,85.4589614868164
2023-08-31,320.8619689941406,14.729999542236328,49.25904083251953,34.56195068359375,185.52279663085938,69.17768096923828,3.708059310913086,5.559999942779541,138.00999450683594,137.60134887695312,180.02000427246094,85.84091186523438
2023-09-01,321.7429504394531,14.680000305175781,48.414676666259766,36.00776672363281,187.09292602539062,69.62274932861328,3.708059310913086,5.599999904632568,138.1199951171875,138.06210327148438,180.11000061035156,84.50365447998047
2023-09-05,326.530029296875,14.300000190734863,48.453609466552734,36.10612487792969,187.3299560546875,69.52385711669922,3.717352867126465,5.579999923706055,137.27000427246094,136.53872680664062,178.63999938964844,83.31874084472656
2023-09-06,325.8741455078125,14.329999923706055,46.973365783691406,36.371681213378906,180.62478637695312,69.64253234863281,3.763819932937622,5.539999961853027,135.36000061035156,136.31307983398438,177.8300018310547,83.52363586425781
2023-09-07,322.96661376953125,14.0,46.1548957824707,37.55194091796875,175.34161376953125,69.10845184326172,3.782406806945801,4.679999828338623,137.85000610351562,135.14700317382812,178.02000427246094,83.7552719116211
2023-09-08,327.2348937988281,13.979999542236328,45.48713684082031,37.384735107421875,175.95387268066406,69.4150390625,3.754526376724243,4.559999942779541,138.22999572753906,135.25045776367188,178.0800018310547,84.0760269165039
2023-09-11,330.82763671875,14.09000015258789,45.09387969970703,37.955196380615234,177.11915588378906,69.26667785644531,3.782406806945801,5.21999979019165,143.10000610351562,135.84286499023438,178.41000366210938,83.47018432617188
2023-09-12,324.7874755859375,14.109999656677246,44.78644943237305,38.22075653076172,174.09738159179688,69.54363250732422,3.763819932937622,5.320000171661377,141.22999572753906,137.6107177734375,177.49000549316406,83.95128631591797
2023-09-13,328.98724365234375,13.3100004196167,45.400299072265625,38.073219299316406,172.0334930419922,70.07775115966797,3.7266464233398438,5.510000228881836,144.85000610351562,137.67657470703125,177.0800018310547,83.93345642089844
2023-09-14,331.57171630859375,13.260000228881836,45.496124267578125,38.03387451171875,173.5443572998047,71.00749969482422,3.7359395027160645,5.380000114440918,144.72000122070312,140.34716796875,177.1699981689453,83.32765197753906
2023-09-15,323.2701416015625,13.3100004196167,43.81825256347656,37.25687789916992,172.82347106933594,69.1183090209961,3.652298927307129,5.389999866485596,140.38999938964844,139.93338012695312,178.33999633789062,82.81980895996094
2023-09-18,322.1344909667969,13.109999656677246,43.884132385253906,37.36506652832031,175.7465057373047,69.73155212402344,3.6708860397338867,5.21999979019165,139.97999572753906,140.2248992919922,179.38999938964844,83.2920150756836
2023-09-19,321.7331848144531,13.1899995803833,43.438961029052734,35.74220657348633,176.832763671875,69.93927001953125,3.717352867126465,5.130000114440918,137.6300048828125,140.04623413085938,179.22000122070312,82.67728424072266
2023-09-20,314.01904296875,13.0600004196167,42.16034698486328,34.11935043334961,173.29750061035156,68.9205093383789,3.6801793575286865,5.110000133514404,135.2899932861328,139.45382690429688,179.35000610351562,82.93562316894531
2023-09-21,312.80511474609375,13.0600004196167,40.94062042236328,34.08000946044922,171.7569580078125,67.15989685058594,3.596538543701172,5.119999885559082,129.3300018310547,138.36302185058594,178.0500030517578,80.80635070800781
2023-09-22,310.3381652832031,12.899999618530273,41.53251647949219,33.61773681640625,172.60621643066406,68.12922668457031,3.615125894546509,5.159999847412109,129.1199951171875,137.03713989257812,178.6199951171875,81.45670318603516
2023-09-25,310.8570251464844,12.90999984741211,42.143375396728516,33.72593307495117,173.88009643554688,67.83248901367188,3.559365749359131,4.989999771118164,131.27000427246094,137.71417236328125,177.6999969482422,79.45215606689453
2023-09-26,305.5706481933594,12.699999809265137,41.832950592041016,33.27349853515625,169.81161499023438,67.199462890625,3.4664313793182373,4.880000114440918,125.9800033569336,136.28485107421875,176.27999877929688,79.17597961425781
2023-09-27,306.20697021484375,12.609999656677246,42.388919830322266,34.04066848754883,168.30068969726562,67.46651458740234,3.438551664352417,4.889999866485596,125.9800033569336,137.08413696289062,174.10000610351562,78.76615142822266
2023-09-28,307.03912353515625,12.920000076293945,43.00876998901367,34.60129165649414,168.5574493408203,64.48932647705078,3.4571380615234375,4.760000228881836,125.9800033569336,138.7862091064453,173.22999572753906,79.00667572021484
2023-09-29,309.1046142578125,12.8100004196167,43.417999267578125,34.96520233154297,169.0709991455078,67.28848266601562,3.475724935531616,4.710000038146973,127.12000274658203,136.36947631835938,171.4499969482422,79.01557922363281
2023-10-02,315.0273132324219,12.75,44.698612213134766,34.876686096191406,171.57920837402344,67.21924591064453,3.4571380615234375,4.400000095367432,129.4600067138672,135.19403076171875,169.64999389648438,77.69287109375
2023-10-03,306.7943420410156,12.289999961853027,43.43596649169922,35.10289764404297,170.24609375,67.09066009521484,3.4106709957122803,4.349999904632568,124.72000122070312,134.19728088378906,169.16000366210938,76.02156066894531
2023-10-04,312.2471618652344,12.729999542236328,43.958988189697266,35.33895492553711,171.49034118652344,67.36761474609375,3.3642044067382812,4.269999980926514,127.0,134.79908752441406,169.13999938964844,77.09406280517578
2023-10-05,312.6387023925781,12.850000381469727,44.60478210449219,35.29961013793945,172.7247314453125,68.29736328125,3.2898571491241455,3.7899999618530273,125.95999908447266,135.36746215820312,168.8300018310547,76.7097396850586
2023-10-06,320.3724365234375,12.760000228881836,45.67679214477539,35.59467315673828,175.27247619628906,69.31288146972656,3.308444023132324,3.7699999809265137,127.95999908447266,137.4514923095703,169.6999969482422,75.78023529052734
2023-10-09,322.8785705566406,12.239999771118164,45.188697814941406,35.46681594848633,176.75375366210938,68.83733367919922,3.308444023132324,3.5999999046325684,128.25999450683594,137.138916015625,172.82000732421875,77.55879974365234
2023-10-10,321.4786682128906,12.260000228881836,45.71271896362305,35.830726623535156,176.1612548828125,68.43112182617188,3.3456172943115234,3.609999895095825,129.47999572753906,137.97250366210938,172.52999877929688,77.45154571533203
2023-10-11,325.4238586425781,12.479999542236328,46.718841552734375,36.27333068847656,177.5536346435547,69.56059265136719,3.317737102508545,3.5899999141693115,131.8300018310547,138.44615173339844,173.7899932861328,79.0692138671875
2023-10-12,324.1903381347656,12.0600004196167,46.857582092285156,36.23398208618164,178.4522705078125,69.1048355102539,3.317737102508545,3.490000009536743,132.3300018310547,138.1240997314453,173.25999450683594,76.92422485351562
2023-10-13,320.83251953125,11.720000267028809,45.37635040283203,35.378299713134766,176.61549377441406,68.56980895996094,3.261976957321167,3.4700000286102295,129.7899932861328,140.1986541748047,178.8300018310547,78.30059051513672
2023-10-16,325.63922119140625,11.9399995803833,46.00916290283203,35.95859146118164,176.4871063232422,68.44100952148438,3.3456172943115234,3.7100000381469727,132.5500030517578,140.05657958984375,177.9600067138672,77.04043579101562
2023-10-17,325.0714111328125,11.9399995803833,43.856178283691406,35.46681594848633,174.93675231933594,68.36176300048828,3.2433903217315674,3.7200000286102295,131.47000122070312,139.75340270996094,178.2899932861328,76.1913833618164
2023-10-18,323.1623840332031,11.359999656677246,42.117427825927734,35.05372619628906,173.6431121826172,68.5004653930664,3.150456428527832,3.549999952316284,128.1300048828125,138.21881103515625,180.8699951171875,75.52104187011719
2023-10-19,324.3469543457031,11.449999809265137,42.02261734008789,35.083229064941406,173.2678680419922,66.90536499023438,2.983175754547119,3.440000057220459,128.39999389648438,137.6315155029297,183.08999633789062,73.97489929199219
2023-10-20,319.7948303222656,11.079999923706055,41.3099365234375,34.34556579589844,170.7200927734375,66.59823608398438,2.9552955627441406,3.369999885559082,125.16999816894531,135.41482543945312,183.58999633789062,74.39494323730469
2023-10-23,322.3891296386719,11.289999961853027,42.89497756958008,33.29316711425781,170.83859252929688,66.26138305664062,2.9665608406066895,3.3499999046325684,126.55999755859375,133.56761169433594,182.97000122070312,75.2886734008789
2023-10-24,323.5735778808594,11.210000038146973,43.581695556640625,34.02099609375,171.2730712890625,67.44036865234375,3.022888422012329,3.569999933242798,128.55999755859375,133.72865295410156,182.9499969482422,76.28076934814453
2023-10-25,333.5002746582031,11.039999961853027,41.701194763183594,32.289955139160156,168.96234130859375,65.8848876953125,3.013500213623047,3.4700000286102295,121.38999938964844,132.99923706054688,183.72000122070312,74.58265686035156
2023-10-26,320.98919677734375,11.149999618530273,40.250911712646484,31.985048294067383,164.804931640625,63.93311309814453,3.041663408279419,3.440000057220459,119.56999969482422,133.3402557373047,184.00999450683594,75.72661590576172
2023-10-27,322.8687438964844,10.920000076293945,40.424583435058594,34.95536804199219,166.1182861328125,65.04275512695312,3.051051139831543,3.4100000858306885,127.73999786376953,128.53750610351562,186.14999389648438,75.40489196777344
2023-10-30,330.21087646484375,11.180000305175781,41.0843505859375,35.10289764404297,168.16244506835938,65.45886993408203,3.0886027812957764,3.630000114440918,132.7100067138672,130.1763458251953,185.10000610351562,75.06523895263672
2023-10-31,330.9940490722656,11.149999618530273,40.70405578613281,35.89958190917969,168.63645935058594,66.25146484375,3.1073787212371826,3.5799999237060547,133.08999633789062,131.72987365722656,184.08999633789062,74.69882202148438
2023-11-01,338.7865905761719,11.140000343322754,42.246185302734375,36.67658233642578,171.79649353027344,68.75806427001953,3.041663408279419,3.559999942779541,137.0,131.6162109375,183.50999450683594,76.31847381591797
2023-11-02,340.98919677734375,11.399999618530273,43.424991607666016,37.079837799072266,175.35145568847656,69.78843688964844,3.144929885864258,3.7100000381469727,138.07000732421875,133.96546936035156,184.1199951171875,78.05826568603516
2023-11-03,345.3749084472656,11.979999542236328,44.921199798583984,37.51259994506836,174.44296264648438,71.90864562988281,3.2481963634490967,3.740000009536743,138.60000610351562,135.46217346191406,184.7899932861328,78.58739471435547
2023-11-06,349.0263977050781,11.65999984741211,45.66580581665039,37.44845962524414,176.99075317382812,72.2455062866211,3.2200331687927246,3.680000066757202,139.74000549316406,136.48529052734375,183.35000610351562,77.82508850097656
2023-11-07,352.9422607421875,11.75,45.86942672729492,38.257625579833984,179.54840087890625,72.12661743164062,3.2200331687927246,3.799999952316284,142.7100067138672,136.4189453125,182.58999633789062,78.97299194335938
2023-11-08,355.5560607910156,12.010000228881836,46.48727798461914,37.418853759765625,180.6050262451172,71.6114273071289,3.266972303390503,3.740000009536743,142.0800018310547,137.09153747558594,180.77000427246094,80.3182144165039
2023-11-09,353.0988464355469,11.75,46.862571716308594,37.30044174194336,180.13104248046875,72.88949584960938,3.2388081550598145,3.5999999046325684,140.60000610351562,136.68418884277344,181.49000549316406,78.4708023071289
2023-11-10,361.8899230957031,11.800000190734863,48.244998931884766,38.346431732177734,184.31365966796875,74.6629409790039,3.276359796524048,3.640000104904175,143.55999755859375,138.71139526367188,179.50999450683594,78.91022491455078
2023-11-13,358.9627990722656,11.779999732971191,48.52946853637695,37.724754333496094,182.73159790039062,74.08830261230469,3.266972303390503,3.5199999809265137,142.58999633789062,138.0956573486328,180.50999450683594,78.73088073730469
2023-11-14,362.4772033691406,12.25,49.563533782958984,38.88916015625,185.34205627441406,76.45619201660156,3.3514623641967773,3.75,145.8000030517578,140.61544799804688,182.1199951171875,80.51554107666016
2023-11-15,362.6244201660156,12.420000076293945,48.79697036743164,40.073307037353516,185.90565490722656,76.42646789550781,3.3702385425567627,3.6700000762939453,143.1999969482422,141.84693908691406,181.63999938964844,79.38555145263672
2023-11-16,369.00054931640625,12.1899995803833,49.387855529785156,42.777095794677734,187.58663940429688,75.96082305908203,3.3232991695404053,3.5999999046325684,142.8300018310547,143.466796875,183.69000244140625,80.37203216552734
2023-11-17,362.8009033203125,12.289999961853027,49.20620346069336,43.231014251708984,187.5668487548828,76.84259033203125,3.3420748710632324,3.700000047683716,145.17999267578125,144.76458740234375,183.6699981689453,80.74870300292969
2023-11-20,370.24627685546875,12.399999618530273,50.31513977050781,44.14872360229492,189.3071746826172,77.89277648925781,3.3702385425567627,3.6700000762939453,146.1300048828125,145.2097930908203,183.3699951171875,81.24193572998047
2023-11-21,365.9595947265625,12.130000114440918,49.85099792480469,43.063262939453125,188.50624084472656,76.00045013427734,3.313911199569702,3.609999895095825,143.89999389648438,144.9066619873047,185.35000610351562,81.2060775756836
2023-11-22,370.6484680175781,12.3100004196167,48.62528610229492,43.09286117553711,189.16873168945312,76.38682556152344,3.313911199569702,3.619999885559082,146.7100067138672,145.2476806640625,184.55999755859375,81.4930648803711
2023-11-24,370.2364501953125,12.3100004196167,47.687034606933594,43.3790283203125,187.84373474121094,76.15896606445312,3.3326871395111084,3.6500000953674316,146.74000549316406,145.4466094970703,185.52000427246094,80.5334701538086
2023-11-27,371.3940124511719,12.180000305175781,48.15217208862305,43.49745178222656,187.6657257080078,76.79305267333984,3.3232991695404053,3.7200000286102295,147.72999572753906,145.11508178710938,186.77000427246094,81.878662109375
2023-11-28,375.4060974121094,12.170000076293945,47.73195266723633,43.64546585083008,188.2689208984375,75.4158935546875,3.3045237064361572,3.6700000762939453,147.02999877929688,145.4466094970703,189.25999450683594,82.04010009765625
2023-11-29,371.62945556640625,12.229999542236328,48.050357818603516,44.3460807800293,187.2504425048828,75.98063659667969,3.3420748710632324,3.7699999809265137,146.32000732421875,146.1855010986328,189.5399932861328,83.0714340209961
2023-11-30,371.68829345703125,12.430000305175781,46.68291473388672,44.1092529296875,187.8239288330078,75.4158935546875,3.266972303390503,3.6700000762939453,146.08999633789062,147.85272216796875,188.75,82.11185455322266
2023-12-01,367.3721618652344,13.020000457763672,46.67792510986328,43.16194152832031,189.09951782226562,75.22766876220703,3.276359796524048,3.8499999046325684,147.02999877929688,148.57266235351562,192.00999450683594,83.65835571289062
2023-12-04,362.1044616699219,13.350000381469727,45.42525863647461,41.790306091308594,187.30975341796875,73.60282897949219,2.9665608406066895,3.890000104904175,144.83999633789062,149.6620635986328,187.86000061035156,83.32546997070312
2023-12-05,365.4200439453125,13.130000114440918,46.483375549316406,41.365989685058594,191.25511169433594,73.00839233398438,2.8163552284240723,3.950000047683716,146.8800048828125,149.64308166503906,187.14999389648438,85.11576843261719
2023-12-06,361.77093505859375,13.479999542236328,45.422264099121094,40.72458267211914,190.16746520996094,72.45355224609375,2.8257429599761963,3.940000057220459,144.52000427246094,148.0706024169922,187.83999633789062,86.24932098388672
2023-12-07,363.8799743652344,13.90999984741211,46.51332092285156,41.592952728271484,192.09561157226562,72.96875762939453,2.910233974456787,3.9200000762939453,146.8800048828125,148.5253143310547,188.14999389648438,85.75452423095703
2023-12-08,367.09747314453125,13.760000228881836,47.421714782714844,42.135684967041016,193.5194549560547,74.26663970947266,2.9853365421295166,4.119999885559082,147.4199981689453,150.16412353515625,185.63999938964844,85.05278778076172
2023-12-11,364.2232666015625,13.720000267028809,46.54426956176758,43.95136642456055,191.01779174804688,77.07046508789062,2.929009199142456,4.099999904632568,145.88999938964844,150.7135467529297,183.58999633789062,84.87287139892578
2023-12-12,367.24462890625,14.039999961853027,47.57244110107422,43.457977294921875,192.53067016601562,77.43704223632812,3.022888422012329,4.090000152587891,147.47999572753906,152.05868530273438,183.49000549316406,85.1247787475586
2023-12-13,367.2347412109375,14.09000015258789,48.00267791748047,43.9809684753418,195.74429321289062,79.05197143554688,3.051051139831543,4.269999980926514,148.83999633789062,152.57020568847656,187.6300048828125,87.12196350097656
2023-12-14,358.9556579589844,14.59000015258789,48.26420593261719,44.582908630371094,195.89260864257812,81.42976379394531,3.163705348968506,4.360000133514404,147.4199981689453,155.34579467773438,188.72999572753906,89.3883056640625
2023-12-15,363.6642150878906,14.489999771118164,48.80325698852539,45.549957275390625,195.35865783691406,80.65699005126953,3.060439109802246,4.369999885559082,149.97000122070312,156.52041625976562,187.0,89.48755645751953
2023-12-18,365.5475769042969,14.239999771118164,49.98815155029297,45.08616638183594,193.69744873046875,80.80558776855469,3.032275915145874,4.150000095367432,154.07000732421875,157.4676971435547,187.85000610351562,88.77456665039062
2023-12-19,366.1460266113281,14.300000190734863,49.515987396240234,46.04335021972656,194.73570251464844,81.4099349975586,3.1073787212371826,4.210000038146973,153.7899932861328,159.5706787109375,189.1300048828125,89.2529067993164
2023-12-20,363.5562438964844,13.979999542236328,48.025638580322266,45.15523910522461,192.6493377685547,77.9621353149414,3.051051139831543,4.099999904632568,152.1199951171875,157.77084350585938,188.10000610351562,89.85762023925781
2023-12-21,366.420654296875,14.350000381469727,48.903076171875,46.457801818847656,192.50099182128906,84.6893310546875,3.0792150497436523,3.5799999237060547,153.83999633789062,158.6707763671875,189.42999267578125,89.28901672363281
2023-12-22,367.4407958984375,14.3100004196167,48.74335479736328,47.365638732910156,191.43309020996094,85.68997955322266,3.154317617416382,3.569999933242798,153.4199981689453,158.57601928710938,190.27000427246094,88.88287353515625
2023-12-26,367.519287109375,14.109999656677246,49.191566467285156,49.83259963989258,190.88926696777344,86.25469970703125,3.144929885864258,3.609999895095825,153.41000366210938,159.51382446289062,191.72000122070312,89.13558959960938
2023-12-27,366.9405212402344,13.989999771118164,49.329322814941406,50.08916473388672,190.9881134033203,85.8584213256836,3.173093557357788,3.549999952316284,153.33999633789062,160.47059631347656,192.58999633789062,90.71504211425781
2023-12-28,368.1274108886719,13.979999542236328,49.43413162231445,49.72405242919922,191.413330078125,85.20451354980469,3.163705348968506,3.559999942779541,153.3800048828125,161.32318115234375,191.47000122070312,90.05618286132812
2023-12-29,368.87298583984375,13.739999771118164,49.43413162231445,49.58590316772461,190.3750762939453,84.6638412475586,3.2106451988220215,3.5399999618530273,151.94000244140625,161.1337127685547,191.1699981689453,89.2438735961914
2024-01-02,363.801513671875,13.4399995803833,48.08252716064453,47.16828155517578,183.5621795654297,81.68759155273438,3.2012569904327393,3.430000066757202,149.92999267578125,163.0093536376953,190.72000122070312,88.72943115234375
2024-01-03,363.53662109375,12.949999809265137,47.484596252441406,46.428192138671875,182.18775939941406,81.60824584960938,3.182481288909912,3.3299999237060547,148.47000122070312,162.2988739013672,189.1300048828125,89.0994644165039
2024-01-04,360.9273681640625,13.09000015258789,47.91283416748047,46.250572204589844,179.87396240234375,82.05467224121094,3.2388081550598145,3.25,144.57000732421875,163.3759002685547,189.32000732421875,87.74565124511719
2024-01-05,360.740966796875,13.600000381469727,49.00988006591797,46.27030944824219,179.15211486816406,82.78881072998047,3.2294204235076904,3.259999990463257,145.24000549316406,164.1956024169922,189.35000610351562,86.90628814697266
2024-01-08,367.5486755371094,14.579999923706055,52.16028594970703,47.8096923828125,183.48306274414062,84.27692413330078,3.3232991695404053,3.2300000190734863,149.10000610351562,163.95733642578125,187.8699951171875,87.76368713378906
2024-01-09,368.62774658203125,14.380000114440918,53.045711517333984,47.41497802734375,183.06777954101562,82.66976928710938,3.266972303390503,3.309999942779541,151.3699951171875,162.66107177734375,187.92999267578125,87.20413970947266
2024-01-10,375.4746398925781,14.350000381469727,54.253562927246094,46.84264373779297,184.10604858398438,81.72727966308594,3.276359796524048,3.450000047683716,153.72999572753906,163.00421142578125,187.5,86.79798889160156
2024-01-11,377.2992248535156,14.59000015258789,54.724727630615234,47.01039505004883,183.5127410888672,82.72929382324219,3.28574800491333,3.390000104904175,155.17999267578125,162.3179473876953,187.8699951171875,87.28535461425781
2024-01-12,381.0660400390625,13.210000038146973,54.61292266845703,46.49726867675781,183.8390655517578,81.73721313476562,3.3045237064361572,3.4000000953674316,154.6199951171875,161.12652587890625,189.7100067138672,87.11386108398438
2024-01-16,382.831787109375,13.1899995803833,56.281959533691406,46.43806457519531,181.57467651367188,83.93961334228516,3.295135498046875,3.4000000953674316,153.16000366210938,160.11622619628906,187.91000366210938,85.57952880859375
2024-01-17,382.0469970703125,12.930000305175781,55.953548431396484,45.45127868652344,180.63531494140625,82.62016296386719,3.2388081550598145,3.3399999141693115,151.7100067138672,159.25839233398438,185.83999633789062,85.44413757324219
2024-01-18,386.36309814453125,13.819999694824219,57.00567626953125,46.12229537963867,186.5187530517578,84.14795684814453,3.257584571838379,3.390000104904175,153.5,159.57293701171875,187.3699951171875,84.64991760253906
2024-01-19,391.0716857910156,13.65999984741211,59.385440826416016,47.51365661621094,189.41592407226562,86.816650390625,3.2200331687927246,3.430000066757202,155.33999633789062,162.32745361328125,187.92999267578125,84.920654296875
2024-01-22,388.95281982421875,13.619999885559082,59.54814910888672,47.58273696899414,191.71983337402344,88.53292846679688,3.144929885864258,3.5999999046325684,154.77999877929688,162.1368408203125,187.22000122070312,85.42610168457031
2024-01-23,391.29730224609375,14.0,59.76676559448242,48.24387741088867,192.9954071044922,86.83648681640625,3.154317617416382,3.549999952316284,156.02000427246094,161.06932067871094,187.9499969482422,84.74917602539062
2024-01-24,394.88751220703125,13.930000305175781,61.25312042236328,48.44123458862305,192.322998046875,87.38213348388672,3.2012569904327393,2.930000066757202,156.8699951171875,162.50857543945312,186.39999389648438,84.2527847290039
2024-01-25,397.15350341796875,15.359999656677246,61.507667541503906,48.8951530456543,191.99668884277344,88.49324798583984,3.567383289337158,2.9800000190734863,157.75,164.83421325683594,187.13999938964844,84.80335235595703
2024-01-26,396.2314453125,15.130000114440918,60.92271041870117,43.07312774658203,190.26632690429688,87.35237121582031,3.5861589908599854,2.9200000762939453,159.1199951171875,164.20513916015625,187.00999450683594,84.64088439941406
2024-01-29,401.9110107421875,14.9399995803833,62.354164123535156,43.260616302490234,189.5840301513672,88.36428833007812,3.644855260848999,2.9800000190734863,161.25999450683594,164.634033203125,188.3300018310547,85.61563110351562
2024-01-30,400.8026123046875,14.529999732971191,62.66261672973633,42.3527717590332,185.93533325195312,85.47734832763672,3.4839138984680176,2.859999895095825,159.0,168.0081329345703,188.58999633789062,86.391845703125
2024-01-31,390.0024108886719,14.229999542236328,61.41783142089844,42.51066207885742,182.33607482910156,85.07058715820312,3.4081761837005615,2.7899999618530273,155.1999969482422,166.18765258789062,188.4499969482422,87.24021911621094
2024-02-01,396.0842590332031,14.34000015258789,62.91516876220703,42.78696060180664,184.76853942871094,84.93169403076172,3.398709297180176,2.7699999809265137,159.27999877929688,165.58717346191406,190.41000366210938,88.95153045654297
2024-02-02,403.3824768066406,14.5600004196167,66.04261779785156,42.03700256347656,183.7698516845703,85.7948226928711,3.3608405590057373,2.7100000381469727,171.80999755859375,166.54031372070312,188.61000061035156,86.98672485351562
2024-02-05,397.91864013671875,14.260000228881836,69.20899200439453,42.20475769042969,185.57936096191406,86.29084777832031,3.370307683944702,2.6600000858306885,170.30999755859375,166.3210906982422,187.57000732421875,85.2301254272461
2024-02-06,397.7615966796875,14.899999618530273,68.1019515991211,42.29877853393555,187.18121337890625,83.92970275878906,3.370307683944702,2.759999990463257,169.14999389648438,166.89295959472656,188.5500030517578,86.06314086914062
2024-02-07,406.1585388183594,14.90999984741211,69.97462463378906,42.33836364746094,187.28997802734375,84.49519348144531,3.3608405590057373,2.75,170.52999877929688,167.20748901367188,188.5,85.6466293334961
2024-02-08,406.2173767089844,14.949999809265137,69.51744079589844,42.061256408691406,186.21221923828125,84.20747375488281,3.4839138984680176,2.7899999618530273,169.83999633789062,166.60702514648438,188.3300018310547,85.1486587524414
2024-02-09,412.53460693359375,14.880000114440918,72.00502014160156,42.862892150878906,186.97457885742188,84.88209533691406,3.398709297180176,2.799999952316284,174.4499969482422,166.8071746826172,187.60000610351562,84.97660064697266
2024-02-12,407.3454284667969,14.930000305175781,72.11979675292969,43.57545852661133,185.29141235351562,85.02099609375,3.4271109104156494,2.809999942779541,172.33999633789062,167.5506134033203,187.11000061035156,85.07621002197266
2024-02-13,398.5758972167969,14.609999656677246,72.00001525878906,42.714439392089844,183.20236206054688,80.88401794433594,3.304037570953369,2.7100000381469727,168.63999938964844,166.09231567382812,184.52999877929688,83.61842346191406
2024-02-14,402.4281921386719,14.859999656677246,73.76889038085938,43.73380661010742,182.32119750976562,81.181640625,3.3324391841888428,2.7799999713897705,170.97999572753906,167.77935791015625,184.4199981689453,84.04399871826172
2024-02-15,399.5487976074219,14.899999618530273,72.5290756225586,43.595252990722656,182.03408813476562,80.98323059082031,3.322972059249878,2.859999895095825,169.8000030517578,171.43939208984375,185.66000366210938,84.47859954833984
2024-02-16,397.0919189453125,14.640000343322754,72.4841537475586,43.060829162597656,180.49948120117188,78.87010955810547,3.3608405590057373,2.7899999618530273,169.50999450683594,170.63873291015625,186.33999633789062,83.98966979980469
2024-02-20,395.84381103515625,14.699999809265137,69.32877349853516,44.060401916503906,179.7569580078125,80.0705337524414,3.304037570953369,2.690000057220459,167.0800018310547,171.30593872070312,187.47000122070312,84.06209564208984
2024-02-21,395.2442626953125,14.789999961853027,67.35228729248047,43.021244049072266,180.50938415527344,80.8443374633789,3.3419063091278076,2.7100000381469727,168.58999633789062,172.42108154296875,187.47999572753906,83.46451568603516
2024-02-22,404.55096435546875,15.239999771118164,78.3986587524414,42.53630065917969,182.53903198242188,85.22932434082031,3.389242172241211,2.6500000953674316,174.5800018310547,174.48941040039062,187.55999755859375,83.8719482421875
2024-02-23,403.2635803222656,15.130000114440918,78.67716217041016,42.54619598388672,180.7073974609375,85.318603515625,3.3513734340667725,2.569999933242798,174.99000549316406,175.36630249023438,188.6199951171875,84.99470520019531
2024-02-26,400.51190185546875,15.279999732971191,78.95167541503906,42.54619598388672,179.36090087890625,88.7511978149414,3.3419063091278076,2.609999895095825,174.72999572753906,174.7657928466797,188.1999969482422,84.74118041992188
2024-02-27,400.4529113769531,15.539999961853027,78.56136322021484,42.28887939453125,180.8162841796875,91.12226104736328,3.379774808883667,2.7100000381469727,173.5399932861328,174.85159301757812,188.0,84.14356994628906
2024-02-28,400.6887512207031,15.460000038146973,77.52520751953125,41.5565185546875,179.6183319091797,88.99922180175781,3.370307683944702,2.690000057220459,173.16000366210938,175.73800659179688,188.33999633789062,84.67779541015625
2024-02-29,406.5066833496094,15.680000305175781,78.97164154052734,42.60557556152344,178.95498657226562,89.89208221435547,3.3419063091278076,2.7799999713897705,176.75999450683594,177.33926391601562,189.30999755859375,85.27540588378906
2024-03-01,408.3346252441406,15.65999984741211,82.13301086425781,43.36763000488281,177.87582397460938,94.3961181640625,3.370307683944702,2.7799999713897705,178.22000122070312,176.60533142089844,192.88999938964844,85.80674743652344
2024-03-04,407.7646179199219,14.8100004196167,85.08576202392578,45.13915252685547,173.361083984375,95.01118469238281,3.4176435470581055,2.680000066757202,177.5800018310547,177.93019104003906,196.00999450683594,85.46156311035156
2024-03-05,395.7061767578125,14.670000076293945,85.81549835205078,42.714439392089844,168.43052673339844,93.72148895263672,3.3324391841888428,2.619999885559082,174.1199951171875,179.71255493164062,197.19000244140625,86.67871856689453
2024-03-06,395.1558837890625,14.880000114440918,88.54676818847656,44.05050277709961,167.44049072265625,94.80286407470703,3.4744465351104736,2.6700000762939453,173.50999450683594,180.64662170410156,198.80999755859375,87.18736267089844
2024-03-07,402.0843505859375,14.899999618530273,92.50892639160156,45.67357635498047,167.32164001464844,98.19576263427734,3.5028481483459473,2.7300000190734863,176.82000732421875,179.064453125,199.94000244140625,87.1056137084961
2024-03-08,399.2146301269531,14.680000305175781,87.37677764892578,43.54576873779297,169.03448486328125,96.84654235839844,3.4271109104156494,2.759999990463257,175.35000610351562,179.39801025390625,201.6300048828125,86.9511947631836
2024-03-11,397.5439453125,14.649999618530273,85.6258316040039,44.39689254760742,171.03445434570312,93.76118469238281,3.4365780353546143,3.059999942779541,171.9600067138672,179.46470642089844,202.0,86.90577697753906
2024-03-12,408.1183776855469,13.960000038146973,91.75421905517578,44.772972106933594,171.50962829589844,96.64812469482422,3.4649791717529297,3.0799999237060547,175.38999938964844,180.9420928955078,199.7899932861328,86.17915344238281
2024-03-13,407.9415283203125,14.0,90.73099517822266,42.78371810913086,169.43051147460938,93.41397094726562,3.4744465351104736,3.119999885559082,176.55999755859375,182.409912109375,201.19000244140625,85.76134490966797
2024-03-14,417.8869934082031,13.989999771118164,87.79208374023438,42.30867385864258,171.28196716308594,90.70559692382812,3.4649791717529297,3.069999933242798,178.75,179.15972900390625,200.35000610351562,84.44432067871094
2024-03-15,409.2387390136719,13.960000038146973,87.68526458740234,42.199806213378906,170.9057159423828,92.51116943359375,3.4933807849884033,2.8499999046325684,174.4199981689453,181.38052368164062,199.7100067138672,84.41703796386719
2024-03-18,410.1232604980469,14.109999656677246,88.30219268798828,42.26908874511719,171.99478149414062,93.03697204589844,3.2945706844329834,2.6500000953674316,174.47999572753906,183.62991333007812,200.02999877929688,84.16272735595703
2024-03-19,414.1426696777344,13.930000305175781,89.24356842041016,41.61589813232422,174.3313446044922,93.25523376464844,3.3324391841888428,2.4700000286102295,175.89999389648438,184.70697021484375,199.8000030517578,84.39888763427734
2024-03-20,417.8968200683594,14.569999694824219,90.21587371826172,41.76435089111328,176.89564514160156,95.48738861083984,3.398709297180176,2.619999885559082,178.14999389648438,187.12789916992188,202.17999267578125,84.37164306640625
2024-03-21,421.9654235839844,14.779999732971191,91.27703857421875,41.982078552246094,169.6681365966797,108.9796371459961,3.389242172241211,2.7799999713897705,178.14999389648438,189.7299346923828,201.97000122070312,84.55330657958984
2024-03-22,421.34625244140625,14.819999694824219,94.1261215209961,42.130531311035156,170.56907653808594,109.33677673339844,3.389242172241211,2.6700000762939453,178.8699951171875,187.40431213378906,200.35000610351562,85.36170196533203
2024-03-25,415.56768798828125,14.920000076293945,94.83788299560547,41.39817428588867,169.1533203125,116.20195007324219,3.3324391841888428,2.640000104904175,179.7100067138672,185.6886749267578,200.99000549316406,84.9347915649414
2024-03-26,414.3785400390625,14.920000076293945,92.4011001586914,41.5565185546875,168.02462768554688,117.85872650146484,3.3513734340667725,2.6600000858306885,178.3000030517578,186.55601501464844,201.63999938964844,85.17094421386719
2024-03-27,414.16229248046875,15.300000190734863,90.09410095214844,43.318145751953125,171.58885192871094,118.30516815185547,3.4081761837005615,2.75,179.8300018310547,190.16836547851562,203.10000610351562,86.01566314697266
2024-03-28,413.4645690917969,15.350000381469727,90.19992065429688,43.714012145996094,169.77703857421875,117.06883239746094,3.3513734340667725,2.759999990463257,180.3800048828125,190.91183471679688,205.72000122070312,85.94302368164062
2024-04-01,417.2481689453125,15.40999984741211,90.2069091796875,44.060401916503906,168.34146118164062,123.43418884277344,3.313505172729492,2.700000047683716,180.97000122070312,189.61557006835938,207.82000732421875,84.34090423583984
2024-04-02,414.1722106933594,14.399999618530273,89.29747772216797,43.486385345458984,167.16326904296875,121.89497375488281,3.313505172729492,2.799999952316284,180.69000244140625,189.53932189941406,210.88999938964844,83.87616729736328
2024-04-03,413.1992492675781,14.15999984741211,88.81031036376953,39.91366195678711,167.96519470214844,127.11833953857422,3.389242172241211,2.809999942779541,182.41000366210938,189.0055694580078,212.74000549316406,83.8579330444336
2024-04-04,410.6735534667969,13.829999923706055,85.756591796875,39.31985092163086,167.14346313476562,123.22564697265625,3.3419063091278076,2.880000114440918,180.0,187.56753540039062,211.52000427246094,84.45941162109375
2024-04-05,418.1817932128906,13.760000228881836,87.85597229003906,38.31038284301758,167.89588928222656,122.71920013427734,3.304037570953369,2.819999933242798,185.07000732421875,189.29318237304688,215.13999938964844,83.28379821777344
2024-04-08,417.26788330078125,13.899999618530273,86.98248291015625,37.58791732788086,166.77713012695312,122.09358978271484,3.2945706844329834,2.880000114440918,185.19000244140625,190.28062438964844,216.47999572753906,83.27468872070312
2024-04-09,418.9287414550781,13.949999809265137,85.20655059814453,37.934303283691406,167.98500061035156,121.77582550048828,3.313505172729492,3.0999999046325684,185.6699981689453,189.00555419921875,217.6699981689453,84.04932403564453
2024-04-10,415.9607849121094,13.40999984741211,86.8886489868164,36.81597137451172,166.1138153076172,121.34881591796875,3.2377676963806152,3.0999999046325684,185.9499969482422,187.39495849609375,215.61000061035156,82.21760559082031
2024-04-11,420.55023193359375,13.619999885559082,90.45945739746094,37.24153137207031,173.3016815185547,126.62183380126953,3.2377676963806152,3.190000057220459,189.0500030517578,187.35658264160156,219.8000030517578,81.8439712524414
2024-04-12,414.62420654296875,13.149999618530273,88.03365325927734,35.321556091308594,174.79672241210938,121.66658020019531,3.1525628566741943,3.049999952316284,186.1300048828125,175.23880004882812,216.88999938964844,82.28141021728516
2024-04-15,406.5066833496094,12.9399995803833,85.8524169921875,35.935157775878906,170.9750213623047,120.52459716796875,3.124161720275879,2.759999990463257,183.6199951171875,175.33465576171875,220.9499969482422,81.00555419921875
2024-04-16,407.43048095703125,13.029999732971191,87.26399993896484,35.88566970825195,167.6978759765625,120.92180633544922,3.1525628566741943,2.7300000190734863,183.32000732421875,173.33099365234375,221.22000122070312,80.46790313720703
2024-04-17,404.7377014160156,13.890000343322754,83.88983154296875,35.31166076660156,166.3316192626953,115.51970672607422,3.1525628566741943,2.759999990463257,181.27999877929688,172.6407470703125,219.58999633789062,81.36096954345703
2024-04-18,397.29827880859375,14.020000457763672,84.52471923828125,34.67826843261719,165.38111877441406,111.15035247802734,3.2661688327789307,2.7899999618530273,179.22000122070312,173.76239013671875,220.33999633789062,80.95089721679688
2024-04-19,392.2370910644531,14.109999656677246,76.06836700439453,33.84693908691406,163.3614044189453,106.02627563476562,3.3324391841888428,2.75,174.6300048828125,178.12442016601562,221.02999877929688,81.24248504638672
2024-04-22,394.0453186035156,14.529999732971191,79.3806381225586,34.054771423339844,164.19305419921875,108.35991668701172,3.536583423614502,2.799999952316284,177.22999572753906,181.5852813720703,215.57000732421875,81.10582733154297
2024-04-23,400.5413818359375,14.229999542236328,82.28060913085938,33.92611312866211,165.24252319335938,111.6766586303711,3.5269994735717773,2.890000104904175,179.5399932861328,184.20252990722656,215.0399932861328,81.13314056396484
2024-04-24,402.00567626953125,13.920000076293945,79.53935241699219,34.14384078979492,167.34146118164062,111.00138854980469,3.498246431350708,2.869999885559082,176.58999633789062,185.10369873046875,214.63999938964844,80.55902099609375
2024-04-25,392.1584167480469,14.130000114440918,82.48926544189453,34.74754333496094,168.2028350830078,110.80279541015625,3.4886622428894043,2.7799999713897705,173.6699981689453,185.38169860839844,215.9199981689453,79.9940185546875
2024-04-26,399.3129577636719,13.880000114440918,87.58344268798828,31.55088996887207,167.61868286132812,114.04007720947266,3.498246431350708,2.8299999237060547,179.6199951171875,185.49676513671875,216.6199951171875,80.41320037841797
2024-04-29,395.3130798339844,13.979999542236328,87.60541534423828,31.036258697509766,171.7769775390625,113.56343078613281,3.5269994735717773,2.859999895095825,180.9600067138672,185.29542541503906,216.17999267578125,81.08758544921875
2024-04-30,382.61590576171875,13.510000228881836,86.25273895263672,30.155445098876953,168.63845825195312,112.17317199707031,3.498246431350708,2.7899999618530273,175.0,183.81906127929688,211.8699951171875,80.39497375488281
2024-05-01,388.1291198730469,13.579999923706055,82.89754486083984,30.05647850036621,167.61868286132812,108.93588256835938,3.498246431350708,2.8399999141693115,179.0,183.93409729003906,213.7899932861328,80.98760223388672
2024-05-02,390.97918701171875,13.859999656677246,85.66875457763672,30.195032119750977,171.3116455078125,111.54756927490234,3.5174150466918945,2.9200000762939453,184.72000122070312,183.74237060546875,213.1300048828125,81.33509826660156
2024-05-03,399.6471252441406,13.850000381469727,88.63561248779297,30.581005096435547,181.5588836669922,113.90105438232422,3.536583423614502,2.930000066757202,186.2100067138672,182.63986206054688,212.9600067138672,82.15811920166016
2024-05-06,406.4084167480469,14.649999618530273,91.98082733154297,30.774776458740234,179.9054718017578,119.29322814941406,3.565336227416992,3.009999990463257,188.6999969482422,184.0683135986328,215.1999969482422,82.47821807861328
2024-05-07,402.28082275390625,14.25,90.39757537841797,30.486604690551758,180.58859252929688,118.379638671875,3.5845046043395996,2.890000104904175,188.75999450683594,183.82864379882812,214.2100067138672,82.98119354248047
2024-05-08,403.460205078125,14.420000076293945,90.25581359863281,29.81089210510254,180.92523193359375,118.48887634277344,3.574920415878296,2.859999895095825,188.0,187.56753540039062,213.5800018310547,82.47821807861328
2024-05-09,405.2094421386719,14.479999542236328,88.59368896484375,29.90032386779785,182.73704528808594,116.98938751220703,3.565336227416992,2.990000009536743,189.5,189.3411102294922,216.9499969482422,82.8805923461914
2024-05-10,407.5877380371094,14.399999618530273,89.72273254394531,29.66183853149414,181.4779510498047,120.39549255371094,3.565336227416992,2.9000000953674316,187.47999572753906,190.5586395263672,218.7100067138672,82.41419982910156
2024-05-13,406.5853576660156,14.930000305175781,90.24283599853516,30.317676544189453,184.68020629882812,122.14324188232422,3.6324257850646973,3.0999999046325684,186.57000732421875,190.52027893066406,216.25999450683594,82.62451171875
2024-05-14,409.3763732910156,15.1899995803833,91.19817352294922,30.854272842407227,185.8203125,123.94063568115234,3.7666051387786865,3.4700000286102295,187.07000732421875,193.18544006347656,218.08999633789062,83.09092712402344
2024-05-15,416.5337829589844,14.9399995803833,94.4665298461914,31.072887420654297,188.09066772460938,126.91973876953125,3.709099531173706,3.2300000190734863,185.99000549316406,193.76063537597656,220.88999938964844,84.22488403320312
2024-05-16,414.4761962890625,14.789999961853027,94.19599914550781,31.828094482421875,188.2096405029297,126.99918365478516,3.718683958053589,3.0299999713897705,183.6300048828125,194.10580444335938,220.02999877929688,84.14258575439453
2024-05-17,413.7082214355469,14.729999542236328,92.3192367553711,31.629356384277344,188.2393798828125,124.41728973388672,3.747436761856079,2.940000057220459,184.6999969482422,196.32994079589844,223.66000366210938,83.5755844116211
2024-05-20,418.75885009765625,14.520000457763672,94.61625671386719,31.897653579711914,189.39932250976562,128.1014404296875,3.6515939235687256,3.009999990463257,183.5399932861328,187.50042724609375,224.55999755859375,83.32868957519531
2024-05-21,422.40167236328125,14.029999732971191,95.22122192382812,31.5399227142334,190.69808959960938,126.61188507080078,3.680346727371216,2.9600000381469727,183.14999389648438,191.2776641845703,224.22999572753906,83.75849914550781
2024-05-22,423.85870361328125,14.100000381469727,94.78597259521484,31.221940994262695,189.26051330566406,125.400390625,3.785773515701294,2.9800000190734863,183.1300048828125,190.11764526367188,220.11000061035156,83.8591079711914
2024-05-23,420.39324951171875,13.819999694824219,103.61969757080078,29.8903865814209,185.27508544921875,125.39045715332031,3.6899309158325195,2.8399999141693115,181.0500030517578,188.78504943847656,215.72000122070312,83.31954956054688
2024-05-24,423.5043029785156,13.84000015258789,106.28506469726562,30.526351928710938,188.34844970703125,128.58804321289062,3.6899309158325195,2.880000114440918,180.75,192.41851806640625,215.9199981689453,83.56645202636719
2024-05-28,423.661865234375,13.4399995803833,113.70423889160156,30.86421012878418,188.35836791992188,131.74588012695312,3.709099531173706,2.8499999046325684,182.14999389648438,191.2584686279297,218.19000244140625,82.36845397949219
2024-05-29,422.5296630859375,11.619999885559082,114.62663269042969,29.94007110595703,188.65576171875,130.66346740722656,3.603672981262207,2.75,182.02000427246094,189.92588806152344,216.16000366210938,81.37167358398438
2024-05-30,408.25396728515625,11.4399995803833,110.30909729003906,29.99969482421875,189.6471710205078,125.41032409667969,3.6899309158325195,2.7899999618530273,179.32000732421875,191.09548950195312,216.57000732421875,82.15811920166016
2024-05-31,408.7068786621094,11.5,109.44361114501953,30.655534744262695,190.59893798828125,124.12930297851562,3.7378525733947754,2.7899999618530273,176.44000244140625,194.25917053222656,215.3000030517578,82.71597290039062
2024-06-03,407.1217346191406,11.529999732971191,114.80135345458984,30.099063873291016,192.36366271972656,127.2772445678711,3.785773515701294,2.7899999618530273,178.33999633789062,193.48265075683594,217.22000122070312,84.05386352539062
2024-06-04,409.6322937011719,11.5,116.23584747314453,29.8407039642334,192.68089294433594,125.75788116455078,3.7761893272399902,2.7100000381469727,179.33999633789062,190.93251037597656,215.27000427246094,85.03572845458984
2024-06-05,417.4494934082031,11.619999885559082,122.2284927368164,30.585975646972656,194.18785095214844,132.7786407470703,3.8145265579223633,2.7899999618530273,181.27999877929688,189.11102294921875,217.82000732421875,85.65969848632812
2024-06-06,417.95159912109375,11.430000305175781,120.78897857666016,30.22824478149414,192.80978393554688,129.16400146484375,3.785773515701294,2.809999942779541,185.0,188.77548217773438,219.42999267578125,85.5312271118164
2024-06-07,417.2919616699219,11.5,120.67916870117188,30.546226501464844,195.1990966796875,130.02792358398438,3.747436761856079,2.680000066757202,184.3000030517578,191.68988037109375,211.60000610351562,83.96209716796875
2024-06-10,421.24969482421875,11.489999771118164,121.5796127319336,30.71515464782715,191.4614715576172,133.8809356689453,3.680346727371216,2.7300000190734863,187.05999755859375,191.36395263671875,213.5399932861328,83.40235137939453
2024-06-11,425.9853210449219,11.279999732971191,120.7110595703125,30.7250919342041,205.37098693847656,134.12918090820312,3.642009973526001,2.759999990463257,187.22999572753906,186.33082580566406,214.14999389648438,84.26493835449219
2024-06-12,434.2356872558594,11.5,124.99398803710938,30.56610107421875,211.24014282226562,139.7696075439453,3.6515939235687256,2.7699999809265137,186.88999938964844,183.6177215576172,214.72000122070312,84.89805603027344
2024-06-13,434.7475891113281,11.4399995803833,129.39674377441406,30.26799201965332,212.40008544921875,142.14295959472656,3.5557520389556885,2.5199999809265137,183.8300018310547,185.6597442626953,212.97000122070312,86.14602661132812
2024-06-14,435.7223205566406,11.279999732971191,131.66297912597656,30.258056640625,210.66510009765625,140.37533569335938,3.469494104385376,2.3399999141693115,183.66000366210938,185.7747802734375,215.72999572753906,86.87095642089844
2024-06-17,441.4325256347656,11.4399995803833,130.7644805908203,30.784713745117188,214.80923461914062,146.80027770996094,3.536583423614502,2.299999952316284,184.05999755859375,186.92520141601562,214.61000061035156,86.00840759277344
2024-06-18,439.4339904785156,11.279999732971191,135.35691833496094,30.436920166015625,212.4496612548828,152.3811492919922,3.5269994735717773,2.2899999618530273,182.80999755859375,188.8617401123047,215.47000122070312,86.79753875732422
2024-06-20,438.80389404296875,11.239999771118164,130.56480407714844,30.426984786987305,207.87924194335938,143.18563842773438,3.5078306198120117,2.319999933242798,186.10000610351562,190.4627685546875,218.16000366210938,86.21945190429688
2024-06-21,442.8207092285156,11.199999809265137,126.36172485351562,30.894020080566406,205.70806884765625,138.56802368164062,3.5269994735717773,2.299999952316284,189.0800018310547,188.19068908691406,214.77999877929688,86.21945190429688
2024-06-24,440.743408203125,11.15999984741211,117.91564178466797,30.37729835510254,206.3524627685547,138.04171752929688,3.574920415878296,2.259999990463257,185.57000732421875,190.66409301757812,215.6300048828125,86.56816101074219
2024-06-25,443.9726867675781,11.130000114440918,125.88251495361328,30.546226501464844,207.2744903564453,140.1370086669922,3.574920415878296,2.240000009536743,186.33999633789062,189.88754272460938,214.55999755859375,86.7149658203125
2024-06-26,445.16387939453125,11.119999885559082,126.19200897216797,30.347488403320312,211.41860961914062,141.36837768554688,3.5174150466918945,2.2100000381469727,193.61000061035156,189.2739715576172,212.5800018310547,85.47618865966797
2024-06-27,445.84320068359375,11.279999732971191,123.78597259521484,30.397172927856445,212.2613067626953,131.3089599609375,3.574920415878296,2.450000047683716,197.85000610351562,190.94210815429688,214.99000549316406,85.81568145751953
2024-06-28,440.0345153808594,11.329999923706055,123.33672332763672,30.774776458740234,208.8111572265625,130.6138153076172,3.6228415966033936,2.4800000190734863,193.25,193.90444946289062,215.00999450683594,84.21903991699219
2024-07-01,449.6632080078125,11.039999961853027,124.0954818725586,30.645597457885742,214.8885498046875,130.60389709472656,3.7282683849334717,2.4200000762939453,197.1999969482422,196.9626922607422,215.57000732421875,82.7655258178711
2024-07-02,452.1737365722656,11.050000190734863,122.46814727783203,30.874147415161133,218.3782958984375,131.6664581298828,3.7282683849334717,2.450000047683716,200.0,200.2030487060547,215.55999755859375,83.4098892211914
2024-07-03,453.6406555175781,11.119999885559082,128.0689239501953,31.033138275146484,219.64730834960938,135.8669891357422,3.6899309158325195,2.490000009536743,197.58999633789062,200.06884765625,217.99000549316406,84.50532531738281
2024-07-05,460.32562255859375,11.039999961853027,125.62294006347656,31.818159103393555,224.3961944580078,130.683349609375,3.7378525733947754,2.5,200.0,197.41783142089844,220.92999267578125,85.20494842529297
2024-07-08,459.0260314941406,10.930000305175781,127.9890365600586,33.77574157714844,225.8634796142578,129.89320373535156,3.7282683849334717,2.430000066757202,199.2899932861328,197.78416442871094,218.19000244140625,85.38905334472656
2024-07-09,452.4297180175781,10.979999542236328,131.163818359375,34.3719596862793,226.71607971191406,130.34043884277344,3.6995153427124023,2.4200000762939453,199.33999633789062,200.1555938720703,218.55999755859375,85.0116195678711
2024-07-10,459.035888671875,11.149999618530273,134.68800354003906,34.65019226074219,230.97914123535156,135.5584259033203,3.7953577041625977,2.4200000762939453,199.7899932861328,200.31947326660156,219.36000061035156,85.27857208251953
2024-07-11,447.66461181640625,10.729999542236328,127.19037628173828,33.2888298034668,225.61561584472656,129.43597412109375,3.7761893272399902,2.4800000190734863,195.0500030517578,199.98207092285156,223.25,86.1070556640625
2024-07-12,446.53240966796875,10.680000305175781,129.02734375,34.27259063720703,228.5601043701172,132.7357635498047,3.824110507965088,2.5,194.49000549316406,197.56243896484375,223.11000061035156,86.47528076171875
2024-07-15,446.93603515625,10.630000114440918,128.22865295410156,34.242774963378906,232.386962890625,130.07205200195312,3.757021188735962,2.509999990463257,192.72000122070312,202.4884796142578,223.8300018310547,85.48109436035156
2024-07-16,442.5647277832031,11.1899995803833,126.15206909179688,34.12353515625,232.80337524414062,126.71269989013672,3.718683958053589,2.559999942779541,193.02000427246094,205.92996215820312,228.2899932861328,86.68700408935547
2024-07-17,436.6575927734375,11.010000228881836,117.79583740234375,34.242774963378906,226.91436767578125,118.77141571044922,3.7378525733947754,2.490000009536743,187.92999267578125,209.06295776367188,227.22999572753906,86.7054214477539
2024-07-18,433.5563659667969,10.619999885559082,120.89073944091797,34.65019226074219,222.25473022460938,116.73390197753906,3.469494104385376,2.4100000858306885,183.75,202.42100524902344,225.77999877929688,86.04263305664062
2024-07-19,430.34674072265625,10.579999923706055,117.73595428466797,32.7721061706543,222.38360595703125,113.5633544921875,3.498246431350708,2.4200000762939453,183.1300048828125,202.2281951904297,221.72999572753906,85.53633117675781
2024-07-22,436.0865478515625,10.6899995803833,123.33672332763672,33.15964889526367,222.03662109375,114.57714080810547,3.5845046043395996,2.4200000762939453,182.5500030517578,202.71018981933594,221.8000030517578,85.28778076171875
2024-07-23,437.9670715332031,10.479999542236328,122.38827514648438,32.7422981262207,223.0775909423828,113.55343627929688,3.5864381790161133,2.4700000286102295,186.41000366210938,202.7583770751953,222.5800018310547,85.16809844970703
2024-07-24,422.2638244628906,10.170000076293945,114.06199645996094,31.50017547607422,216.66314697265625,109.60762786865234,3.5477700233459473,2.4000000953674316,180.8300018310547,201.0810089111328,221.8000030517578,84.2475814819336
2024-07-25,411.9262390136719,10.600000381469727,112.0952377319336,30.90395736694336,215.6221923828125,106.79487609863281,3.702441453933716,2.4100000858306885,179.85000610351562,201.15814208984375,218.3300018310547,84.93799591064453
2024-07-26,418.6899719238281,10.619999885559082,112.87395477294922,31.152381896972656,216.08815002441406,108.742919921875,3.7121081352233887,2.4800000190734863,182.5,204.59963989257812,220.6300048828125,85.60076904296875
2024-07-29,420.1274108886719,10.430000305175781,111.40637969970703,30.63566017150879,216.36573791503906,107.19243621826172,3.7121081352233887,2.4100000858306885,183.1999969482422,203.2596893310547,220.32000732421875,86.06101989746094
2024-07-30,416.3763122558594,10.760000228881836,103.5593032836914,29.94007110595703,216.9209442138672,101.9346923828125,3.7894439697265625,2.4000000953674316,181.7100067138672,207.44345092773438,222.52000427246094,86.3924331665039
2024-07-31,411.8770446777344,10.640000343322754,116.82742309570312,30.546226501464844,220.17276000976562,109.15043640136719,3.7894439697265625,2.4200000762939453,186.97999572753906,205.1394805908203,226.5500030517578,87.27613830566406
2024-08-01,410.65618896484375,10.140000343322754,109.03028869628906,28.866878509521484,216.48472595214844,100.89109802246094,3.8184447288513184,2.299999952316284,184.07000732421875,200.47372436523438,225.77000427246094,88.02887725830078
2024-08-02,402.1695556640625,9.630000114440918,107.09347534179688,21.3445987701416,217.97183227539062,92.13481140136719,3.7217750549316406,2.2200000286102295,167.89999389648438,191.97120666503906,225.33999633789062,90.7719955444336
2024-08-05,389.0359802246094,9.279999732971191,100.28472137451172,19.983234405517578,207.47279357910156,89.86870574951172,3.605771780014038,2.1600000858306885,161.02000427246094,187.88381958007812,222.47999572753906,91.25226593017578
2024-08-06,393.4270324707031,9.3100004196167,104.07846069335938,19.704999923706055,205.45028686523438,88.45736694335938,3.5864381790161133,2.1600000858306885,161.92999267578125,193.12802124023438,220.6999969482422,89.21109771728516
2024-08-07,392.2652893066406,9.260000228881836,98.74724578857422,18.989999771118164,208.01806640625,86.27079010009766,3.605771780014038,2.109999895095825,162.77000427246094,193.1858673095703,220.5500030517578,88.58305358886719
2024-08-08,396.4593505859375,9.890000343322754,104.79727172851562,20.489999771118164,211.4780731201172,91.5086441040039,3.663773536682129,2.180000066757202,165.8000030517578,196.714111328125,224.00999450683594,88.0381088256836
2024-08-09,399.73779296875,9.859999656677246,104.57763671875,19.709999084472656,214.3829345703125,92.51250457763672,3.6831071376800537,2.1700000762939453,166.94000244140625,198.39146423339844,224.55999755859375,88.90631103515625
2024-08-12,400.5155944824219,9.609999656677246,108.84061431884766,19.360000610351562,215.9114532470703,94.06298065185547,3.702441453933716,2.1600000858306885,166.8000030517578,198.76744079589844,228.41000366210938,89.22956848144531
2024-08-13,407.60418701171875,9.8100004196167,115.94889068603516,20.469999313354492,219.62364196777344,96.84590911865234,3.8087778091430664,2.2699999809265137,170.22999572753906,200.45440673828125,228.05999755859375,89.84837341308594
2024-08-14,410.4100646972656,9.739999771118164,117.88571166992188,19.920000076293945,220.07028198242188,99.79780578613281,3.8474457263946533,2.2300000190734863,170.10000610351562,202.671630859375,226.1999969482422,90.41178131103516
2024-08-15,415.2626953125,10.09000015258789,122.6578369140625,20.690000534057617,223.04795837402344,106.29793548583984,3.9344482421875,2.3299999237060547,177.58999633789062,203.93447875976562,226.91000366210938,89.68214416503906
2024-08-16,412.7377624511719,10.050000190734863,124.37499237060547,20.8700008392334,224.3680877685547,107.33158874511719,3.905447244644165,2.3499999046325684,177.05999755859375,206.26736450195312,231.99000549316406,89.99615478515625
2024-08-19,415.7558288574219,10.3100004196167,129.7860870361328,21.520000457763672,224.20925903320312,107.96768188476562,4.021450042724609,2.390000104904175,178.22000122070312,207.69407653808594,231.61000061035156,90.41178131103516
2024-08-20,418.9810485839844,10.289999961853027,127.04061126708984,20.989999771118164,224.82464599609375,107.33158874511719,4.011784076690674,2.380000114440918,178.8800048828125,206.7975616455078,232.4600067138672,91.13219451904297
2024-08-21,418.33013916015625,10.399999618530273,128.28855895996094,21.40999984741211,224.71546936035156,107.66952514648438,4.021450042724609,2.430000066757202,180.11000061035156,206.8746795654297,232.14999389648438,91.1876220703125
2024-08-22,409.85772705078125,10.140000343322754,123.53638458251953,20.100000381469727,222.85939025878906,103.62432861328125,3.9731156826019287,2.369999885559082,176.1300048828125,208.8316192626953,229.3699951171875,90.28248596191406
2024-08-23,411.080810546875,10.390000343322754,129.15713500976562,20.540000915527344,225.1521759033203,102.22291564941406,4.0311174392700195,2.4200000762939453,177.0399932861328,210.45111083984375,232.02000427246094,90.87357330322266
2024-08-26,407.8259582519531,10.210000038146973,126.25189971923828,20.1299991607666,225.4896697998047,98.30695343017578,4.0407843589782715,2.359999895095825,175.5,211.28016662597656,232.75999450683594,90.64266967773438
2024-08-27,408.17120361328125,10.170000076293945,128.0889129638672,20.06999969482422,226.33334350585938,97.26334381103516,4.079452037811279,2.319999933242798,173.1199951171875,212.25381469726562,233.38999938964844,90.48564910888672
2024-08-28,404.9755859375,10.149999618530273,125.40331268310547,19.610000610351562,224.80479431152344,94.28164672851562,4.050451278686523,2.319999933242798,170.8000030517578,213.3238525390625,231.75,90.37484741210938
2024-08-29,407.4610595703125,10.390000343322754,117.39649200439453,20.1299991607666,228.0802459716797,94.98731994628906,4.3307929039001465,2.3499999046325684,172.1199951171875,214.2107391357422,232.9499969482422,90.07929229736328
2024-08-30,411.4259948730469,10.619999885559082,119.173583984375,22.040000915527344,227.29612731933594,95.6532211303711,4.311458587646484,2.3499999046325684,178.5,216.70750427246094,231.2899932861328,89.11872863769531
2024-09-03,403.83148193359375,10.600000381469727,107.8222885131836,20.100000381469727,221.11248779296875,88.03993225097656,4.234123706817627,2.259999990463257,176.25,212.36949157714844,230.2899932861328,90.57630157470703
2024-09-04,403.298828125,10.630000114440918,106.03522491455078,19.43000030517578,219.20675659179688,88.74559783935547,4.234123706817627,2.2799999713897705,173.3300018310547,211.4344024658203,230.42999267578125,91.74383544921875
2024-09-05,402.79583740234375,10.800000190734863,107.03358459472656,19.399999618530273,220.7253875732422,88.84500122070312,4.185789108276367,2.299999952316284,177.88999938964844,209.7956085205078,232.35000610351562,92.26272583007812
2024-09-06,396.197509765625,10.800000190734863,102.66079711914062,18.889999389648438,219.17698669433594,85.85334777832031,4.098785877227783,2.25,171.38999938964844,204.81170654296875,230.6300048828125,92.25346374511719
2024-09-09,400.1624450683594,11.220000267028809,106.2947998046875,19.06999969482422,219.2663116455078,85.74400329589844,4.1181206703186035,2.3499999046325684,175.39999389648438,209.00511169433594,231.60000610351562,92.65189361572266
2024-09-10,408.5262756347656,10.989999771118164,107.92211151123047,18.979999542236328,218.47227478027344,86.32048034667969,4.050451278686523,2.380000114440918,179.5500030517578,198.1601104736328,232.6199951171875,93.30052947998047
2024-09-11,417.2451171875,10.770000457763672,116.71762084960938,19.639999389648438,221.00331115722656,90.09732055664062,4.050451278686523,2.450000047683716,184.52000427246094,199.77000427246094,232.25,93.22640228271484
2024-09-12,421.15093994140625,10.880000114440918,118.95413208007812,19.360000610351562,221.11248779296875,86.67827606201172,4.060118675231934,2.4700000286102295,187.0,199.16265869140625,236.3300018310547,92.79090118408203
2024-09-13,424.6917419433594,10.6899995803833,118.9141845703125,19.65999984741211,220.844482421875,90.6638412475586,4.060118675231934,2.4800000190734863,186.49000549316406,196.96475219726562,238.67999267578125,93.04109191894531
2024-09-16,425.43145751953125,10.8100004196167,116.59780883789062,20.90999984741211,214.71047973632812,86.6484603881836,4.069786071777344,2.4000000953674316,184.88999938964844,200.37730407714844,238.66000366210938,93.89356994628906
2024-09-17,429.1893310546875,11.170000076293945,115.40966796875,21.469999313354492,215.17697143554688,88.18902587890625,4.050451278686523,2.4200000762939453,186.8800048828125,201.71725463867188,237.33999633789062,93.43951416015625
2024-09-18,424.9087219238281,11.029999732971191,113.19312286376953,20.770000457763672,219.04794311523438,86.81742858886719,4.050451278686523,2.380000114440918,186.42999267578125,200.05918884277344,235.50999450683594,92.28125
2024-09-19,432.6807556152344,11.109999656677246,117.68611145019531,21.139999389648438,227.16709899902344,88.70584106445312,4.108453273773193,2.4200000762939453,189.8699951171875,202.90298461914062,239.1699981689453,91.97549438476562
2024-09-20,429.3076477050781,11.010000228881836,115.81903076171875,21.84000015258789,226.50205993652344,90.34577941894531,4.137454032897949,2.380000114440918,191.60000610351562,203.4910430908203,242.2100067138672,91.62335968017578
2024-09-23,427.5717468261719,10.979999542236328,116.07862854003906,22.559999465942383,224.78497314453125,92.99950408935547,4.166454792022705,2.440000057220459,193.8800048828125,203.8284454345703,242.67999267578125,91.42877197265625
2024-09-24,423.2911682128906,11.039999961853027,120.68143463134766,22.809999465942383,225.67825317382812,93.42688751220703,4.253457069396973,2.450000047683716,193.9600067138672,203.97303771972656,246.07000732421875,91.41023254394531
2024-09-25,426.19085693359375,11.0,123.31730651855469,23.540000915527344,224.68568420410156,95.18608856201172,4.214789867401123,2.390000104904175,192.52999877929688,202.6234588623047,245.72999572753906,90.65044403076172
2024-09-26,425.40185546875,11.789999961853027,123.84647369384766,23.920000076293945,225.8271484375,109.21006774902344,4.214789867401123,2.5399999618530273,191.16000366210938,202.2281951904297,246.97999572753906,90.8635482788086
2024-09-27,422.15692138671875,11.5600004196167,121.21060180664062,23.90999984741211,226.09510803222656,106.8445816040039,4.224456787109375,2.5199999809265137,187.97000122070312,202.9222869873047,245.02000427246094,91.33612060546875
2024-09-30,424.40570068359375,11.239999771118164,121.25054931640625,23.459999084472656,231.26637268066406,103.07768249511719,4.224456787109375,2.619999885559082,186.3300018310547,203.2693328857422,243.05999755859375,90.90060424804688
2024-10-01,414.9273681640625,10.899999618530273,116.81745910644531,22.690000534057617,224.52688598632812,99.69840240478516,4.205122470855713,2.430000066757202,185.1300048828125,199.5868377685547,245.61000061035156,91.55691528320312
2024-10-02,411.4161376953125,10.739999771118164,118.66458129882812,22.389999389648438,225.09263610839844,99.24121856689453,4.243790626525879,2.430000066757202,184.75999450683594,199.82781982421875,245.66000366210938,90.78534698486328
2024-10-03,410.8341979980469,10.819999694824219,122.65834045410156,22.260000228881836,223.99087524414062,101.19920349121094,4.205122470855713,2.319999933242798,181.9600067138672,197.8419952392578,245.49000549316406,89.93009948730469
2024-10-04,410.3607482910156,11.510000228881836,124.72510528564453,22.59000015258789,225.11248779296875,101.6265869140625,4.205122470855713,2.359999895095825,186.50999450683594,204.8641357421875,245.0,88.82388305664062
2024-10-07,403.93011474609375,11.529999732971191,127.52074432373047,22.3799991607666,220.04049682617188,102.3977279663086,4.185789108276367,2.3499999046325684,180.8000030517578,204.5828399658203,244.1699981689453,88.1545639038086
2024-10-08,409.029296875,11.920000076293945,132.68267822265625,23.31999969482422,224.0901641845703,102.02957153320312,4.253457069396973,2.3399999141693115,182.72000122070312,204.4082794189453,242.3699951171875,88.30329132080078
2024-10-09,411.7415771484375,11.930000305175781,132.44305419921875,23.459999084472656,227.83209228515625,101.1937484741211,4.3211259841918945,2.4100000858306885,185.1699981689453,206.9979248046875,241.0500030517578,87.80130004882812
2024-10-10,410.1437683105469,11.760000228881836,134.5996856689453,23.219999313354492,227.3358154296875,105.16387939453125,4.263123989105225,2.4200000762939453,186.64999389648438,206.43536376953125,242.82000732421875,87.45735168457031
2024-10-11,410.6172180175781,11.789999961853027,134.5897216796875,23.559999465942383,225.85691833496094,106.38775634765625,4.214789867401123,2.490000009536743,188.82000732421875,215.60101318359375,245.47000122070312,87.10409545898438
2024-10-14,413.3985900878906,11.869999885559082,137.85458374023438,23.440000534057617,229.57899475097656,107.80068969726562,4.253457069396973,2.490000009536743,187.5399932861328,214.8153839111328,245.07000732421875,87.16915893554688
2024-10-15,413.0040283203125,12.029999732971191,131.3946990966797,22.65999984741211,232.11004638671875,103.80071258544922,4.263123989105225,2.490000009536743,187.69000244140625,215.69802856445312,245.9199981689453,88.22891235351562
2024-10-16,410.41998291015625,12.890000343322754,135.50827026367188,22.309999465942383,230.05543518066406,108.69620513916016,4.311458587646484,2.5999999046325684,186.88999938964844,216.910400390625,247.14999389648438,88.60076141357422
2024-10-17,411.0117492675781,12.8100004196167,136.71636962890625,22.440000534057617,230.42266845703125,111.49222564697266,4.195456027984619,2.5799999237060547,187.52999877929688,217.66690063476562,248.6300048828125,87.19707489013672
2024-10-18,412.4320068359375,13.09000015258789,137.7847137451172,22.770000457763672,233.25146484375,110.59671020507812,4.591800689697266,2.559999942779541,188.99000549316406,218.58831787109375,251.27000427246094,87.26213836669922
2024-10-21,413.0434875488281,12.970000267028809,143.48580932617188,22.84000015258789,234.720458984375,108.5370101928711,4.630468368530273,2.5799999237060547,189.07000732421875,216.28964233398438,251.22000122070312,85.73756408691406
2024-10-22,421.6539001464844,12.960000038146973,143.365966796875,22.399999618530273,234.10508728027344,107.28327941894531,4.584718227386475,2.5999999046325684,189.6999969482422,217.3759307861328,253.92999267578125,85.82124328613281
2024-10-23,418.7838134765625,12.829999923706055,139.34230041503906,21.979999542236328,229.0430145263672,104.5270767211914,4.555516242980957,2.4700000286102295,184.7100067138672,216.68731689453125,250.8699951171875,85.58885192871094
2024-10-24,418.9120178222656,12.779999732971191,140.1909637451172,22.34000015258789,228.8544464111328,106.318115234375,4.6723246574401855,2.4200000762939453,186.3800048828125,218.21005249023438,252.8000030517578,86.13731384277344
2024-10-25,422.28515625,13.149999618530273,141.31918334960938,22.68000030517578,229.68817138671875,107.37284088134766,4.643122673034668,2.390000104904175,187.8300018310547,215.6204071044922,253.32000732421875,85.65390014648438
2024-10-28,420.7464904785156,13.600000381469727,140.30075073242188,22.920000076293945,231.6633758544922,105.86039733886719,4.818334579467773,2.4100000858306885,188.38999938964844,218.7144012451172,253.3300018310547,85.42150115966797
2024-10-29,426.0331726074219,13.819999694824219,141.02964782714844,22.899999618530273,231.93136596679688,107.64149475097656,4.720994472503662,2.4200000762939453,190.8300018310547,216.19265747070312,256.0899963378906,85.55166625976562
2024-10-30,426.60516357421875,13.9399995803833,139.12261962890625,22.299999237060547,228.38792419433594,103.56190490722656,4.652856349945068,2.3399999141693115,192.72999572753906,217.65721130371094,257.5,85.80265045166016
2024-10-31,400.7838134765625,13.399999618530273,132.55287170410156,21.520000457763672,224.22911071777344,99.1539535522461,4.584718227386475,2.259999990463257,186.39999389648438,215.2421417236328,253.50999450683594,85.94208526611328
2024-11-01,404.7486877441406,13.539999961853027,135.18875122070312,23.200000762939453,221.25144958496094,99.23355102539062,4.604186534881592,2.2699999809265137,197.92999267578125,216.2314453125,252.47000122070312,84.73045349121094
2024-11-04,402.8648376464844,12.989999771118164,135.83773803710938,22.520000457763672,220.35812377929688,101.22358703613281,4.545782566070557,2.25,195.77999877929688,213.16651916503906,252.8300018310547,86.04561614990234
2024-11-05,405.82373046875,13.1899995803833,139.69174194335938,23.31999969482422,221.78741455078125,104.96488189697266,4.584718227386475,2.299999952316284,199.5,214.82510375976562,253.39999389648438,86.50267791748047
2024-11-06,414.42431640625,14.0,145.38282775878906,25.049999237060547,221.06283569335938,111.27332305908203,4.458176136016846,2.2899999618530273,207.08999633789062,239.62564086914062,245.6999969482422,84.13349914550781
2024-11-07,419.6023864746094,13.619999885559082,148.64776611328125,26.229999542236328,225.7874298095703,112.845458984375,4.477644443511963,2.309999942779541,210.0500030517578,229.2670440673828,249.64999389648438,85.18750762939453
2024-11-08,416.7520751953125,13.8100004196167,147.39967346191406,26.200000762939453,225.51914978027344,111.34297180175781,4.428974628448486,2.319999933242798,208.17999267578125,229.84898376464844,247.9600067138672,86.26947784423828
2024-11-11,412.2840881347656,14.15999984741211,145.0334014892578,25.049999237060547,222.8064727783203,108.10914611816406,4.438708305358887,2.430000066757202,206.83999633789062,232.08944702148438,242.13999938964844,85.84974670410156
2024-11-12,417.23529052734375,13.90999984741211,148.05865478515625,24.15999984741211,222.8064727783203,103.58180236816406,4.380304336547852,2.4200000762939453,208.91000366210938,232.35134887695312,240.0500030517578,84.56255340576172
2024-11-13,419.3755798339844,14.010000228881836,146.04180908203125,24.920000076293945,223.69082641601562,99.422607421875,4.341367721557617,2.440000057220459,214.10000610351562,233.90318298339844,237.6300048828125,83.76041412353516
2024-11-14,421.0424499511719,14.260000228881836,146.53102111816406,25.030000686645508,226.7711639404297,98.68629455566406,4.370570182800293,2.4000000953674316,211.47999572753906,234.59182739257812,237.00999450683594,84.24543762207031
2024-11-15,409.3152770996094,14.390000343322754,141.7584991455078,24.350000381469727,223.5716094970703,95.86042785644531,4.341367721557617,2.380000114440918,202.61000061035156,237.92831420898438,236.58999633789062,84.02159118652344
2024-11-18,410.06494140625,14.289999961853027,139.9313507080078,24.84000015258789,226.5724334716797,97.02462005615234,4.341367721557617,2.390000104904175,201.6999969482422,237.65675354003906,241.08999633789062,84.17081451416016
2024-11-19,412.06707763671875,14.329999923706055,146.78062438964844,24.200000762939453,226.8307342529297,97.24351501464844,4.039614200592041,2.3499999046325684,204.61000061035156,235.77511596679688,243.25,84.5998764038086
2024-11-20,409.798583984375,14.460000038146973,145.6623992919922,24.010000228881836,227.54620361328125,97.88031768798828,4.136953830718994,2.309999942779541,202.8800048828125,233.5346221923828,244.6199951171875,84.32937622070312
2024-11-21,408.0295715332031,14.199999809265137,146.44119262695312,24.440000534057617,227.0692596435547,102.24848175048828,4.020146369934082,2.319999933242798,198.3800048828125,237.3948516845703,246.66000366210938,84.26407623291016
2024-11-22,412.1111755371094,14.380000114440918,141.72854614257812,24.5,228.41067504882812,102.12906646728516,4.0688157081604,2.3499999046325684,197.1199951171875,241.07080078125,249.83999633789062,84.31072235107422
2024-11-25,413.88018798828125,14.920000076293945,135.80780029296875,24.8700008392334,231.39163208007812,103.95991516113281,4.098018646240234,2.569999933242798,201.4499969482422,242.7584686279297,242.47999572753906,86.49332427978516
2024-11-26,422.9722595214844,14.640000343322754,136.70639038085938,24.049999237060547,233.56771850585938,101.29325103759766,4.0688157081604,2.569999933242798,207.86000061035156,242.4480743408203,242.9499969482422,86.15754699707031
2024-11-27,418.03094482421875,14.640000343322754,135.12887573242188,23.649999618530273,233.43853759765625,97.71116638183594,4.078549861907959,2.609999895095825,205.74000549316406,242.2734832763672,243.49000549316406,86.7545166015625
2024-11-29,418.4954528808594,14.520000457763672,138.0343017578125,24.049999237060547,235.8233184814453,97.46241760253906,4.088284015655518,2.569999933242798,207.88999938964844,242.2056121826172,245.58999633789062,87.64994049072266
2024-12-02,425.92724609375,14.609999656677246,138.4137420654297,23.93000030517578,238.06895446777344,98.05943298339844,4.088284015655518,2.559999942779541,210.7100067138672,238.84002685546875,243.44000244140625,87.86055755615234
2024-12-03,426.14471435546875,14.470000267028809,140.04115295410156,22.469999313354492,241.10952758789062,99.34300994873047,4.117486000061035,2.5399999618530273,213.44000244140625,237.4530792236328,243.92999267578125,87.10240173339844
2024-12-04,432.291748046875,14.880000114440918,144.91354370117188,21.959999084472656,241.46725463867188,102.686279296875,4.05908203125,2.5799999237060547,218.16000366210938,236.07579040527344,244.6699981689453,88.03838348388672
2024-12-05,437.4307861328125,17.3799991607666,144.8436737060547,20.799999237060547,241.49705505371094,100.36788940429688,4.1953582763671875,2.5799999237060547,220.5500030517578,238.09320068359375,242.86000061035156,88.2162094116211
2024-12-06,438.3696594238281,17.399999618530273,142.22760009765625,20.920000076293945,241.29832458496094,100.6663818359375,4.1272196769714355,2.5899999141693115,227.02999877929688,239.91661071777344,242.9499969482422,88.34724426269531
2024-12-09,440.79095458984375,17.15999984741211,138.6029815673828,20.809999465942383,245.1835174560547,102.30817413330078,4.282963752746582,2.940000057220459,226.08999633789062,236.47344970703125,245.36000061035156,87.53294372558594
2024-12-10,438.1324768066406,17.489999771118164,134.8685760498047,20.15999984741211,246.197021484375,97.61166381835938,4.282963752746582,2.819999933242798,225.0399932861328,235.5520477294922,248.58999633789062,87.1211166381836
2024-12-11,443.7261047363281,17.579999923706055,139.1022491455078,20.1200008392334,244.92515563964844,101.55194854736328,4.292697906494141,2.7799999713897705,230.25999450683594,236.20188903808594,250.9600067138672,86.29744720458984
2024-12-12,444.2893981933594,17.239999771118164,137.13519287109375,20.780000686645508,246.3858184814453,97.75096893310547,4.3121657371521,2.759999990463257,228.97000122070312,234.2620391845703,247.27999877929688,85.24915313720703
2024-12-13,442.0262451171875,16.920000076293945,134.04981994628906,20.34000015258789,246.5547637939453,101.98976135253906,4.360836029052734,2.690000057220459,227.4600067138672,232.7199249267578,244.2899932861328,84.37870025634766
2024-12-16,446.295654296875,16.520000457763672,131.80313110351562,20.829999923706055,249.4462432861328,107.72108459472656,4.351101875305176,3.0899999141693115,232.92999267578125,232.3707275390625,244.8800048828125,84.63140869140625
2024-12-17,449.1319580078125,16.719999313354492,130.19554138183594,20.440000534057617,251.8707733154297,108.05939483642578,4.360836029052734,3.200000047683716,231.14999389648438,231.1874542236328,243.94000244140625,84.83732604980469
2024-12-18,432.2621154785156,16.469999313354492,128.71774291992188,19.299999237060547,246.4752655029297,103.38279724121094,4.273230075836182,3.009999990463257,220.52000427246094,223.4378662109375,239.25999450683594,83.77649688720703
2024-12-19,431.90631103515625,16.639999389648438,130.485107421875,19.059999465942383,248.20419311523438,86.6564712524414,4.3121657371521,2.9800000190734863,223.2899932861328,225.949951171875,239.60000610351562,82.50800323486328
2024-12-20,431.4813537597656,16.8799991607666,134.49911499023438,19.520000457763672,252.87435913085938,89.67138671875,4.3121657371521,3.690000057220459,224.9199981689453,230.4503173828125,242.10000610351562,82.9778060913086
2024-12-23,430.1471862792969,17.25,139.46170043945312,20.200000762939453,253.6494140625,89.27337646484375,4.331634521484375,3.7899999618530273,225.05999755859375,231.216552734375,240.9600067138672,82.21672058105469
2024-12-24,434.1793518066406,17.350000381469727,140.01087951660156,20.399999618530273,256.5608215332031,88.83557891845703,4.370570182800293,3.9600000381469727,229.0500030517578,235.01858520507812,241.44000244140625,82.56437683105469
2024-12-26,432.9736633300781,17.350000381469727,139.7213134765625,20.440000534057617,257.3756103515625,89.37288665771484,4.351101875305176,3.950000047683716,227.0500030517578,235.8236083984375,243.07000732421875,82.51739501953125
2024-12-27,425.4825134277344,17.350000381469727,136.8056640625,20.299999237060547,253.96737670898438,88.18880462646484,4.360836029052734,3.9100000858306885,223.75,233.9128875732422,241.39999389648438,81.84087371826172
2024-12-30,419.849365234375,17.6200008392334,137.2849578857422,19.81999969482422,250.59890747070312,84.99561309814453,4.302432537078857,3.8299999237060547,221.3000030517578,232.11856079101562,240.6300048828125,82.49860382080078
2024-12-31,416.55841064453125,17.43000030517578,134.08973693847656,20.049999237060547,248.83021545410156,83.84986114501953,4.3121657371521,3.7799999713897705,219.38999938964844,232.49684143066406,242.1300048828125,82.05701446533203
2025-01-02,413.6725769042969,17.0,138.10372924804688,20.219999313354492,242.30194091796875,87.0081787109375,4.341367721557617,3.819999933242798,220.22000122070312,232.77810668945312,245.4199981689453,82.2824935913086
2025-01-03,418.3866882324219,16.969999313354492,144.25454711914062,20.559999465942383,241.81503295898438,89.538818359375,4.360836029052734,3.680000066757202,224.19000244140625,235.9593963623047,243.49000549316406,82.01941680908203
2025-01-06,422.8339538574219,17.520000457763672,149.20716857910156,19.8700008392334,243.4446258544922,98.89421081542969,4.438708305358887,4.090000152587891,227.61000061035156,234.8090057373047,243.19000244140625,81.65294647216797
2025-01-07,417.418212890625,17.690000534057617,139.93099975585938,20.010000228881836,240.6723175048828,101.5344467163086,4.506846904754639,4.059999942779541,222.11000061035156,237.07080078125,244.55999755859375,80.73212432861328
2025-01-08,419.5825500488281,17.600000381469727,139.90106201171875,19.8799991607666,241.15921020507812,99.04365539550781,4.536048412322998,4.050000190734863,222.1300048828125,237.03179931640625,245.86000061035156,80.83547973632812
2025-01-10,414.0382995605469,18.3799991607666,135.7073211669922,19.149999618530273,235.34637451171875,98.97391510009766,4.3997721672058105,4.059999942779541,218.94000244140625,233.8535614013672,248.2100067138672,80.29988861083984
2025-01-13,412.2989501953125,17.600000381469727,133.0312957763672,19.200000762939453,232.9119110107422,94.70967864990234,4.351101875305176,3.940000057220459,218.4600067138672,238.08470153808594,245.74000549316406,80.27171325683594
2025-01-14,410.7967224121094,18.209999084472656,131.56350708007812,19.200000762939453,231.7990264892578,97.00121307373047,4.39003849029541,4.0,217.75999450683594,241.26295471191406,247.02999877929688,80.1401596069336
2025-01-15,421.3119812011719,18.06999969482422,136.03683471679688,19.719999313354492,236.35987854003906,102.80973815917969,4.4873785972595215,4.139999866485596,223.35000610351562,246.0205535888672,248.8800048828125,81.52140045166016
2025-01-16,419.60223388671875,18.290000915527344,133.37081909179688,19.670000076293945,226.81089782714844,102.22189331054688,4.321900367736816,4.210000038146973,220.66000366210938,247.89239501953125,250.60000610351562,81.78450012207031
2025-01-17,424.0000915527344,18.270000457763672,137.504638671875,21.489999771118164,228.51998901367188,105.36029815673828,4.39003849029541,3.990000009536743,225.94000244140625,252.65977478027344,249.27000427246094,81.9254379272461
2025-01-21,423.476318359375,18.639999389648438,140.61997985839844,21.770000457763672,221.2265625,108.97691345214844,4.4873785972595215,4.070000171661377,230.7100067138672,256.43267822265625,253.1300048828125,82.65834045410156
2025-01-22,440.96881103515625,18.65999984741211,146.85067749023438,21.860000610351562,222.4090118408203,108.82747650146484,4.4873785972595215,4.090000152587891,235.00999450683594,256.2474365234375,254.42999267578125,82.22611999511719
2025-01-23,441.47283935546875,17.030000686645508,147.00047302246094,21.56999969482422,222.24009704589844,104.45364379882812,4.565250873565674,4.170000076293945,235.4199981689453,259.2794494628906,254.07000732421875,81.58717346191406
2025-01-24,438.8539123535156,16.959999084472656,142.40731811523438,20.829999923706055,221.36569213867188,102.80973815917969,4.39003849029541,4.170000076293945,234.85000610351562,258.197265625,255.64999389648438,81.95361328125
2025-01-27,429.46527099609375,17.200000762939453,118.24339294433594,20.290000915527344,228.40072631835938,90.77424621582031,4.380304336547852,4.090000152587891,235.4199981689453,259.1819763183594,252.99000549316406,82.92141723632812
2025-01-28,441.95709228515625,17.149999618530273,128.7976531982422,19.799999237060547,236.7473907470703,87.92478942871094,4.341367721557617,4.329999923706055,238.14999389648438,260.4396057128906,255.17999267578125,82.86505889892578
2025-01-29,437.1441650390625,17.329999923706055,123.5155258178711,19.75,237.84039306640625,88.6819839477539,4.321900367736816,4.340000152587891,237.07000732421875,259.89361572265625,254.1999969482422,82.69593048095703
2025-01-30,410.124755859375,16.899999618530273,124.464111328125,20.010000228881836,236.08163452148438,92.15912628173828,4.574984073638916,4.409999847412109,234.63999938964844,261.50225830078125,258.04998779296875,83.0060043334961
2025-01-31,410.1938781738281,16.920000076293945,119.89093780517578,19.43000030517578,234.50177001953125,90.90376281738281,4.477644443511963,4.440000057220459,237.67999267578125,260.5955810546875,258.55999755859375,82.46102142333984
2025-02-03,406.10247802734375,16.700000762939453,116.48603057861328,19.3799991607666,226.56246948242188,89.588623046875,4.497112274169922,4.309999942779541,237.4199981689453,260.1178283691406,259.94000244140625,83.13243103027344
2025-02-04,407.5354309082031,16.84000015258789,118.47306060791016,19.290000915527344,231.32208251953125,90.3259048461914,4.625488758087158,4.619999885559082,242.05999755859375,261.21954345703125,262.5,83.38703918457031
2025-02-05,408.4446716308594,16.959999084472656,124.64384460449219,19.649999618530273,230.99415588378906,93.25506591796875,4.703887462615967,5.079999923706055,236.1699981689453,263.6470947265625,264.1300048828125,84.76375579833984
2025-02-06,410.9449768066406,17.059999465942383,128.4880828857422,19.3799991607666,231.73941040039062,94.19161224365234,4.694087505340576,5.159999847412109,238.8300018310547,269.9547424316406,263.42999267578125,84.72604370117188
2025-02-07,404.9461364746094,17.170000076293945,129.6463623046875,19.100000381469727,226.1848907470703,91.9598617553711,4.713686943054199,5.25,229.14999389648438,268.88238525390625,263.8999938964844,84.17912292480469
2025-02-10,407.38720703125,16.6200008392334,133.37081909179688,19.770000457763672,226.45346069335938,95.57647705078125,4.733286380767822,5.539999961853027,233.13999938964844,264.24176025390625,268.3699951171875,83.92452239990234
2025-02-11,406.61639404296875,16.40999984741211,132.60195922851562,20.969999313354492,231.3973388671875,93.73330688476562,4.80188512802124,5.269999980926514,232.75999450683594,268.0926818847656,267.3900146484375,83.38703918457031
2025-02-12,404.2444763183594,16.260000228881836,130.94444274902344,22.479999542236328,235.625,91.34214782714844,4.909682273864746,5.820000171661377,228.92999267578125,268.5411682128906,267.6700134277344,82.2554702758789
2025-02-13,405.72686767578125,15.739999771118164,135.08824157714844,24.1299991607666,240.26051330566406,95.30747985839844,4.890082359313965,5.909999847412109,230.3699951171875,269.38934326171875,270.30999755859375,83.62277221679688
2025-02-14,403.64166259765625,15.970000267028809,138.6429443359375,23.600000381469727,243.31439208984375,99.15324401855469,4.890082359313965,5.690000057220459,228.67999267578125,269.6525573730469,266.2900085449219,84.06596374511719
2025-02-18,404.8374328613281,16.079999923706055,139.19210815429688,27.389999389648438,243.18507385253906,106.39646911621094,4.890082359313965,6.070000171661377,226.64999389648438,272.9283142089844,270.70001220703125,83.07585906982422
2025-02-19,409.90728759765625,16.0,139.02236938476562,25.719999313354492,243.58297729492188,103.97541809082031,4.850883483886719,5.860000133514404,226.6300048828125,272.245849609375,270.8500061035156,83.17957305908203
2025-02-20,412.0759582519531,15.859999656677246,139.90106201171875,26.09000015258789,244.53793334960938,102.79976654052734,4.890082359313965,5.579999923706055,222.8800048828125,260.1081237792969,270.989990234375,83.49075317382812
2025-02-21,404.2331237792969,15.229999542236328,134.22952270507812,24.8700008392334,244.2593994140625,98.47576141357422,4.841084003448486,5.239999771118164,216.5800018310547,257.6123352050781,270.739990234375,84.49974060058594
2025-02-24,400.06414794921875,15.3100004196167,130.08572387695312,24.270000457763672,245.80125427246094,95.05841064453125,4.80188512802124,5.360000133514404,212.7100067138672,254.7850341796875,272.2099914550781,84.74491119384766
2025-02-25,394.0235900878906,15.130000114440918,126.44115447998047,22.989999771118164,245.74156188964844,92.87647247314453,4.890082359313965,4.909999847412109,212.8000030517578,250.94387817382812,268.6199951171875,86.20650482177734
2025-02-26,395.83575439453125,15.180000305175781,131.08421325683594,23.520000457763672,239.09666442871094,97.34992980957031,4.80188512802124,5.050000190734863,214.35000610351562,252.2990264892578,269.0299987792969,86.71571350097656
2025-02-27,388.70587158203125,14.529999732971191,119.9708251953125,23.09000015258789,236.05274963378906,91.48162841796875,4.733286380767822,4.75,208.74000549316406,252.552490234375,264.92999267578125,86.10277557373047
2025-02-28,393.1224060058594,14.350000381469727,124.73370361328125,23.729999542236328,240.5688934326172,93.28495788574219,4.703887462615967,4.710000038146973,212.27999877929688,258.01202392578125,263.2699890136719,87.15890502929688
2025-03-03,384.7052001953125,13.869999885559082,113.88990020751953,22.739999771118164,236.77891540527344,90.20635223388672,4.909682273864746,4.389999866485596,205.02000427246094,254.08309936523438,266.739990234375,87.56566619873047
2025-03-04,384.82403564453125,13.350000381469727,115.81703186035156,21.329999923706055,234.68994140625,90.86390686035156,4.782285213470459,4.420000076293945,203.8000030517578,243.97320556640625,269.05999755859375,86.48728942871094
2025-03-05,397.1131286621094,14.09000015258789,117.12507629394531,20.809999465942383,234.50096130371094,93.99234008789062,5.066478252410889,4.650000095367432,208.36000061035156,245.2211151123047,269.6199951171875,85.79676055908203
2025-03-06,393.0234375,13.25,110.40511322021484,20.75,234.09312438964844,88.94102478027344,5.056678771972656,4.409999847412109,200.6999969482422,240.35626220703125,268.25,85.51297760009766
2025-03-07,389.4783020019531,13.029999732971191,112.5219497680664,20.639999389648438,237.81346130371094,92.61742401123047,5.125277042388916,4.519999980926514,199.25,236.20310974121094,268.3900146484375,85.23866271972656
2025-03-10,376.4563903808594,12.5,106.82044982910156,19.93000030517578,226.28436279296875,86.75910186767578,5.037079334259033,4.190000057220459,194.5399932861328,226.39547729492188,266.0400085449219,86.12784576416016
2025-03-11,376.74359130859375,11.460000038146973,108.59780883789062,19.780000686645508,219.67926025390625,88.72184753417969,5.046879291534424,4.369999885559082,196.58999633789062,223.3927001953125,269.1600036621094,85.51297760009766
2025-03-12,379.53607177734375,10.930000305175781,115.57803344726562,20.68000030517578,215.8395538330078,95.28754425048828,5.095877647399902,4.369999885559082,198.88999938964844,222.1837921142578,270.3299865722656,85.0021743774414
2025-03-13,375.07989501953125,10.670000076293945,115.41825103759766,23.700000762939453,208.57791137695312,94.53035736083984,5.095877647399902,4.260000228881836,193.88999938964844,219.54177856445312,275.1300048828125,85.7494888305664
2025-03-14,384.7745361328125,10.869999885559082,121.49972534179688,24.049999237060547,212.36788940429688,100.4185791015625,5.2232747077941895,4.539999961853027,197.9499969482422,226.60992431640625,275.239990234375,85.29542541503906
2025-03-17,384.9132385253906,11.319999694824219,119.36271667480469,25.690000534057617,212.87522888183594,102.73001861572266,5.282073020935059,4.519999980926514,195.74000549316406,228.0625457763672,276.7300109863281,85.72108459472656
2025-03-18,379.7836608886719,11.069999694824219,115.26846313476562,25.920000076293945,211.5720977783203,101.34514617919922,5.3114728927612305,4.409999847412109,192.82000732421875,229.0764617919922,279.9599914550781,85.80622100830078
2025-03-19,384.0417785644531,11.479999542236328,117.35553741455078,24.1200008392334,214.1086883544922,101.68389129638672,5.252674102783203,4.46999979019165,195.5399932861328,233.1126251220703,281.1099853515625,86.25080108642578
2025-03-20,383.07135009765625,11.260000228881836,118.3641128540039,23.959999084472656,212.97470092773438,102.62042236328125,5.2232747077941895,4.420000076293945,194.9499969482422,233.01512145996094,280.75,86.30757904052734
2025-03-21,387.4482727050781,11.390000343322754,117.5352783203125,24.260000228881836,217.12277221679688,94.37094116210938,5.203675270080566,4.329999923706055,196.2100067138672,235.56942749023438,278.489990234375,85.79676055908203
2025-03-24,389.25048828125,11.829999923706055,121.24009704589844,24.219999313354492,219.56983947753906,96.582763671875,5.2232747077941895,4.440000057220459,203.25999450683594,241.83816528320312,277.25,84.91703033447266
2025-03-25,391.3102722167969,11.510000228881836,120.5210952758789,24.200000762939453,222.573974609375,93.83293151855469,5.2232747077941895,4.340000152587891,205.7100067138672,244.83116149902344,278.4700012207031,84.90757751464844
2025-03-26,386.17083740234375,11.4399995803833,113.60079956054688,23.420000076293945,220.36563110351562,91.79048919677734,5.15467643737793,4.150000095367432,201.1300048828125,244.73365783691406,278.239990234375,84.34947204589844
2025-03-27,386.77484130859375,11.140000343322754,111.27405548095703,23.6200008392334,222.67344665527344,90.82406616210938,5.095877647399902,3.9600000381469727,201.36000061035156,241.89662170410156,281.9700012207031,84.10353088378906
2025-03-28,375.1096496582031,10.699999809265137,109.51651763916016,22.709999084472656,216.7547149658203,88.11408996582031,5.105677604675293,3.9200000762939453,192.72000122070312,236.7588348388672,284.05999755859375,85.26703643798828
2025-03-31,371.7328796386719,10.550000190734863,108.22832489013672,22.709999084472656,220.9624786376953,86.68251037597656,5.16447639465332,3.7699999809265137,190.25999450683594,239.1473846435547,288.1400146484375,86.1089096069336
2025-04-01,378.4666442871094,10.300000190734863,109.99585723876953,22.049999237060547,222.01693725585938,88.4981689453125,5.23307466506958,3.7300000190734863,192.1699981689453,237.54852294921875,287.57000732421875,86.8551025390625
2025-04-02,378.4171142578125,10.59000015258789,110.26546478271484,21.979999542236328,222.7132568359375,88.388427734375,5.242874622344971,3.390000104904175,196.00999450683594,239.6543426513672,288.1600036621094,86.79814910888672
2025-04-03,369.47503662109375,9.510000228881836,101.65754699707031,22.43000030517578,202.1220245361328,74.16246795654297,4.880283355712891,3.140000104904175,178.41000366210938,222.95399475097656,286.4200134277344,87.1968765258789
2025-04-04,356.3343505859375,9.460000038146973,94.17802429199219,19.850000381469727,187.38987731933594,64.5654525756836,4.684288024902344,3.009999990463257,171.0,206.26849365234375,279.7200012207031,88.14620971679688
2025-04-07,354.3736572265625,9.710000038146973,97.50334930419922,19.56999969482422,180.50625610351562,68.20674133300781,4.586289882659912,2.9600000381469727,175.25999450683594,210.34913635253906,273.7099914550781,85.4880599975586
2025-04-08,351.1058044433594,9.069999694824219,96.16523742675781,18.1299991607666,171.5137481689453,65.38349914550781,4.556890964508057,2.869999885559082,170.66000366210938,212.73277282714844,275.20001220703125,83.87417602539062
2025-04-09,386.68572998046875,11.119999885559082,114.17000579833984,21.530000686645508,197.8048553466797,77.6840591430664,4.831284523010254,3.2899999618530273,191.10000610351562,229.86949157714844,285.3800048828125,84.36782836914062
2025-04-10,377.6347961425781,9.510000228881836,107.4194564819336,19.8799991607666,189.4191436767578,69.88272857666016,4.723487377166748,3.140000104904175,181.22000122070312,222.77740478515625,292.3500061035156,82.04195404052734
2025-04-11,384.6656494140625,9.670000076293945,110.77476501464844,19.739999771118164,197.1085205078125,69.38392639160156,4.860683441162109,3.1600000858306885,184.8699951171875,231.69400024414062,297.92999267578125,82.48812866210938
2025-04-14,384.0318603515625,9.579999923706055,110.55506896972656,20.309999465942383,201.45556640625,70.85040283203125,4.880283355712891,3.2300000190734863,182.1199951171875,230.24224853515625,296.2300109863281,83.07672882080078
2025-04-15,381.97210693359375,9.850000381469727,112.04297637939453,19.850000381469727,201.07754516601562,70.87036895751953,5.037079334259033,3.2300000190734863,179.58999633789062,228.68260192871094,297.7799987792969,83.37101745605469
2025-04-16,367.9896545410156,9.420000076293945,104.3437728881836,19.229999542236328,193.24893188476562,69.16444396972656,4.978280544281006,3.200000047683716,174.3300018310547,225.22972106933594,307.4700012207031,83.83619689941406
2025-04-17,364.197021484375,9.460000038146973,101.34796142578125,18.93000030517578,195.94467163085938,68.6357192993164,5.007680416107178,3.1700000762939453,172.61000061035156,227.534912109375,306.1199951171875,83.09571838378906
2025-04-21,355.6213684082031,9.069999694824219,96.77438354492188,18.84000015258789,192.14476013183594,66.58061981201172,4.968481063842773,3.0899999141693115,167.32000732421875,224.62155151367188,315.5899963378906,81.64323425292969
2025-04-22,363.2463684082031,9.3100004196167,98.75160217285156,19.510000228881836,198.690185546875,70.04234313964844,5.174275875091553,3.1700000762939453,173.17999267578125,231.09564208984375,311.1099853515625,82.0988998413086
2025-04-23,370.7426452636719,9.319999694824219,102.5662612915039,20.59000015258789,203.52462768554688,72.75585174560547,5.203675270080566,3.2899999618530273,180.60000610351562,236.28472900390625,303.6499938964844,82.8963394165039
2025-04-24,383.5268249511719,9.609999656677246,106.28104400634766,21.489999771118164,207.27481079101562,77.23512268066406,4.762685775756836,3.380000114440918,186.5399932861328,239.97299194335938,308.07000732421875,83.76973724365234
2025-04-25,388.03253173828125,9.75,110.85465240478516,20.049999237060547,208.18002319335938,79.58949279785156,4.890082359313965,3.380000114440918,188.99000549316406,238.90379333496094,304.7300109863281,84.38682556152344
2025-04-28,387.3492126464844,9.850000381469727,108.57784271240234,20.510000228881836,209.03550720214844,78.37240600585938,4.811684608459473,3.4000000953674316,187.6999969482422,238.580078125,309.07000732421875,84.91844940185547
2025-04-29,390.201171875,9.899999618530273,108.867431640625,20.34000015258789,210.0998992919922,76.69641876220703,4.870482921600342,3.4000000953674316,187.38999938964844,239.95338439941406,306.05999755859375,85.63043975830078
2025-04-30,391.4092712402344,9.949999809265137,108.76756286621094,20.100000381469727,211.3831024169922,76.76624298095703,4.890082359313965,3.4000000953674316,184.4199981689453,239.95338439941406,303.7699890136719,84.93743133544922
2025-05-01,421.2556457519531,10.029999732971191,111.45380401611328,19.979999542236328,212.1988067626953,77.58428955078125,4.890082359313965,3.369999885559082,190.1999969482422,242.1800994873047,297.4599914550781,84.50675964355469
2025-05-02,431.0393981933594,10.520000457763672,114.33976745605469,20.6200008392334,204.27069091796875,80.52725219726562,4.958681106567383,3.490000009536743,189.97999572753906,247.69285583496094,297.9800109863281,83.59204864501953
2025-05-05,431.92071533203125,10.65999984741211,113.66072082519531,20.270000457763672,197.84463500976562,80.22795867919922,4.95472526550293,3.5899999141693115,186.35000610351562,247.74191284179688,306.8800048828125,83.12513732910156
2025-05-06,429.088623046875,10.430000305175781,113.38111114501953,19.940000534057617,197.4666290283203,80.31775665283203,4.9745049476623535,3.609999895095825,185.00999450683594,244.49505615234375,315.4800109863281,83.4014663696289
2025-05-07,429.1282043457031,10.5600004196167,116.89617919921875,20.309999465942383,195.218505859375,82.42271423339844,5.004173755645752,3.680000066757202,188.7100067138672,244.63238525390625,310.75,83.75401306152344
2025-05-08,433.9012451171875,11.029999732971191,117.20575714111328,21.0,196.45199584960938,84.94667053222656,4.9745049476623535,3.799999952316284,192.0800018310547,248.63455200195312,304.6300048828125,82.82024383544922
2025-05-09,434.4557800292969,11.109999656677246,116.48676300048828,21.420000076293945,197.48654174804688,85.65497589111328,5.03384256362915,3.809999942779541,193.05999755859375,248.2519989013672,306.8399963378906,82.9441146850586
2025-05-12,444.88323974609375,11.670000076293945,122.82787322998047,22.18000030517578,209.95704650878906,92.06961059570312,5.1426286697387695,3.880000114440918,208.63999938964844,255.08900451660156,298.19000244140625,82.17230987548828
2025-05-13,444.764404296875,12.300000190734863,129.74815368652344,22.559999465942383,212.08859252929688,96.69854736328125,5.122849464416504,3.9200000762939453,211.3699951171875,257.9925842285156,299.4599914550781,81.83882141113281
2025-05-14,448.5273742675781,11.84000015258789,135.15060424804688,21.520000457763672,211.490966796875,95.0923843383789,5.03384256362915,3.880000114440918,210.25,260.5724182128906,293.1600036621094,81.29570007324219
2025-05-15,449.5392761230469,11.760000228881836,134.64129638671875,21.549999237060547,210.61444091796875,95.2220687866211,5.132739543914795,3.890000104904175,205.1699981689453,262.3870849609375,297.8399963378906,82.01034545898438
2025-05-16,450.67022705078125,11.859999656677246,135.21051025390625,21.65999984741211,210.42520141601562,97.76598358154297,5.132739543914795,3.940000057220459,205.58999633789062,262.45574951171875,294.239990234375,82.2294921875
2025-05-19,455.23382568359375,11.859999656677246,135.3802947998047,21.3799991607666,207.95498657226562,98.4144287109375,5.182187557220459,3.9100000858306885,206.16000366210938,259.8268737792969,298.0299987792969,81.99128723144531
2025-05-20,454.53936767578125,11.649999618530273,134.1919403076172,21.270000457763672,206.04258728027344,97.8657455444336,5.251415252685547,3.930000066757202,204.07000732421875,260.6116027832031,303.5799865722656,81.40052032470703
2025-05-21,448.9837341308594,11.239999771118164,131.61557006835938,20.690000534057617,201.2914276123047,95.61112976074219,5.2810845375061035,3.819999933242798,201.1199951171875,256.0601501464844,305.82000732421875,80.00936889648438
2025-05-22,451.25555419921875,11.399999618530273,132.6441192626953,20.549999237060547,200.56431579589844,94.60355377197266,5.300863742828369,3.869999885559082,203.10000610351562,255.69723510742188,303.1099853515625,80.42863464355469
2025-05-23,446.6126403808594,11.1899995803833,131.1062469482422,20.049999237060547,194.49838256835938,93.14704132080078,5.2810845375061035,3.759999990463257,200.99000549316406,255.73641967773438,309.75,80.56204223632812
2025-05-27,457.03936767578125,11.640000343322754,135.31036376953125,20.549999237060547,199.4188690185547,96.14985656738281,5.350311756134033,4.130000114440918,206.02000427246094,260.22906494140625,304.5,81.68637084960938
2025-05-28,453.7357177734375,11.430000305175781,134.62132263183594,20.3700008392334,199.62803649902344,95.95032501220703,5.330532550811768,4.090000152587891,204.72000122070312,258.4634094238281,303.80999755859375,81.3338394165039
2025-05-29,455.0452880859375,11.399999618530273,138.99520874023438,20.25,199.15989685058594,96.56885528564453,5.290974140167236,3.990000009536743,205.6999969482422,259.3265686035156,305.6099853515625,82.08655548095703
2025-05-30,456.7119445800781,11.40999984741211,134.94090270996094,19.549999237060547,200.0563507080078,94.23442840576172,5.162408351898193,3.9600000381469727,205.00999450683594,258.96368408203125,303.6000061035156,82.21041107177734
2025-06-02,458.3092346191406,11.380000114440918,137.187744140625,19.739999771118164,200.90298461914062,97.94554901123047,5.251415252685547,4.039999961853027,206.64999389648438,259.6110534667969,311.6700134277344,81.44532775878906
2025-06-03,459.3013000488281,11.470000267028809,141.02236938476562,20.290000915527344,202.46676635742188,102.0058364868164,5.2810845375061035,3.9700000286102295,205.7100067138672,261.1903381347656,308.9100036621094,81.30186462402344
2025-06-04,460.19415283203125,11.420000076293945,141.7213897705078,20.25,202.0185546875,103.00344848632812,5.350311756134033,4.010000228881836,207.22999572753906,259.1794738769531,310.8999938964844,82.62167358398438
2025-06-05,463.9739685058594,11.270000457763672,139.79409790039062,19.989999771118164,199.83721923828125,106.03617858886719,5.330532550811768,4.070000171661377,207.91000366210938,256.9527893066406,309.3299865722656,82.67906188964844
2025-06-06,466.6525573730469,11.779999732971191,141.5216827392578,20.059999465942383,203.11419677734375,108.30076599121094,5.350311756134033,4.130000114440918,213.57000732421875,260.6606750488281,305.17999267578125,81.62702941894531
2025-06-09,469.0038146972656,11.760000228881836,142.43040466308594,20.479999542236328,200.6539764404297,110.68505096435547,5.370091438293457,4.210000038146973,216.97999572753906,261.6513977050781,306.6199951171875,81.71310424804688
2025-06-10,467.1883239746094,11.84000015258789,143.758544921875,22.079999923706055,201.86912536621094,113.86744689941406,5.290974140167236,4.139999866485596,217.61000061035156,263.47589111328125,306.7099914550781,82.13390350341797
2025-06-11,468.8748474121094,11.0600004196167,142.64002990722656,20.68000030517578,197.9945068359375,115.7529296875,5.221746444702148,4.159999847412109,213.1999969482422,263.03448486328125,308.3699951171875,82.382568359375
2025-06-12,475.0752868652344,10.899999618530273,144.80714416503906,20.770000457763672,198.41285705566406,115.90257263183594,5.261305332183838,4.190000057220459,213.24000549316406,263.12274169921875,312.20001220703125,83.3676528930664
2025-06-13,471.1962890625,10.369999885559082,141.7811737060547,20.139999389648438,195.6737060546875,115.3239517211914,5.132739543914795,4.079999923706055,212.10000610351562,259.89556884765625,316.2900085449219,82.56427764892578
2025-06-16,475.3431701660156,10.899999618530273,144.49754333496094,20.739999771118164,197.6359405517578,119.55382537841797,5.241526126861572,4.340000152587891,216.10000610351562,265.20233154296875,311.7799987792969,81.73223876953125
2025-06-17,474.25189208984375,10.5600004196167,143.9282989501953,20.799999237060547,194.86692810058594,120.05262756347656,5.0931806564331055,4.300000190734863,214.82000732421875,264.37835693359375,311.94000244140625,82.72686767578125
2025-06-18,476.4344787597656,10.579999923706055,145.2864990234375,21.489999771118164,195.80319213867188,121.52909851074219,5.112959861755371,4.320000171661377,212.52000427246094,268.7336730957031,310.260009765625,82.87032318115234
2025-06-20,473.616943359375,10.619999885559082,143.65866088867188,21.079999923706055,200.20574951171875,123.30485534667969,5.07340145111084,4.230000019073486,209.69000244140625,269.7538146972656,310.1300048828125,82.7173080444336
2025-06-23,482.1488037109375,10.899999618530273,143.97824096679688,21.190000534057617,200.70376586914062,121.78848266601562,5.112959861755371,4.320000171661377,208.47000122070312,272.96142578125,311.0799865722656,82.98509216308594
2025-06-24,486.2261962890625,11.369999885559082,147.70326232910156,22.549999237060547,199.5084991455078,127.60456848144531,5.1426286697387695,4.329999923706055,212.77000427246094,275.8944091796875,306.19000244140625,83.58761596679688
2025-06-25,488.3691101074219,11.0600004196167,154.104736328125,22.200000762939453,200.76353454589844,126.9461441040039,5.112959861755371,4.869999885559082,211.99000549316406,278.6409912109375,307.1199951171875,83.69281768798828
2025-06-26,493.50811767578125,11.130000114440918,154.81381225585938,22.5,200.20574951171875,125.69912719726562,5.103070259094238,4.71999979019165,217.1199951171875,283.2415466308594,306.7799987792969,84.1136245727539
2025-06-27,492.0100402832031,11.279999732971191,157.54017639160156,22.690000534057617,200.28543090820312,124.46208190917969,5.112959861755371,4.539999961853027,223.3000030517578,281.6327819824219,301.2200012207031,83.57803344726562
2025-06-30,493.4683837890625,11.220000267028809,157.77984619140625,22.399999618530273,204.3592529296875,122.9556884765625,5.122849464416504,4.579999923706055,219.38999938964844,284.3793640136719,304.8299865722656,84.4005355834961
2025-07-01,488.1508483886719,11.520000457763672,153.09608459472656,22.850000381469727,206.998779296875,120.601318359375,5.172297954559326,4.340000152587891,220.4600067138672,284.869873046875,307.54998779296875,84.60980224609375
2025-07-02,487.1984558105469,11.630000114440918,157.0408477783203,21.8799991607666,211.6005401611328,121.44929504394531,5.1426286697387695,4.230000019073486,219.9199981689453,286.4295349121094,309.25,84.07223510742188
2025-07-03,494.8870544433594,11.6899995803833,159.1280517578125,22.489999771118164,212.70616149902344,121.99797821044922,5.132739543914795,4.349999904632568,223.41000366210938,291.75201416015625,307.1400146484375,83.4866714477539
2025-07-07,493.77593994140625,11.59000015258789,158.02951049804688,22.0,209.120361328125,119.74625396728516,5.07340145111084,4.309999942779541,223.47000122070312,287.77984619140625,307.3699951171875,82.68990325927734
2025-07-08,492.68463134765625,11.579999923706055,159.78717041015625,23.59000015258789,209.1801300048828,124.2397232055664,5.0931806564331055,4.210000038146973,219.36000061035156,278.72174072265625,304.1600036621094,82.58432006835938
2025-07-09,499.5200500488281,11.479999542236328,162.66334533691406,23.440000534057617,210.30567932128906,122.0628890991211,5.043732166290283,4.130000114440918,222.5399932861328,279.0962829589844,305.5199890136719,83.4482650756836
2025-07-10,497.5061340332031,12.9399995803833,163.88172912597656,23.81999969482422,211.5706329345703,122.93162536621094,5.004173755645752,4.110000133514404,222.25999450683594,284.0541076660156,306.20001220703125,83.50585174560547
2025-07-11,499.3315734863281,12.220000267028809,164.7006378173828,23.43000030517578,210.3256072998047,124.34957122802734,4.925056457519531,4.03000020980835,225.02000427246094,282.7431640625,309.1400146484375,82.35391998291016
2025-07-14,499.0339050292969,12.380000114440918,163.85177612304688,23.299999237060547,207.79562377929688,118.43814849853516,4.826159477233887,4.03000020980835,225.69000244140625,284.5567932128906,308.010009765625,82.18114471435547
2025-07-15,501.811767578125,12.170000076293945,170.4729461669922,22.920000076293945,208.28369140625,119.93597412109375,4.697593688964844,4.070000171661377,226.35000610351562,282.4376220703125,306.7300109863281,81.60518646240234
2025-07-16,501.6133117675781,12.270000457763672,171.14205932617188,22.690000534057617,209.32955932617188,116.26129913330078,4.697593688964844,4.039999961853027,223.19000244140625,281.7181091308594,308.260009765625,81.7203598022461
2025-07-17,507.6451416015625,12.449999809265137,172.76988220214844,22.799999237060547,209.1901092529297,113.09590148925781,4.7272629737854,4.010000228881836,223.8800048828125,285.73956298828125,307.5899963378906,81.70116424560547
2025-07-18,506.0082092285156,12.510000228881836,172.18067932128906,23.100000381469727,210.3455047607422,114.22425842285156,4.697593688964844,3.9100000858306885,226.1300048828125,287.08990478515625,308.3900146484375,81.82596588134766
2025-07-21,506.0181579589844,12.319999694824219,171.15203857421875,23.260000228881836,211.64036560058594,113.0659408569336,4.697593688964844,3.880000114440918,229.3000030517578,286.794189453125,313.1300048828125,82.5555191040039
2025-07-22,501.2660827636719,12.5,166.8078155517578,23.239999771118164,213.55279541015625,109.06175231933594,4.410793304443359,3.9600000381469727,227.47000122070312,287.2475891113281,316.1000061035156,83.0546875
2025-07-23,501.8613586425781,12.680000305175781,170.5528564453125,23.489999771118164,213.30377197265625,109.67086791992188,4.4701313972473145,4.099999904632568,228.2899932861328,292.5011291503906,312.17999267578125,82.59391021728516
2025-07-24,506.8316650390625,11.460000038146973,173.50892639160156,22.6299991607666,212.91531372070312,111.568115234375,4.292117595672607,3.9600000381469727,232.22999572753906,292.29412841796875,310.2699890136719,82.4499282836914
2025-07-25,509.6392517089844,11.5,173.26922607421875,20.700000762939453,213.0348358154297,111.09880065917969,4.282227516174316,3.9100000858306885,231.44000244140625,294.33441162109375,307.3999938964844,82.96829986572266
2025-07-28,508.4388122558594,11.579999923706055,176.51490783691406,20.68000030517578,213.20419311523438,111.08881378173828,4.213000297546387,3.8299999237060547,232.7899932861328,293.9992980957031,305.4100036621094,82.43072509765625
2025-07-29,508.50823974609375,11.420000076293945,175.2765350341797,20.40999984741211,210.43516540527344,111.79777526855469,4.179999828338623,3.75,231.00999450683594,292.7771301269531,306.25,83.82263946533203
2025-07-30,509.1729431152344,11.510000228881836,179.03155517578125,20.34000015258789,208.2239227294922,114.5737533569336,4.110000133514404,3.740000009536743,230.19000244140625,295.3299255371094,300.9599914550781,83.39068603515625
2025-07-31,529.2723999023438,11.489999771118164,177.63340759277344,19.799999237060547,206.74978637695312,108.98186492919922,4.079999923706055,3.690000057220459,234.11000061035156,291.9885559082031,302.9599914550781,83.43866729736328
2025-08-01,519.956787109375,11.029999732971191,173.4889373779297,19.309999465942383,201.58030700683594,104.72803497314453,4.050000190734863,3.609999895095825,214.75,285.2171936035156,309.1099853515625,84.62488555908203
2025-08-04,531.3954467773438,11.270000457763672,179.7605743408203,19.5,202.5464630126953,107.61385345458984,4.090000152587891,3.7699999809265137,211.64999389648438,290.0369873046875,310.9100036621094,84.85614776611328
2025-08-05,523.5679321289062,11.640000343322754,178.02288818359375,20.190000534057617,202.11814880371094,108.9019775390625,4.090000152587891,3.740000009536743,213.75,287.1884460449219,311.1600036621094,85.11631774902344
2025-08-06,520.7802124023438,11.739999771118164,179.1813507080078,20.40999984741211,212.40733337402344,108.62238311767578,4.119999885559082,3.7100000381469727,222.30999755859375,287.16876220703125,310.5,84.62488555908203
2025-08-07,516.7127075195312,11.729999542236328,180.52957153320312,19.770000457763672,219.16053771972656,111.70791625976562,4.110000133514404,3.6600000858306885,223.1300048828125,282.8220520019531,313.1199951171875,84.4803466796875
2025-08-08,517.9031982421875,11.619999885559082,182.4569854736328,19.950000762939453,228.44374084472656,118.71773529052734,4.099999904632568,3.609999895095825,222.69000244140625,284.61590576171875,313.04998779296875,84.11417388916016
2025-08-11,517.6353759765625,11.579999923706055,181.81784057617188,20.649999618530273,226.5391082763672,123.5407485961914,4.099999904632568,3.5799999237060547,221.3000030517578,285.4044189453125,308.54998779296875,84.21053314208984
2025-08-12,525.046142578125,12.979999542236328,182.9163818359375,21.809999465942383,229.0021209716797,127.56490325927734,4.139999866485596,3.6700000762939453,221.47000122070312,288.6472473144531,308.2699890136719,83.78654479980469
2025-08-13,516.454833984375,13.109999656677246,181.3484649658203,22.219999313354492,232.6717529296875,124.08993530273438,4.190000057220459,3.7699999809265137,224.55999755859375,286.36053466796875,309.2099914550781,84.4803466796875
2025-08-14,518.3397216796875,12.819999694824219,181.77789306640625,23.860000610351562,232.12330627441406,125.10845947265625,4.130000114440918,3.690000057220459,230.97999572753906,289.9384460449219,307.25,83.85398864746094
2025-08-15,516.0480346679688,13.170000076293945,180.20997619628906,24.559999465942383,230.9366455078125,120.69486999511719,4.199999809265137,3.6600000858306885,231.02999877929688,286.3210754394531,307.42999267578125,83.25655364990234
2025-08-18,513.0023803710938,13.170000076293945,181.7678985595703,23.65999984741211,230.23861694335938,123.3709945678711,4.25,3.75,231.49000549316406,287.3461608886719,306.95001220703125,83.01564025878906
2025-08-19,505.73040771484375,13.220000267028809,175.40638732910156,25.309999465942383,229.90956115722656,121.87316131591797,4.210000038146973,3.6600000858306885,228.00999450683594,286.4886779785156,305.2699890136719,83.4974594116211
2025-08-20,501.7125549316406,12.800000190734863,175.1667022705078,23.540000915527344,225.3723907470703,117.04017639160156,4.239999771118164,3.6500000953674316,223.80999755859375,288.04595947265625,308.3599853515625,83.68053436279297
2025-08-21,501.0666198730469,12.569999694824219,174.7472381591797,23.5,224.26551818847656,115.62223052978516,4.239999771118164,3.6500000953674316,221.9499969482422,287.28704833984375,307.2900085449219,83.26618194580078
2025-08-22,504.037841796875,13.550000190734863,177.7532501220703,24.799999237060547,227.11746215820312,117.50949096679688,4.309999942779541,3.759999990463257,228.83999633789062,291.9885559082031,310.5799865722656,83.88290405273438
2025-08-25,501.0865173339844,13.0,179.57083129882812,24.549999237060547,226.5191650390625,116.2513198852539,4.340000152587891,3.75,227.94000244140625,290.6678161621094,309.8299865722656,83.6419906616211
2025-08-26,498.8804626464844,13.149999618530273,181.52822875976562,24.350000381469727,228.6630859375,116.33120727539062,4.289999961853027,3.809999942779541,228.7100067138672,294.2851257324219,312.0799865722656,83.59381103515625
2025-08-27,503.5509033203125,13.130000114440918,181.35845947265625,24.850000381469727,229.8397674560547,117.57939910888672,4.320000171661377,3.8499999046325684,229.1199951171875,294.9849548339844,312.7099914550781,83.4974594116211
2025-08-28,506.4326477050781,13.25,179.9303436279297,24.93000030517578,231.9039306640625,121.82323455810547,4.289999961853027,3.8299999237060547,231.60000610351562,296.749267578125,315.0299987792969,84.04672241210938
2025-08-29,503.501220703125,13.369999885559082,173.94830322265625,24.350000381469727,231.485107421875,118.83757019042969,4.300000190734863,3.8299999237060547,229.0,297.09423828125,318.07000732421875,83.44926452636719
2025-09-02,501.9410705566406,13.390000343322754,170.5528564453125,24.209999084472656,229.0719451904297,118.30834197998047,4.230000019073486,3.7799999713897705,225.33999633789062,295.3989562988281,325.5899963378906,82.8282699584961
2025-09-03,502.16961669921875,13.4399995803833,170.39305114746094,24.0,237.79725646972656,118.54798126220703,4.380000114440918,3.7699999809265137,225.99000549316406,295.2116394042969,328.1400146484375,83.73751831054688
2025-09-04,504.7731628417969,12.859999656677246,171.43167114257812,24.610000610351562,239.1035614013672,124.03003692626953,4.599999904632568,3.799999952316284,235.67999267578125,299.4598083496094,326.69000244140625,84.37592315673828
2025-09-05,491.8847961425781,13.079999923706055,166.7978515625,24.489999771118164,239.0137939453125,131.1796417236328,4.550000190734863,3.880000114440918,232.3300018310547,290.1552734375,331.04998779296875,85.66241455078125
2025-09-08,495.0646667480469,12.949999809265137,168.0861358642578,24.479999542236328,237.2089080810547,131.26953125,4.590000152587891,3.859999895095825,235.83999633789062,288.70635986328125,334.82000732421875,86.80379486083984
2025-09-09,495.2733154296875,12.760000228881836,170.53286743164062,24.440000534057617,233.68887329101562,135.04405212402344,4.590000152587891,3.75,238.24000549316406,293.5754699707031,334.05999755859375,86.31048583984375
2025-09-10,497.2209777832031,12.819999694824219,177.09413146972656,24.770000457763672,226.1501922607422,139.79714965820312,4.570000171661377,3.7799999713897705,230.3300018310547,296.22686767578125,335.260009765625,86.80379486083984
2025-09-11,497.8569641113281,12.949999809265137,176.94430541992188,24.610000610351562,229.3810577392578,150.3518524169922,4.619999885559082,3.869999885559082,229.9499969482422,301.1748352050781,334.760009765625,87.38417053222656
2025-09-12,506.6910095214844,12.90999984741211,177.593505859375,24.079999923706055,233.40968322753906,157.002197265625,4.510000228881836,3.9000000953674316,228.14999389648438,302.5054626464844,335.4200134277344,87.0069351196289
2025-09-15,512.1166381835938,12.529999732971191,177.52357482910156,24.770000457763672,236.0322265625,157.5414276123047,4.550000190734863,3.9700000286102295,231.42999267578125,304.46685791015625,338.9100036621094,87.21005249023438
2025-09-16,505.83642578125,12.40999984741211,174.65724182128906,25.270000457763672,237.4781494140625,158.58990478515625,4.610000133514404,4.0,234.0500030517578,304.7527160644531,339.5899963378906,87.39383697509766
2025-09-17,506.81024169921875,12.479999542236328,170.0730743408203,24.899999618530273,238.3157958984375,159.75820922851562,4.699999809265137,4.010000228881836,231.6199951171875,307.2759704589844,336.9700012207031,87.17137908935547
2025-09-18,505.2501220703125,12.579999923706055,176.01551818847656,30.56999969482422,237.2089080810547,168.64529418945312,4.760000228881836,4.199999809265137,231.22999572753906,308.7347412109375,335.6199951171875,86.27179718017578
2025-09-19,514.6704711914062,12.449999809265137,176.4449462890625,29.579999923706055,244.8074188232422,162.49420166015625,4.739999771118164,4.210000038146973,231.47999572753906,310.26251220703125,339.17999267578125,86.10736083984375
2025-09-22,511.21240234375,12.329999923706055,183.37612915039062,28.760000228881836,255.35755920410156,164.3814697265625,4.769999980926514,4.400000095367432,227.6300048828125,307.95611572265625,345.04998779296875,85.79782104492188
2025-09-23,506.0252380371094,12.1899995803833,178.2027130126953,29.34000015258789,253.71221923828125,166.16888427734375,4.849999904632568,4.269999980926514,220.7100067138672,308.25177001953125,346.4599914550781,86.39754486083984
2025-09-24,506.9394226074219,11.9399995803833,176.74456787109375,31.219999313354492,251.59820556640625,161.47569274902344,4.739999771118164,4.269999980926514,220.2100067138672,308.92205810546875,343.32000732421875,86.06866455078125
2025-09-25,503.8390808105469,11.390000343322754,177.4636688232422,33.9900016784668,256.14532470703125,156.602783203125,4.679999828338623,4.650000095367432,218.14999389648438,308.95159912109375,344.75,86.06866455078125
2025-09-26,508.2411804199219,11.3100004196167,177.96302795410156,35.5,254.73931884765625,157.04212951660156,4.659999847412109,4.960000038146973,219.77999877929688,311.52410888671875,346.739990234375,85.99128723144531
2025-09-29,511.3614196777344,11.380000114440918,181.6183624267578,34.47999954223633,253.71221923828125,163.66250610351562,4.699999809265137,5.0,222.1699981689453,311.1594543457031,352.4599914550781,86.69740295410156
2025-09-30,514.6903686523438,11.239999771118164,186.3423309326172,33.54999923706055,253.9116668701172,167.07757568359375,4.809999942779541,4.880000114440918,219.57000732421875,310.9031677246094,355.4700012207031,86.4458999633789
2025-10-01,516.4392700195312,11.270000457763672,187.0015106201172,35.939998626708984,254.72933959960938,181.8860626220703,4.820000171661377,4.789999961853027,220.6300048828125,306.25091552734375,356.0299987792969,86.66915893554688
2025-10-02,512.4942626953125,11.430000305175781,188.64939880371094,37.29999923706055,256.40460205078125,183.48374938964844,4.880000114440918,4.75,222.41000366210938,303.13623046875,354.7900085449219,86.92151641845703
2025-10-03,514.0940551757812,11.579999923706055,187.38099670410156,36.83000183105469,257.2920837402344,187.67530822753906,4.900000095367432,4.5,219.50999450683594,305.5806884765625,357.6400146484375,86.75651550292969
2025-10-06,525.2435302734375,11.829999923706055,185.3036651611328,36.59000015258789,255.9658660888672,190.802734375,4.949999809265137,4.800000190734863,220.89999389648438,306.22442626953125,364.3800048828125,86.0673599243164
2025-10-07,520.682373046875,11.65999984741211,184.80429077148438,37.16999816894531,255.75643920898438,185.53707885742188,5.070000171661377,4.650000095367432,221.77999877929688,304.74871826171875,366.260009765625,86.5623779296875
2025-10-08,521.5469360351562,11.8100004196167,188.86911010742188,37.43000030517578,257.33197021484375,196.3781280517578,5.170000076293945,4.760000228881836,225.22000122070312,301.1236572265625,372.29998779296875,86.63032531738281
2025-10-09,519.1123657226562,11.619999885559082,192.32470703125,37.79999923706055,253.32330322265625,192.17160034179688,5.179999828338623,4.849999904632568,227.74000549316406,302.6093444824219,365.42999267578125,86.5623779296875
2025-10-10,507.74432373046875,11.520000457763672,182.92669677734375,36.369998931884766,244.57806396484375,181.450439453125,5.320000171661377,4.480000019073486,216.3699951171875,298.0137023925781,369.1199951171875,87.96012115478516
2025-10-13,510.8149108886719,11.739999771118164,188.08013916015625,37.220001220703125,246.96133422851562,192.61123657226562,5.25,4.550000190734863,220.07000732421875,305.0260314941406,378.0899963378906,87.91159057617188
2025-10-14,510.337890625,12.1899995803833,179.80067443847656,35.630001068115234,247.07101440429688,186.9059295654297,5.46999979019165,4.46999979019165,216.38999938964844,299.19232177734375,380.7900085449219,88.19307708740234
2025-10-15,510.1988220214844,12.5,179.60093688964844,37.150001525878906,248.63656616210938,191.78192138671875,5.650000095367432,4.519999980926514,215.57000732421875,302.767822265625,387.3900146484375,87.99894714355469
2025-10-16,508.3902282714844,11.890000343322754,181.57839965820312,36.84000015258789,246.7519073486328,202.3632049560547,5.679999828338623,4.519999980926514,214.47000122070312,295.6861572265625,396.45001220703125,88.65898895263672
2025-10-17,510.3478698730469,11.859999656677246,182.9866180419922,37.0099983215332,251.5782470703125,202.2133331298828,5.739999771118164,4.489999771118164,213.0399932861328,294.7155456542969,388.989990234375,88.52310180664062
2025-10-20,513.5376586914062,12.170000076293945,182.4073486328125,38.099998474121094,261.50018310546875,206.59971618652344,5.710000038146973,4.579999923706055,216.47999572753906,299.4696350097656,403.1499938964844,88.8628158569336
2025-10-21,514.4021606445312,12.350000381469727,180.9292449951172,38.119998931884766,262.0286865234375,202.12338256835938,5.579999923706055,4.639999866485596,222.02999877929688,294.25,377.239990234375,89.29959869384766
2025-10-22,517.2639770507812,12.09000015258789,180.05035400390625,36.91999816894531,257.72088623046875,198.30654907226562,5.550000190734863,4.510000228881836,217.9499969482422,291.29852294921875,377.2799987792969,89.35784149169922
2025-10-23,517.283935546875,12.770000457763672,181.92796325683594,38.15999984741211,258.84765625,206.53976440429688,6.170000076293945,4.610000133514404,221.08999633789062,291.72442626953125,378.7900085449219,88.74634552001953
2025-10-24,520.3147583007812,13.779999732971191,186.02273559570312,38.279998779296875,262.07855224609375,218.83963012695312,6.300000190734863,4.78000020980835,224.2100067138672,297.5679931640625,377.5199890136719,88.78517150878906
2025-10-27,528.1749877929688,13.40999984741211,191.24609375,39.540000915527344,268.0516662597656,219.91873168945312,6.360000133514404,4.800000190734863,226.97000122070312,301.2425231933594,367.010009765625,89.08606719970703
2025-10-28,538.6585083007812,12.710000038146973,200.77392578125,41.529998779296875,268.2411193847656,221.7272491455078,7.769999980926514,4.840000152587891,229.25,302.44097900390625,364.3800048828125,89.31901550292969
2025-10-29,538.1417846679688,12.970000267028809,206.77627563476562,41.34000015258789,268.93914794921875,226.443359375,7.329999923706055,4.829999923706055,230.3000030517578,302.5895690917969,363.0,88.41632080078125
2025-10-30,522.4512329101562,12.779999732971191,202.63156127929688,40.15999984741211,270.63433837890625,223.8255157470703,7.130000114440918,4.769999980926514,222.86000061035156,306.4819641113281,370.1300048828125,87.9018783569336
2025-10-31,514.5512084960938,13.130000114440918,202.23207092285156,39.9900016784668,269.6072692871094,223.58570861816406,6.909999847412109,4.880000114440918,244.22000122070312,308.1459045410156,368.1199951171875,87.63980102539062
2025-11-03,513.776123046875,13.34000015258789,206.61648559570312,39.5,268.29095458984375,234.5067138671875,7.150000095367432,4.800000190734863,254.0,306.3928527832031,368.7799987792969,87.42062377929688
2025-11-04,511.0931091308594,12.649999618530273,198.43690490722656,37.029998779296875,269.2781982421875,217.85043334960938,6.809999942779541,4.670000076293945,249.32000732421875,306.2937927246094,362.32000732421875,87.61544036865234
2025-11-05,503.96826171875,13.420000076293945,194.9613494873047,38.380001068115234,269.3779296875,237.30441284179688,6.849999904632568,4.75,250.1999969482422,308.7005615234375,366.510009765625,86.66077423095703
2025-11-06,493.9715576171875,13.149999618530273,187.84043884277344,37.2400016784668,269.0089416503906,238.13372802734375,6.909999847412109,4.619999885559082,243.0399932861328,310.4239501953125,366.07000732421875,87.44010162353516
2025-11-07,493.6933288574219,13.649999618530273,187.91030883789062,38.130001068115234,267.7126159667969,237.7240447998047,6.840000152587891,4.559999942779541,244.41000366210938,311.20635986328125,368.30999755859375,87.2550048828125
2025-11-10,502.8155822753906,13.3100004196167,198.7964630126953,38.45000076293945,268.93035888671875,253.0913848876953,6.96999979019165,4.630000114440918,248.39999389648438,313.86077880859375,378.3800048828125,87.23552703857422
2025-11-11,505.4786682128906,12.989999771118164,192.91395568847656,37.880001068115234,274.73956298828125,240.9114227294922,6.900000095367432,4.559999942779541,249.10000610351562,312.6029052734375,379.8699951171875,87.63493347167969
2025-11-12,507.9231872558594,13.460000038146973,193.55313110351562,37.88999938964844,272.9628601074219,244.69830322265625,7.019999980926514,4.489999771118164,244.1999969482422,317.34710693359375,385.989990234375,87.79080963134766
2025-11-13,500.12261962890625,13.069999694824219,186.62197875976562,35.90999984741211,272.44384765625,236.75485229492188,6.78000020980835,4.349999904632568,237.5800018310547,306.5216064453125,382.8699951171875,87.06993103027344
2025-11-14,506.96923828125,12.760000228881836,189.92774963378906,35.52000045776367,271.9048156738281,246.62672424316406,6.730000019073486,4.309999942779541,234.69000244140625,300.70770263671875,375.9599914550781,86.5730972290039
2025-11-17,504.2961730957031,12.34000015258789,186.36231994628906,34.709999084472656,266.9639892578125,241.750732421875,6.659999847412109,4.159999847412109,232.8699951171875,297.4986572265625,371.6499938964844,86.78742218017578
2025-11-18,490.6824035644531,12.359999656677246,181.12899780273438,34.33000183105469,266.9440612792969,228.3118133544922,6.639999866485596,4.300000190734863,222.5500030517578,296.5478515625,374.3500061035156,86.75818634033203
2025-11-19,484.05438232421875,12.329999923706055,186.28240966796875,35.11000061035156,268.06195068359375,225.7339324951172,6.03000020980835,4.21999979019165,222.69000244140625,300.3709411621094,374.9599914550781,86.58283996582031
2025-11-20,476.3088684082031,12.239999771118164,180.40989685058594,33.619998931884766,265.7562561035156,201.20416259765625,5.869999885559082,4.130000114440918,217.13999938964844,295.5277099609375,374.8500061035156,86.92379760742188
2025-11-21,470.0268249511719,12.869999885559082,178.6521453857422,34.5,270.98651123046875,207.19921875,5.940000057220459,4.170000076293945,220.69000244140625,295.1711120605469,374.2699890136719,87.18682098388672
2025-11-24,471.8985290527344,13.100000381469727,182.31747436523438,35.790000915527344,275.4083251953125,223.74557495117188,6.090000152587891,4.150000095367432,226.27999877929688,295.1513366699219,380.20001220703125,87.68363952636719
2025-11-25,474.8752136230469,13.460000038146973,177.593505859375,35.83000183105469,276.4563903808594,224.3450927734375,6.059999942779541,4.0,229.6699981689453,300.103515625,380.0799865722656,87.90770721435547
2025-11-26,483.3475036621094,13.930000305175781,180.03036499023438,36.810001373291016,277.0352783203125,230.0703582763672,6.079999923706055,4.070000171661377,229.16000366210938,304.6991882324219,383.1199951171875,88.29735565185547
2025-11-28,489.82867431640625,14.050000190734863,176.7745361328125,40.560001373291016,278.3328857421875,236.28524780273438,6.079999923706055,4.079999923706055,233.22000122070312,310.0871887207031,387.8800048828125,87.87846374511719
2025-12-01,484.5820007324219,13.960000038146973,179.69081115722656,40.0099983215332,282.57501220703125,240.261962890625,6.119999885559082,3.9800000190734863,233.8800048828125,305.96697998046875,389.75,86.78450775146484
2025-12-02,487.82757568359375,14.239999771118164,181.22886657714844,43.470001220703125,285.6592712402344,239.2927703857422,6.190000057220459,4.059999942779541,234.4199981689453,304.9368896484375,387.239990234375,86.82360076904297
2025-12-03,475.6119689941406,14.5600004196167,179.3612518310547,43.7599983215332,283.623046875,233.9671630859375,6.260000228881836,4.179999828338623,232.3800048828125,309.1462707519531,386.8800048828125,87.06800079345703
2025-12-04,478.7081604003906,14.34000015258789,183.15660095214844,40.5,280.179443359375,226.4633331298828,6.159999847412109,4.25,229.11000061035156,313.07830810546875,387.1300048828125,86.5987548828125
2025-12-05,481.01788330078125,14.8100004196167,182.1877899169922,41.40999984741211,278.26300048828125,237.02462768554688,6.070000171661377,4.320000171661377,229.52999877929688,312.0284729003906,386.44000244140625,86.19792175292969
2025-12-08,488.8430480957031,14.859999656677246,185.323974609375,40.29999923706055,277.3746643066406,246.71664428710938,6.150000095367432,4.409999847412109,226.88999938964844,312.1968078613281,385.4200134277344,85.9144058227539
2025-12-09,489.8385925292969,15.029999732971191,184.7446746826172,40.5,276.66595458984375,252.2121124267578,6.179999828338623,4.409999847412109,227.9199981689453,297.6373596191406,387.3999938964844,86.00238800048828
2025-12-10,476.4382629394531,15.140000343322754,183.55612182617188,40.779998779296875,278.26300048828125,263.4927978515625,6.21999979019165,4.380000114440918,231.77999877929688,307.1455383300781,389.04998779296875,86.33478546142578
2025-12-11,481.3265075683594,14.960000038146973,180.70957946777344,39.5099983215332,277.514404296875,258.24713134765625,6.360000133514404,4.349999904632568,230.27999877929688,314.3460693359375,393.239990234375,86.21746826171875
2025-12-12,476.4084167480469,14.960000038146973,174.80679321289062,37.810001373291016,277.7639465332031,240.94140625,6.269999980926514,4.28000020980835,226.19000244140625,315.47515869140625,395.44000244140625,85.386474609375
2025-12-15,472.7148742675781,15.329999923706055,176.07522583007812,37.5099983215332,273.6016540527344,237.30441284179688,6.199999809265137,4.25,222.5399932861328,316.9608459472656,395.79998779296875,85.44514465332031
2025-12-16,474.2779235839844,15.989999771118164,177.5034942626953,37.310001373291016,274.1007385253906,232.31851196289062,6.289999961853027,4.389999866485596,222.55999755859375,312.5335388183594,395.8900146484375,85.9144058227539
2025-12-17,474.00909423828125,15.510000228881836,170.73175048828125,36.04999923706055,271.33587646484375,225.3342742919922,6.21999979019165,4.260000228881836,221.27000427246094,311.9690246582031,399.2900085449219,85.8362045288086
2025-12-18,481.8342590332031,15.609999656677246,173.9278564453125,36.279998779296875,271.68524169921875,248.34530639648438,6.380000114440918,4.329999923706055,226.75999450683594,310.0079345703125,398.57000732421875,86.24679565429688
2025-12-19,483.7656555175781,15.779999732971191,180.76953125,36.81999969482422,273.1625061035156,265.70098876953125,6.5,3.7699999809265137,227.35000610351562,314.17767333984375,399.0199890136719,85.92489624023438
2025-12-22,482.7701110839844,16.260000228881836,183.4662322998047,36.369998931884766,270.4674987792969,276.3622131347656,6.539999961853027,3.950000047683716,228.42999267578125,320.00146484375,408.2300109863281,85.73841857910156
2025-12-23,484.6915588378906,15.600000381469727,188.97952270507812,36.349998474121094,271.85491943359375,276.0424499511719,6.53000020980835,4.0,232.13999938964844,322.8143310546875,413.6400146484375,85.87581634521484
2025-12-24,485.8563232421875,15.680000305175781,188.38023376464844,36.15999984741211,273.3022155761719,286.44390869140625,6.590000152587891,3.990000009536743,232.3800048828125,326.02337646484375,411.92999267578125,86.39598083496094
2025-12-26,485.5477294921875,15.4399995803833,190.2978973388672,36.20000076293945,272.8929748535156,284.55548095703125,6.619999885559082,3.9700000286102295,232.52000427246094,324.7754211425781,416.739990234375,86.11136627197266
2025-12-29,484.9404296875,15.140000343322754,187.99070739746094,36.68000030517578,273.2523498535156,294.24639892578125,6.579999923706055,3.880000114440918,232.07000732421875,320.6551818847656,398.6000061035156,86.43523406982422
2025-12-30,485.3187561035156,15.329999923706055,187.31153869628906,37.29999923706055,272.5735778808594,292.5071105957031,6.510000228881836,3.7899999618530273,232.52999877929688,320.3283386230469,398.8900146484375,86.22913360595703
2025-12-31,481.4758605957031,15.329999923706055,186.27279663085938,36.900001525878906,271.3558349609375,285.2901611328125,6.46999979019165,3.7899999618530273,230.82000732421875,319.1398010253906,396.30999755859375,85.5421371459961
2026-01-02,470.84320068359375,15.479999542236328,188.6199493408203,39.380001068115234,270.5074157714844,315.2875671386719,6.510000228881836,3.799999952316284,226.5,322.36865234375,398.2799987792969,85.41453552246094
2026-01-05,470.75360107421875,15.829999923706055,187.89083862304688,39.369998931884766,266.7643737792969,312.0189208984375,6.5,3.880000114440918,233.05999755859375,330.8468322753906,408.760009765625,85.83656311035156
2026-01-06,476.3885192871094,15.670000076293945,187.0119171142578,40.040000915527344,261.8734436035156,343.2857666015625,6.46999979019165,3.9200000762939453,240.92999267578125,332.90625,413.17999267578125,85.65990447998047
2026-01-07,481.3265075683594,15.989999771118164,188.87962341308594,42.630001068115234,259.8471984863281,339.40740966796875,6.789999961853027,3.890000104904175,241.55999755859375,325.3250732421875,409.2300109863281,86.16043853759766
2026-01-08,475.9902648925781,15.729999542236328,184.8145751953125,41.11000061035156,258.55963134765625,326.8826599121094,6.489999771118164,3.859999895095825,246.2899932861328,328.11083984375,411.489990234375,85.72859954833984
2026-01-09,477.15509033203125,15.989999771118164,184.63479614257812,45.54999923706055,258.8890075683594,344.9450988769531,6.480000019073486,3.8399999141693115,247.3800048828125,327.5138854980469,414.4700012207031,86.29783630371094
2026-01-12,475.06439208984375,16.0,184.71470642089844,44.060001373291016,259.76739501953125,345.7247619628906,6.579999923706055,4.0,246.47000122070312,322.8377990722656,422.2300109863281,86.04266357421875
2026-01-13,468.5832824707031,15.350000381469727,185.58364868164062,47.290000915527344,260.5658874511719,337.9880065917969,6.519999980926514,3.930000066757202,242.60000610351562,309.3169860839844,421.6300048828125,86.18987274169922
2026-01-14,457.3433532714844,15.140000343322754,182.91690063476562,48.720001220703125,259.4779052734375,333.21002197265625,6.360000133514404,3.869999885559082,236.64999389648438,306.30242919921875,425.94000244140625,86.69041442871094
2026-01-15,454.6354064941406,15.710000038146973,186.82212829589844,48.31999969482422,257.73114013671875,336.4886474609375,6.610000133514404,3.9200000762939453,238.17999267578125,307.68536376953125,423.3299865722656,86.6707763671875
2026-01-16,457.8211975097656,15.369999885559082,186.0031280517578,46.959999084472656,255.05613708496094,362.5976867675781,6.550000190734863,3.880000114440918,239.1199951171875,310.8789978027344,421.2900085449219,86.17025756835938
2026-01-20,452.5048522949219,14.789999961853027,177.85308837890625,48.560001373291016,246.2425079345703,364.84674072265625,6.409999847412109,3.8299999237060547,231.0,301.19854736328125,437.2300109863281,85.0416030883789
2026-01-21,442.1409912109375,15.149999618530273,183.09669494628906,54.25,247.1907501220703,388.94659423828125,6.440000057220459,3.799999952316284,231.30999755859375,300.50213623046875,443.6000061035156,85.68933868408203
2026-01-22,449.1398620605469,15.020000457763672,184.6148223876953,54.31999969482422,247.8894500732422,397.41302490234375,6.5,3.819999933242798,234.33999633789062,302.0840148925781,451.7900085449219,86.06229400634766
2026-01-23,463.8841857910156,14.670000076293945,187.44137573242188,45.06999969482422,247.58001708984375,399.482177734375,6.769999980926514,3.819999933242798,239.16000366210938,296.2041015625,458.0,86.29783630371094
2026-01-26,468.1949768066406,14.569999694824219,186.2428436279297,42.4900016784668,254.9363555908203,388.9266052246094,6.909999847412109,3.809999942779541,238.4199981689453,299.5072021484375,464.70001220703125,86.71004486083984
2026-01-27,478.4493408203125,13.550000190734863,188.29034423828125,43.93000030517578,257.791015625,410.0677185058594,6.940000057220459,3.799999952316284,244.67999267578125,298.7809143066406,476.1000061035156,86.17025756835938
2026-01-28,479.4946594238281,13.4399995803833,191.28668212890625,48.779998779296875,255.96446228027344,435.09722900390625,6.820000171661377,3.75,243.00999450683594,299.2385559082031,494.55999755859375,85.97396087646484
2026-01-29,431.57806396484375,13.510000228881836,192.27548217773438,48.65999984741211,257.801025390625,435.6070251464844,6.289999961853027,3.6600000858306885,241.72999572753906,304.8598327636719,495.8999938964844,85.99359893798828
2026-01-30,428.3822937011719,13.300000190734863,190.8971710205078,46.470001220703125,258.9988098144531,414.7057800292969,6.429999828338623,3.569999933242798,239.3000030517578,304.33251953125,444.95001220703125,85.51268005371094
2026-02-02,421.49298095703125,13.6899995803833,185.38388061523438,48.810001373291016,269.5093078613281,437.61614990234375,6.659999847412109,3.559999942779541,242.9600067138672,306.5710754394531,427.1300048828125,85.26836395263672
2026-02-03,409.3868713378906,14.010000228881836,180.12030029296875,49.25,268.98028564453125,419.2638854980469,6.690000057220459,3.390000104904175,238.6199951171875,313.24688720703125,454.2900085449219,85.47525024414062
2026-02-04,412.35369873046875,14.430000305175781,173.97781372070312,48.599998474121094,275.97723388671875,379.2406921386719,6.800000190734863,3.4600000381469727,232.99000549316406,315.654541015625,453.9700012207031,85.25850677490234
2026-02-05,391.9246520996094,14.15999984741211,171.67062377929688,48.2400016784668,275.3983459472656,382.729248046875,6.860000133514404,3.390000104904175,222.69000244140625,308.5807800292969,441.8800048828125,86.18458557128906
2026-02-06,399.3615417480469,15.239999771118164,185.18414306640625,50.59000015258789,277.6042175292969,394.5242614746094,7.070000171661377,3.4600000381469727,210.32000732421875,320.7584533691406,455.4599914550781,86.24369812011719
2026-02-09,411.76629638671875,14.989999771118164,189.80848693847656,50.2400016784668,274.3672180175781,383.3389587402344,7.179999828338623,3.4700000286102295,208.72000122070312,320.4599914550781,467.0299987792969,86.22399139404297
2026-02-10,411.437744140625,15.100000381469727,188.31031799316406,47.130001068115234,273.4280700683594,373.09326171875,7.079999923706055,3.5199999809265137,206.9600067138672,316.659423828125,462.3999938964844,87.21903991699219
2026-02-11,402.5771789550781,14.350000381469727,189.81849670410156,48.290000915527344,275.24639892578125,410.1676940917969,7.340000152587891,3.490000009536743,204.0800018310547,309.2374267578125,467.6300048828125,86.75599670410156
2026-02-12,400.05841064453125,14.050000190734863,186.7122802734375,46.47999954223633,261.4891052246094,413.7961730957031,6.96999979019165,3.4100000858306885,199.60000610351562,301.09906005859375,451.3900146484375,87.90868377685547
2026-02-13,399.5407409667969,13.880000114440918,182.58729553222656,46.790000915527344,255.5445556640625,411.4871520996094,7.03000020980835,3.4600000381469727,198.7899932861328,301.0094909667969,462.6199951171875,88.39141845703125
2026-02-17,395.1004943847656,14.399999618530273,184.7446746826172,46.18000030517578,263.6371154785156,399.61212158203125,7.300000190734863,3.4200000762939453,201.14999389648438,305.5661926269531,448.20001220703125,88.53919982910156
2026-02-18,397.8283386230469,14.100000381469727,187.75099182128906,45.459999084472656,264.106689453125,420.77325439453125,7.429999828338623,3.430000066757202,204.7899932861328,307.2077941894531,458.2799987792969,88.20423126220703
2026-02-19,397.5988464355469,13.350000381469727,187.6710968017578,44.619998931884766,260.3401184082031,417.17474365234375,7.599999904632568,3.430000066757202,204.86000061035156,306.48150634765625,459.55999755859375,88.29289245605469
2026-02-20,396.37152099609375,13.59000015258789,189.58877563476562,44.11000061035156,264.3364562988281,427.9902038574219,7.769999980926514,3.450000047683716,210.11000061035156,309.20758056640625,468.6199951171875,88.08601379394531
2026-02-23,383.6390686035156,12.930000305175781,191.316650390625,43.630001068115234,265.9349670410156,420.7932434082031,7.570000171661377,3.319999933242798,205.27000427246094,296.1543884277344,481.2799987792969,88.41112518310547
2026-02-24,388.1593017578125,13.149999618530273,192.61508178710938,46.119998931884766,271.8895263671875,417.83447265625,7.489999771118164,3.380000114440918,208.55999755859375,295.7862243652344,474.6099853515625,88.56875610351562
2026-02-25,399.7342224121094,13.319999694824219,195.32176208496094,46.880001068115234,273.97760009765625,428.8198547363281,7.570000171661377,3.4200000762939453,210.63999938964844,301.75567626953125,473.4200134277344,88.57859802246094
2026-02-26,400.851806640625,13.9399995803833,184.66476440429688,45.459999084472656,272.6987609863281,415.385498046875,7.5,3.509999990463257,207.9199981689453,304.5712890625,477.4800109863281,88.93326568603516
2026-02-27,391.8912048339844,13.069999694824219,176.97415161132812,45.61000061035156,263.93682861328125,412.19683837890625,7.71999979019165,3.390000104904175,210.0,298.7709655761719,483.75,89.47512817382812
2026-03-02,397.6886291503906,12.520000457763672,182.25770568847656,45.5,264.476318359375,412.4967346191406,8.260000228881836,3.4000000953674316,208.38999938964844,296.044921875,490.0,88.57660675048828
2026-03-03,403.0570068359375,12.460000038146973,179.83065795898438,43.099998474121094,263.5072326660156,379.52056884765625,8.069999694824219,3.4100000858306885,208.72999572753906,298.7311706542969,468.1400146484375,88.39868927001953
2026-03-04,404.32427978515625,12.460000038146973,182.8170166015625,45.58000183105469,262.2783508300781,400.6016845703125,8.149999618530273,3.4800000190734863,216.82000732421875,297.8656311035156,471.79998779296875,88.12191772460938
2026-03-05,409.79241943359375,11.789999961853027,183.11663818359375,45.95000076293945,260.0504150390625,396.8832702636719,7.849999904632568,3.549999952316284,218.94000244140625,292.0553283691406,466.1300048828125,87.76606750488281
2026-03-06,408.0761413574219,11.180000305175781,177.6033935546875,43.41999816894531,257.2229919433594,370.1445007324219,7.739999771118164,3.440000057220459,213.2100067138672,288.0060729980469,473.510009765625,87.43987274169922
2026-03-09,408.5251770019531,11.4399995803833,182.427490234375,45.58000183105469,259.6407775878906,389.1565246582031,7.889999866485596,3.4800000190734863,213.49000549316406,288.44384765625,472.5299987792969,88.20100402832031
2026-03-10,404.8830871582031,11.109999656677246,184.54490661621094,46.779998779296875,260.58990478515625,402.9407043457031,7.800000190734863,3.450000047683716,214.3300018310547,287.2598876953125,477.8599853515625,87.2619400024414
2026-03-11,404.0049743652344,11.039999961853027,185.8134307861328,47.97999954223633,260.5699157714844,418.5141906738281,7.900000095367432,3.5,212.64999389648438,286.0560302734375,476.239990234375,86.13510131835938
2026-03-12,400.9914855957031,10.550000190734863,182.9268035888672,45.25,255.52456665039062,405.1797790527344,8.140000343322754,3.4200000762939453,209.52999877929688,281.44964599609375,466.8800048828125,85.96705627441406
2026-03-13,394.69512939453125,10.300000190734863,180.0401611328125,45.77000045776367,249.8897705078125,425.9510803222656,8.239999771118164,3.3399999141693115,207.6699981689453,281.996826171875,460.8399963378906,85.5420150756836
2026-03-16,399.08563232421875,10.489999771118164,183.0067138671875,45.7599983215332,252.58729553222656,441.6144714355469,8.649999618530273,3.299999952316284,211.74000549316406,284.7029724121094,460.42999267578125,86.20428466796875
2026-03-17,398.5467834472656,10.859999656677246,181.71820068359375,44.060001373291016,253.99598693847656,461.4961242675781,8.550000190734863,3.3299999237060547,215.1999969482422,285.42926025390625,459.2699890136719,86.44152069091797
2026-03-18,390.9432678222656,10.800000190734863,180.1899871826172,45.029998779296875,249.70994567871094,461.5361328125,8.359999656677246,3.299999952316284,209.8699951171875,286.27490234375,444.739990234375,85.95716857910156
2026-03-19,388.1792297363281,10.800000190734863,178.3521270751953,46.18000030517578,248.73085021972656,444.08343505859375,8.300000190734863,3.299999952316284,208.75999450683594,286.5037536621094,426.4100036621094,86.4810562133789
2026-03-20,381.0447082519531,10.430000305175781,172.4989471435547,43.869998931884766,247.76173400878906,422.722412109375,7.980000019073486,3.2200000286102295,205.3699951171875,285.1009216308594,413.3800048828125,84.84020233154297
2026-03-23,382.1722717285156,10.8100004196167,175.43553161621094,44.0099983215332,251.25851440429688,404.1802062988281,8.0600004196167,3.319999933242798,210.13999938964844,288.4338684082031,404.0400085449219,85.39373779296875
2026-03-24,371.9344177246094,10.710000038146973,174.99603271484375,44.060001373291016,251.4083709716797,395.3639221191406,8.25,3.2300000190734863,207.24000549316406,290.91119384765625,404.1300048828125,85.01812744140625
2026-03-25,370.2381286621094,10.739999771118164,178.47198486328125,47.18000030517578,252.38746643066406,381.9295654296875,8.40999984741211,3.2899999618530273,211.7100067138672,293.91583251953125,416.2900085449219,85.83855438232422
2026-03-26,365.1790771484375,10.710000038146973,171.04066467285156,44.099998474121094,252.6572265625,355.31072998046875,8.279999732971191,3.25,207.5399932861328,290.1749572753906,400.6400146484375,85.11697387695312
2026-03-27,355.9989318847656,10.300000190734863,167.32498168945312,43.130001068115234,248.57098388671875,357.07000732421875,7.980000019073486,3.1600000858306885,199.33999633789062,281.3998718261719,414.70001220703125,84.65238952636719
2026-03-30,358.1842041015625,10.180000305175781,164.97772216796875,41.189998626708984,246.40298461914062,321.79998779296875,7.960000038146973,3.1500000953674316,200.9499969482422,282.32513427734375,414.5799865722656,85.77925109863281
2026-03-31,369.3699951171875,10.739999771118164,174.1969757080078,44.130001068115234,253.55638122558594,337.8399963378906,8.039999961853027,3.240000009536743,208.27000427246094,292.6622314453125,430.2900085449219,85.6902847290039
2026-04-01,368.57171630859375,11.130000114440918,175.54541015625,48.029998779296875,255.3946990966797,367.8500061035156,8.270000457763672,3.359999895095825,210.57000732421875,293.87603759765625,437.82000732421875,85.6059341430664
2026-04-02,372.6528625488281,10.84000015258789,177.18348693847656,50.380001068115234,255.68443298339844,366.239990234375,8.819999694824219,3.4600000381469727,209.77000427246094,293.1000061035156,429.4100036621094,86.13191223144531
2026-04-06,372.0741271972656,10.899999618530273,177.43319702148438,50.779998779296875,258.6217041015625,377.760009765625,8.890000343322754,3.549999952316284,212.7899932861328,295.45001220703125,427.6499938964844,85.99297332763672
2026-04-07,371.48541259765625,10.8100004196167,177.89266967773438,52.90999984741211,253.26666259765625,377.5799865722656,8.850000381469727,3.4800000190734863,213.77000427246094,297.3999938964844,431.80999755859375,85.98304748535156
2026-04-08,373.52099609375,11.40999984741211,181.8680419921875,58.95000076293945,258.66168212890625,406.7300109863281,9.4399995803833,3.5299999713897705,221.25,307.9700012207031,434.5299987792969,86.26092529296875
2026-04-09,372.26373291015625,11.369999885559082,183.69590759277344,61.720001220703125,260.2502136230469,421.510009765625,9.550000190734863,3.819999933242798,233.64999389648438,310.3299865722656,437.9100036621094,86.04258728027344
2026-04-10,370.0684814453125,11.319999694824219,188.41041564941406,62.380001068115234,260.240234375,420.5899963378906,9.460000038146973,3.8399999141693115,238.3800048828125,309.8699951171875,437.1300048828125,85.83418273925781
2026-04-13,383.539306640625,11.229999542236328,189.08961486816406,65.18000030517578,258.96142578125,426.55999755859375,10.369999885559082,3.869999885559082,239.88999938964844,313.67999267578125,435.3599853515625,86.09220886230469
2026-04-14,392.2604064941406,12.130000114440918,196.28123474121094,63.810001373291016,258.59173583984375,465.6600036621094,10.350000381469727,3.9700000286102295,249.02000427246094,311.1199951171875,445.0899963378906,86.54872131347656
2026-04-15,410.3312683105469,12.170000076293945,198.63848876953125,64.94000244140625,266.18475341796875,456.2300109863281,9.989999771118164,4.110000133514404,248.5,305.92999267578125,440.4599914550781,86.1716079711914
2026-04-16,419.35174560546875,12.270000457763672,198.1190948486328,68.5,263.15753173828125,457.2300109863281,10.289999961853027,4.690000057220459,249.6999969482422,309.95001220703125,440.0799865722656,85.62577819824219
2026-04-17,421.87628173828125,12.779999732971191,201.44520568847656,68.5,269.98126220703125,455.07000732421875,10.3100004196167,4.860000133514404,250.55999755859375,310.2900085449219,445.92999267578125,86.4097900390625
2026-04-20,417.1664733886719,12.239999771118164,201.82476806640625,65.69999694824219,272.79864501953125,448.4200134277344,10.600000381469727,5.5,248.27999877929688,316.989990234375,442.0899963378906,86.38993835449219
2026-04-21,423.2433166503906,11.770000457763672,199.64732360839844,66.26000213623047,265.9250183105469,449.3800048828125,10.399999618530273,5.610000133514404,249.91000366210938,313.0,429.57000732421875,85.91358184814453
2026-04-22,431.984375,11.5,202.26426696777344,65.2699966430664,272.9185791015625,487.4800109863281,9.859999656677246,5.429999828338623,255.36000061035156,313.0199890136719,435.260009765625,86.08228302001953
2026-04-23,414.8514709472656,11.779999732971191,199.4075927734375,66.77999877929688,273.1783142089844,481.7200012207031,10.329999923706055,5.269999980926514,255.0800018310547,311.69000244140625,431.0400085449219,85.89373016357422
2026-04-24,423.7023010253906,12.100000381469727,208.0275421142578,82.54000091552734,270.81048583984375,496.7200012207031,10.460000038146973,5.090000152587891,263.989990234375,308.2799987792969,433.25,86.05252075195312
2026-04-27,423.9018859863281,11.680000305175781,216.3578338623047,84.98999786376953,267.3636474609375,524.5599975585938,10.760000228881836,5.320000171661377,261.1199951171875,311.6300048828125,429.8900146484375,85.62577819824219
2026-04-28,428.3222961425781,11.640000343322754,212.92184448242188,84.5199966430664,270.4608154296875,504.2900085449219,11.300000190734863,5.139999866485596,259.70001220703125,311.45001220703125,421.9100036621094,85.71509552001953
2026-04-29,423.5426330566406,11.3100004196167,209.00640869140625,94.75,269.92132568359375,518.4600219726562,12.460000038146973,5.380000114440918,263.0400085449219,309.25,417.4100036621094,85.0501708984375
2026-04-30,406.8987121582031,11.710000038146973,199.33767700195312,94.4800033569336,271.1002502441406,517.1599731445312,12.90999984741211,5.400000095367432,265.05999755859375,313.2300109863281,423.6600036621094,84.97077941894531
2026-05-01,413.5443115234375,11.84000015258789,198.21897888183594,99.62000274658203,279.88214111328125,542.2100219726562,13.300000190734863,5.420000076293945,268.260009765625,312.4700012207031,423.17999267578125,85.27458953857422
2026-05-04,412.72607421875,11.8100004196167,198.24893188476562,95.77999877929688,276.5751647949219,576.4500122070312,13.140000343322754,5.579999923706055,272.04998779296875,307.6499938964844,414.7099914550781,84.62712860107422
2026-05-05,410.4909362792969,12.369999885559082,196.271240234375,108.1500015258789,283.9184265136719,640.2000122070312,13.420000076293945,5.599999904632568,273.54998779296875,309.3999938964844,418.2699890136719,85.09529113769531
2026-05-06,413.0653381347656,12.9399995803833,207.5880584716797,113.01000213623047,287.245361328125,666.5900268554688,13.1899995803833,5.989999771118164,274.989990234375,314.8999938964844,430.9599914550781,85.74274444580078
2026-05-07,419.8606262207031,13.180000305175781,211.2537841796875,109.62000274658203,287.1754150390625,646.6300048828125,12.350000381469727,6.099999904632568,271.1700134277344,306.2699890136719,431.67999267578125,85.3144302368164
2026-05-08,414.22283935546875,13.350000381469727,214.94947814941406,124.91999816894531,293.0500183105469,746.8099975585938,12.819999694824219,6.369999885559082,272.67999267578125,302.1000061035156,433.7699890136719,85.74274444580078
2026-05-11,411.7681579589844,12.789999961853027,219.18453979492188,129.44000244140625,292.67999267578125,795.3300170898438,13.920000076293945,6.21999979019165,268.989990234375,300.0,434.6499938964844,85.22477722167969
2026-05-12,406.8887023925781,12.6899995803833,220.52297973632812,120.61000061035156,294.79998779296875,766.5800170898438,13.170000076293945,6.21999979019165,265.82000732421875,304.8800048828125,432.92999267578125,84.65701293945312
2026-05-13,404.3342590332031,12.710000038146973,225.56710815429688,120.29000091552734,298.8699951171875,803.6300048828125,14.710000038146973,6.099999904632568,270.1300048828125,300.25,430.5,84.46776580810547
2026-05-14,408.5451354980469,12.699999809265137,235.465576171875,115.93000030517578,298.2099914550781,776.010009765625,14.460000038146973,6.179999828338623,267.2200012207031,299.9100036621094,427.2099914550781,84.58728790283203
2026-05-15,421.0081481933594,12.3100004196167,225.05770874023438,108.7699966430664,300.2300109863281,724.6599731445312,13.949999809265137,6.190000057220459,264.1400146484375,297.80999755859375,417.2900085449219,83.33222961425781
2026-05-18,422.6246643066406,12.359999656677246,222.0612030029297,108.16999816894531,297.8399963378906,681.5399780273438,13.739999771118164,6.380000114440918,264.8599853515625,300.7300109863281,418.42999267578125,83.23261260986328
2026-05-19,416.51788330078125,12.0600004196167,220.35317993164062,110.80000305175781,298.9700012207031,698.739990234375,13.670000076293945,6.210000038146973,259.3399963378906,295.70001220703125,411.5,82.69473266601562
2026-05-20,420.1499938964844,12.949999809265137,223.20985412597656,118.95999908447266,302.25,731.989990234375,13.619999885559082,6.199999809265137,265.010009765625,301.9800109863281,417.3999938964844,83.58125305175781
2026-05-21,419.0899963378906,13.59000015258789,219.25445556640625,118.5,304.989990234375,762.0999755859375,14.180000305175781,6.650000095367432,268.4599914550781,303.0,416.989990234375,83.89002990722656
2026-05-22,418.57000732421875,13.850000381469727,215.07933044433594,119.83999633789062,308.82000732421875,751.0,15.470000267028809,7.909999847412109,266.32000732421875,306.3800048828125,413.82000732421875,84.34822845458984
2026-05-26,416.0299987792969,14.850000381469727,214.60987854003906,123.5199966430664,308.3299865722656,895.8800048828125,16.459999084472656,8.420000076293945,265.2900085449219,306.739990234375,414.0,84.7665786743164
2026-05-27,412.6700134277344,14.920000076293945,212.35250854492188,121.7699966430664,310.8500061035156,928.4099731445312,15.680000305175781,8.670000076293945,271.8500061035156,299.2799987792969,408.489990234375,84.96580505371094
2026-05-28,426.989990234375,14.649999618530273,214.00057983398438,120.88999938964844,312.510009765625,923.52001953125,15.279999732971191,8.779999732971191,274.0,296.7300109863281,412.7699890136719,85.4040756225586
2026-05-29,450.239990234375,14.640000343322754,210.8942108154297,114.68000030517578,312.05999755859375,971.0,14.84000015258789,9.0,270.6400146484375,299.30999755859375,417.1199951171875,85.42400360107422
2026-06-01,460.5199890136719,14.34000015258789,224.09881591796875,109.33000183105469,306.30999755859375,1035.5,16.25,9.720000267028809,261.260009765625,296.5799865722656,411.260009765625,85.47000122070312
2026-06-02,441.30999755859375,13.930000305175781,222.56060791015625,107.93000030517578,315.20001220703125,1064.0999755859375,16.850000381469727,10.319999694824219,256.5199890136719,300.9599914550781,411.95001220703125,85.6500015258789
2026-06-03,427.3399963378906,13.569999694824219,214.5,112.70999908447266,310.260009765625,1079.5699462890625,16.729999542236328,10.180000305175781,250.02000427246094,300.8500061035156,407.8699951171875,85.30999755859375
2026-06-04,428.04998779296875,13.300000190734863,218.66000366210938,111.77999877929688,311.2300109863281,996.0,16.6200008392334,10.34000015258789,253.7899932861328,310.8900146484375,411.2699890136719,85.5
2026-06-05,416.6700134277344,13.5,205.10000610351562,99.16999816894531,307.3399963378906,864.010009765625,14.380000114440918,9.40999984741211,246.02999877929688,312.3699951171875,396.239990234375,85.05999755859375
2026-06-08,411.739990234375,13.600000381469727,208.63999938964844,110.2699966430664,301.5400085449219,949.280029296875,14.59000015258789,9.289999961853027,245.22000122070312,311.1099853515625,397.2699890136719,84.62000274658203
2026-06-09,403.4100036621094,14.09000015258789,208.19000244140625,107.91999816894531,290.54998779296875,935.8900146484375,13.850000381469727,8.84000015258789,244.19000244140625,312.70001220703125,390.7799987792969,85.12000274658203
2026-06-10,397.3599853515625,13.420000076293945,200.4199981689453,107.04000091552734,291.5799865722656,891.8800048828125,13.399999618530273,8.819999694824219,238.0,309.1400146484375,374.5799865722656,84.87999725341797
2026-06-11,390.3399963378906,14.649999618530273,204.8699951171875,116.95999908447266,295.6300048828125,995.8699951171875,14.09000015258789,9.289999961853027,241.50999450683594,313.489990234375,386.32000732421875,85.9800033569336
2026-06-12,390.739990234375,14.979999542236328,205.19000244140625,124.56999969482422,291.1300048828125,981.6099853515625,14.800000190734863,9.1899995803833,238.5500030517578,320.7200012207031,386.5400085449219,85.7699966430664
2026-06-15,399.760009765625,15.460000038146973,212.4499969482422,127.86000061035156,296.4200134277344,1087.989990234375,14.819999694824219,9.239999771118164,246.02000427246094,319.3999938964844,396.54998779296875,85.72000122070312
2026-06-16,393.8299865722656,15.710000038146973,207.41000366210938,117.05000305175781,299.239990234375,1020.760009765625,13.979999542236328,9.170000076293945,246.0,331.1400146484375,397.6300048828125,86.19000244140625
2026-06-17,378.9100036621094,15.420000076293945,204.64999389648438,121.0999984741211,295.95001220703125,1043.18994140625,13.829999923706055,8.829999923706055,237.5,333.4599914550781,388.6000061035156,86.33000183105469
2026-06-18,379.3999938964844,15.989999771118164,210.69000244140625,133.99000549316406,298.010009765625,1133.989990234375,13.489999771118164,8.380000114440918,244.38999938964844,325.2200012207031,387.1199951171875,86.75
2026-06-22,367.3399963378906,16.079999923706055,208.64999389648438,140.94000244140625,297.010009765625,1211.3800048828125,14.430000305175781,8.789999961853027,232.7899932861328,331.4800109863281,384.5899963378906,86.08999633789062
2026-06-23,373.94000244140625,16.139999389648438,200.0399932861328,132.27999877929688,294.29998779296875,1051.77001953125,13.699999809265137,8.819999694824219,234.11000061035156,334.1400146484375,377.32000732421875,86.19999694824219
2026-06-24,365.4599914550781,17.440000534057617,199.0,131.64999389648438,293.0799865722656,1048.510009765625,13.8100004196167,8.619999885559082,234.27000427246094,333.45001220703125,365.9200134277344,87.37999725341797
2026-06-25,352.8299865722656,17.56999969482422,195.74000549316406,132.8699951171875,275.1499938964844,1213.56005859375,13.979999542236328,10.34000015258789,227.00999450683594,335.1199951171875,369.4599914550781,87.3499984741211
